ACCIDENT_NO,ACCIDENT_DATE,ACCIDENT_TIME,ACCIDENT_TYPE,ACCIDENT_TYPE_DESC,DAY_OF_WEEK,DAY_WEEK_DESC,DCA_CODE,DCA_DESC,LIGHT_CONDITION,NODE_ID,NO_OF_VEHICLES,NO_PERSONS_KILLED,NO_PERSONS_INJ_2,NO_PERSONS_INJ_3,NO_PERSONS_NOT_INJ,NO_PERSONS,POLICE_ATTEND,ROAD_GEOMETRY,ROAD_GEOMETRY_DESC,SEVERITY,SPEED_ZONE,RMA, LAT, LONG, DATE, COUNCIL
T20120025487,2012-10-15,15:40:00,1,Collision with vehicle,2,Monday,130,REAR END(VEHICLES IN SAME LANE),1,255618,2,0,0,2,2,4,2,2,T intersection,3,60,Local Road,144.276107,-36.767489,20121015,BENDIGO
T20120023579,2012-10-18,17:30:00,4,Collision with a fixed object,5,Thursday,171,LEFT OFF CARRIAGEWAY INTO OBJECT/PARKED VEHICLE,1,255717,2,0,1,0,1,2,1,2,T intersection,2,70,Local Road,144.344048,-36.930093,20121018,BENDIGO
T20120023689,2012-10-20,12:46:00,1,Collision with vehicle,7,Saturday,132,RIGHT REAR.,1,172151,2,0,1,0,2,3,1,5,Not at intersection,2,60,Local Road,144.291561,-36.77054,20121020,BENDIGO
T20120023758,2012-10-21,11:05:00,5,collision with some other object,1,Sunday,191,LOAD OR MISSILE STRUCK VEHICLE,1,255546,2,0,1,0,1,2,1,5,Not at intersection,2,100,Arterial Highway,144.699167,-36.79322,20121021,BENDIGO
T20120024295,2012-10-22,15:50:00,1,Collision with vehicle,2,Monday,130,REAR END(VEHICLES IN SAME LANE),1,255924,2,0,0,2,1,3,1,5,Not at intersection,3,60,Arterial Other,144.249412,-36.774561,20121022,BENDIGO
T20120024073,2012-10-24,13:45:00,2,Struck Pedestrian,4,Wednesday,102,FAR SIDE. PED HIT BY VEHICLE FROM THE LEFT,1,256434,1,0,0,1,1,2,1,5,Not at intersection,3,50,Local Road,144.282892,-36.759229,20121024,BENDIGO
T20150011554,2012-10-24,13:10:00,1,Collision with vehicle,4,Wednesday,110,CROSS TRAFFIC(INTERSECTIONS ONLY),1,51703,2,0,0,1,1,2,1,1,Cross intersection,3,60,Arterial Other,144.253813,-36.780686,20121024,BENDIGO
T20120024608,2012-10-24,17:25:00,1,Collision with vehicle,4,Wednesday,110,CROSS TRAFFIC(INTERSECTIONS ONLY),1,19446,2,0,0,1,1,2,1,1,Cross intersection,3,100,Arterial Highway,144.158783,-36.809684,20121024,BENDIGO
T20120025016,2012-10-25,18:15:00,1,Collision with vehicle,5,Thursday,133,LANE SIDE SWIPE (VEHICLES IN PARALLEL LANES),1,256091,2,0,0,1,1,2,2,5,Not at intersection,3,60,Arterial Other,144.28085,-36.75173,20121025,BENDIGO
T20120024312,2012-10-28,10:40:00,1,Collision with vehicle,1,Sunday,130,REAR END(VEHICLES IN SAME LANE),1,255921,2,0,0,1,3,4,1,5,Not at intersection,3,60,Arterial Highway,144.261781,-36.75479,20121028,BENDIGO
T20120024427,2012-10-29,16:05:00,3,Struck animal,2,Monday,167,STRUCK ANIMAL,1,255954,1,0,0,1,0,1,1,5,Not at intersection,3,100,Arterial Other,144.690867,-36.919665,20121029,BENDIGO
T20120026171,2012-10-30,15:30:00,1,Collision with vehicle,3,Tuesday,130,REAR END(VEHICLES IN SAME LANE),1,255719,2,0,0,1,1,2,2,5,Not at intersection,3,70,Arterial Highway,144.31086,-36.759225,20121030,BENDIGO
T20120024509,2012-10-30,15:30:00,1,Collision with vehicle,3,Tuesday,110,CROSS TRAFFIC(INTERSECTIONS ONLY),1,49316,2,0,0,1,1,2,1,1,Cross intersection,3,60,Arterial Other,144.283699,-36.752597,20121030,BENDIGO
T20120024684,2012-11-01,19:40:00,4,Collision with a fixed object,5,Thursday,173,RIGHT OFF CARRIAGEWAY INTO OBJECT/PARKED VEHICLE,2,354708,1,0,1,0,0,1,1,5,Not at intersection,2,100,Local Road,144.533189,-36.629274,20121101,BENDIGO
T20120024640,2012-11-01,09:00:00,1,Collision with vehicle,5,Thursday,130,REAR END(VEHICLES IN SAME LANE),1,256390,2,0,0,1,1,2,1,5,Not at intersection,3,70,Arterial Highway,144.240356,-36.810229,20121101,BENDIGO
T20120024839,2012-11-03,01:45:00,4,Collision with a fixed object,7,Saturday,171,LEFT OFF CARRIAGEWAY INTO OBJECT/PARKED VEHICLE,3,256530,1,0,0,2,0,2,1,2,T intersection,3,50,Local Road,144.232402,-36.787998,20121103,BENDIGO
T20120024894,2012-11-04,16:15:00,1,Collision with vehicle,1,Sunday,121,RIGHT THROUGH,1,19417,2,0,0,1,3,4,1,1,Cross intersection,3,60,Arterial Other,144.266885,-36.735703,20121104,BENDIGO
T20130008739,2012-11-08,17:00:00,1,Collision with vehicle,5,Thursday,132,RIGHT REAR.,1,51754,2,0,0,1,3,4,2,1,Cross intersection,3,60,Arterial Highway,144.703154,-36.916842,20121108,BENDIGO
T20120026275,2012-11-08,15:00:00,1,Collision with vehicle,5,Thursday,130,REAR END(VEHICLES IN SAME LANE),1,257425,2,0,0,1,1,2,2,2,T intersection,3,50,Local Road,144.26565,-36.742134,20121108,BENDIGO
T20120025278,2012-11-10,13:00:00,1,Collision with vehicle,7,Saturday,130,REAR END(VEHICLES IN SAME LANE),1,50483,4,0,0,5,7,12,1,5,Not at intersection,3,70,Arterial Highway,144.242235,-36.802957,20121110,BENDIGO
T20120025456,2012-11-12,08:30:00,1,Collision with vehicle,1,Monday,137,LEFT TURN SIDESWIPE,1,51633,2,0,0,1,1,2,2,1,Cross intersection,3,60,Arterial Highway,144.272129,-36.762069,20121112,BENDIGO
T20120025437,2012-11-12,17:25:00,1,Collision with vehicle,2,Monday,130,REAR END(VEHICLES IN SAME LANE),1,256103,2,0,0,2,0,2,1,5,Not at intersection,3,60,Arterial Highway,144.298083,-36.740262,20121112,BENDIGO
T20120025403,2012-11-12,12:07:00,1,Collision with vehicle,2,Monday,139,OTHER SAME DIRECTION-MANOUEVRES NOT INCLUDED IN DCAs 130-137,1,256647,2,0,0,1,2,3,2,5,Not at intersection,3,60,Arterial Highway,144.283998,-36.755718,20121112,BENDIGO
T20120025511,2012-11-13,14:15:00,1,Collision with vehicle,3,Tuesday,113,RIGHT NEAR (INTERSECTIONS ONLY),1,44780,2,0,0,1,1,2,1,1,Cross intersection,3,60,Arterial Highway,144.700797,-36.914763,20121113,BENDIGO
T20120025611,2012-11-14,17:14:00,1,Collision with vehicle,4,Wednesday,130,REAR END(VEHICLES IN SAME LANE),1,51521,4,0,0,3,3,6,1,1,Cross intersection,3,60,Arterial Highway,144.309004,-36.726132,20121114,BENDIGO
T20120025677,2012-11-15,13:30:00,1,Collision with vehicle,5,Thursday,130,REAR END(VEHICLES IN SAME LANE),1,51720,2,0,0,1,1,2,2,1,Cross intersection,3,60,Local Road,144.235831,-36.790972,20121115,BENDIGO
T20130009933,2012-11-16,08:30:00,1,Collision with vehicle,6,Friday,134,LANE CHANGE RIGHT (NOT OVERTAKING),1,261028,2,0,0,1,3,4,2,5,Not at intersection,3,60,Arterial Other,144.272623,-36.764947,20121116,BENDIGO
T20120025806,2012-11-16,16:45:00,4,Collision with a fixed object,6,Friday,171,LEFT OFF CARRIAGEWAY INTO OBJECT/PARKED VEHICLE,1,258236,1,0,0,1,0,1,1,5,Not at intersection,3,100,Local Road,144.565959,-36.768259,20121116,BENDIGO
T20120025794,2012-11-16,20:18:00,1,Collision with vehicle,6,Friday,121,RIGHT THROUGH,2,51695,2,1,0,1,0,2,1,2,T intersection,1,60,Arterial Other,144.247991,-36.777503,20121116,BENDIGO
T20120025902,2012-11-18,12:00:00,1,Collision with vehicle,1,Sunday,130,REAR END(VEHICLES IN SAME LANE),1,51599,2,0,0,1,1,2,2,1,Cross intersection,3,60,Local Road,144.29189,-36.756549,20121118,BENDIGO
T20120026020,2012-11-20,12:44:00,2,Struck Pedestrian,3,Tuesday,101,PED EMERGES FROM IN FRONT OF PARKED OR STATIONARY VEHICLE,1,256337,1,0,0,1,1,2,1,5,Not at intersection,3,60,,144.249793,-36.768609,20121120,BENDIGO
T20120027295,2012-11-21,15:40:00,1,Collision with vehicle,4,Wednesday,130,REAR END(VEHICLES IN SAME LANE),1,256491,2,0,0,1,1,2,2,5,Not at intersection,3,50,Arterial Highway,144.249672,-36.780571,20121121,BENDIGO
T20120026518,2012-11-26,17:20:00,1,Collision with vehicle,2,Monday,113,RIGHT NEAR (INTERSECTIONS ONLY),1,51883,2,0,1,2,1,4,1,2,T intersection,2,90,Arterial Highway,144.220182,-36.75406,20121126,BENDIGO
T20120026739,2012-11-28,21:15:00,6,Vehicle overturned (no collision),4,Wednesday,174,OUT OF CONTROL ON CARRIAGEWAY (ON STRAIGHT),3,59727,1,0,1,0,0,1,1,1,Cross intersection,2,50,Local Road,144.276418,-36.76282,20121128,BENDIGO
T20120026767,2012-11-29,01:30:00,2,Struck Pedestrian,5,Thursday,102,FAR SIDE. PED HIT BY VEHICLE FROM THE LEFT,9,35770,1,0,0,1,1,2,2,1,Cross intersection,3,60,Arterial Highway,144.278595,-36.7597,20121129,BENDIGO
T20120026947,2012-12-01,12:03:00,4,Collision with a fixed object,7,Saturday,171,LEFT OFF CARRIAGEWAY INTO OBJECT/PARKED VEHICLE,1,255477,1,1,0,0,0,1,1,5,Not at intersection,1,60,Local Road,144.279492,-36.72667,20121201,BENDIGO
T20120027562,2012-12-09,18:25:00,1,Collision with vehicle,1,Sunday,152,PULLING OUT (OVERTAKING),1,256681,2,0,1,4,1,6,1,2,T intersection,2,100,,144.323777,-36.851476,20121209,BENDIGO
T20120027603,2012-12-10,11:30:00,1,Collision with vehicle,2,Monday,132,RIGHT REAR.,1,256686,2,0,0,1,1,2,1,1,Cross intersection,3,100,Arterial Other,144.380381,-36.443392,20121210,BENDIGO
T20120027593,2012-12-10,09:40:00,2,Struck Pedestrian,2,Monday,100,PED NEAR SIDE. PED HIT BY VEHICLE FROM THE RIGHT.,1,256673,1,0,0,1,1,2,2,5,Not at intersection,3,50,Arterial Other,144.282642,-36.763228,20121210,BENDIGO
T20120027697,2012-12-11,14:50:00,8,No collision and no object struck,3,Tuesday,174,OUT OF CONTROL ON CARRIAGEWAY (ON STRAIGHT),1,256932,1,0,0,1,0,1,2,5,Not at intersection,3,50,Arterial Highway,144.255281,-36.77511,20121211,BENDIGO
T20120027682,2012-12-11,12:20:00,1,Collision with vehicle,3,Tuesday,121,RIGHT THROUGH,1,51628,2,0,0,2,1,3,1,1,Cross intersection,3,50,Arterial Other,144.283385,-36.761424,20121211,BENDIGO
T20120027851,2012-12-13,09:10:00,1,Collision with vehicle,5,Thursday,111,RIGHT FAR (INTERSECTIONS ONLY),1,30031,2,0,0,3,0,3,1,1,Cross intersection,3,60,Arterial Highway,144.291933,-36.757373,20121213,BENDIGO
T20120028235,2012-12-17,16:43:00,4,Collision with a fixed object,2,Monday,171,LEFT OFF CARRIAGEWAY INTO OBJECT/PARKED VEHICLE,1,274233,1,0,1,0,0,1,1,5,Not at intersection,2,50,Local Road,144.245226,-36.791961,20121217,BENDIGO
T20130000238,2012-12-18,12:15:00,1,Collision with vehicle,3,Tuesday,110,CROSS TRAFFIC(INTERSECTIONS ONLY),1,51669,2,0,0,1,1,2,2,1,Cross intersection,3,50,Local Road,144.261897,-36.769677,20121218,BENDIGO
T20120028580,2012-12-20,20:10:00,1,Collision with vehicle,5,Thursday,130,REAR END(VEHICLES IN SAME LANE),2,274243,2,0,0,1,2,3,1,5,Not at intersection,3,100,,144.212989,-36.88792,20121220,BENDIGO
T20120029143,2012-12-20,16:15:00,8,No collision and no object struck,5,Thursday,174,OUT OF CONTROL ON CARRIAGEWAY (ON STRAIGHT),1,59778,2,0,0,1,1,2,2,1,Cross intersection,3,50,Local Road,144.268332,-36.771082,20121220,BENDIGO
T20120028600,2012-12-22,08:43:00,2,Struck Pedestrian,7,Saturday,102,FAR SIDE. PED HIT BY VEHICLE FROM THE LEFT,1,44715,1,0,1,0,1,2,1,1,Cross intersection,2,50,Arterial Highway,144.253698,-36.718652,20121222,BENDIGO
T20120028738,2012-12-24,09:40:00,1,Collision with vehicle,2,Monday,113,RIGHT NEAR (INTERSECTIONS ONLY),1,51701,2,0,0,2,0,2,1,2,T intersection,3,60,Local Road,144.288192,-36.779965,20121224,BENDIGO
T20120028770,2012-12-24,16:05:00,4,Collision with a fixed object,2,Monday,173,RIGHT OFF CARRIAGEWAY INTO OBJECT/PARKED VEHICLE,1,274255,1,1,0,0,0,1,1,5,Not at intersection,1,100,Arterial Highway,144.240412,-36.82997,20121224,BENDIGO
T20120028884,2012-12-25,14:00:00,3,Struck animal,3,Tuesday,167,STRUCK ANIMAL,1,257186,1,0,1,0,0,1,2,5,Not at intersection,2,80,Local Road,144.293108,-36.81393,20121225,BENDIGO
T20120029153,2012-12-31,17:15:00,8,No collision and no object struck,2,Monday,184,OUT OF CONTROL ON CARRIAGEWAY (ON BEND),1,257401,1,0,1,0,1,2,1,5,Not at intersection,2,100,Local Road,144.253311,-36.821272,20121231,BENDIGO
T20130000045,2012-12-31,21:30:00,7,Fall from or in moving vehicle,2,Monday,190,FELL IN/FROM VEHICLE,5,257010,1,0,0,1,1,2,2,5,Not at intersection,3,80,,144.13773,-36.735934,20121231,BENDIGO
T20130000013,2013-01-01,11:11:00,8,No collision and no object struck,3,Tuesday,174,OUT OF CONTROL ON CARRIAGEWAY (ON STRAIGHT),1,257284,1,0,0,1,0,1,2,5,Not at intersection,3,999,Local Road,144.306418,-36.692964,20130101,BENDIGO
T20130000062,2013-01-02,01:10:00,3,Struck animal,4,Wednesday,167,STRUCK ANIMAL,5,257244,1,0,0,1,0,1,1,5,Not at intersection,3,100,Local Road,144.313195,-36.8848,20130102,BENDIGO
T20130000221,2013-01-04,14:10:00,4,Collision with a fixed object,6,Friday,181,OFF RIGHT BEND INTO OBJECT/PARKED VEHICLE,1,267826,1,0,1,0,0,1,1,5,Not at intersection,2,100,Local Road,144.718191,-36.890051,20130104,BENDIGO
T20130000248,2013-01-04,19:20:00,4,Collision with a fixed object,6,Friday,171,LEFT OFF CARRIAGEWAY INTO OBJECT/PARKED VEHICLE,1,257268,1,0,0,1,0,1,1,5,Not at intersection,3,100,Arterial Other,144.218797,-36.804518,20130104,BENDIGO
T20130000219,2013-01-04,11:30:00,4,Collision with a fixed object,6,Friday,183,OFF LEFT BEND INTO OBJECT/PARKED VEHICLE,1,267825,1,0,1,0,0,1,1,5,Not at intersection,2,100,,144.19992,-36.809683,20130104,BENDIGO
T20130000407,2013-01-07,08:20:00,1,Collision with vehicle,2,Monday,140,U TURN,1,257472,2,0,0,1,1,2,1,5,Not at intersection,3,60,Arterial Other,144.284225,-36.751642,20130107,BENDIGO
T20130000968,2013-01-07,09:30:00,4,Collision with a fixed object,2,Monday,183,OFF LEFT BEND INTO OBJECT/PARKED VEHICLE,1,257478,1,0,0,1,0,1,2,5,Not at intersection,3,100,Arterial Highway,144.206308,-36.699782,20130107,BENDIGO
T20130000391,2013-01-07,10:30:00,4,Collision with a fixed object,2,Monday,181,OFF RIGHT BEND INTO OBJECT/PARKED VEHICLE,1,267842,1,0,1,0,0,1,1,5,Not at intersection,2,100,,144.230057,-36.844269,20130107,BENDIGO
T20130000476,2013-01-08,12:00:00,2,Struck Pedestrian,3,Tuesday,102,FAR SIDE. PED HIT BY VEHICLE FROM THE LEFT,1,257298,1,0,0,1,1,2,1,5,Not at intersection,3,50,Local Road,144.252659,-36.71995,20130108,BENDIGO
T20130000564,2013-01-09,19:40:00,1,Collision with vehicle,4,Wednesday,130,REAR END(VEHICLES IN SAME LANE),1,29983,3,0,0,1,2,3,1,1,Cross intersection,3,60,Arterial Highway,144.266509,-36.767121,20130109,BENDIGO
T20150017201,2013-01-11,14:00:00,1,Collision with vehicle,6,Friday,130,REAR END(VEHICLES IN SAME LANE),1,292959,2,0,0,1,0,1,2,5,Not at intersection,3,999,Local Road,144.277757,-36.758973,20130111,BENDIGO
T20130000801,2013-01-13,15:00:00,1,Collision with vehicle,1,Sunday,110,CROSS TRAFFIC(INTERSECTIONS ONLY),1,51495,2,0,0,2,2,4,1,1,Cross intersection,3,60,Local Road,144.334231,-36.668732,20130113,BENDIGO
T20130000849,2013-01-14,10:00:00,1,Collision with vehicle,2,Monday,110,CROSS TRAFFIC(INTERSECTIONS ONLY),1,44647,2,0,0,1,1,2,1,1,Cross intersection,3,60,Arterial Other,144.277448,-36.765352,20130114,BENDIGO
T20130000932,2013-01-15,13:00:00,1,Collision with vehicle,3,Tuesday,110,CROSS TRAFFIC(INTERSECTIONS ONLY),1,59862,2,0,1,0,3,4,1,1,Cross intersection,2,60,Local Road,144.23784,-36.793838,20130115,BENDIGO
T20130000987,2013-01-16,06:00:00,1,Collision with vehicle,4,Wednesday,116,LEFT NEAR (INTERSECTIONS ONLY),2,59875,2,0,0,1,1,2,1,2,T intersection,3,60,Local Road,144.238925,-36.806057,20130116,BENDIGO
T20130001147,2013-01-18,13:04:00,1,Collision with vehicle,6,Friday,130,REAR END(VEHICLES IN SAME LANE),1,257344,2,0,0,2,1,3,1,5,Not at intersection,3,60,Local Road,144.284757,-36.79094,20130118,BENDIGO
T20140006835,2013-01-19,04:00:00,4,Collision with a fixed object,7,Saturday,183,OFF LEFT BEND INTO OBJECT/PARKED VEHICLE,5,269864,1,0,0,1,0,1,2,5,Not at intersection,3,60,Local Road,144.231749,-36.757348,20130119,BENDIGO
T20130001281,2013-01-20,10:30:00,3,Struck animal,1,Sunday,167,STRUCK ANIMAL,1,257302,1,0,1,0,0,1,1,5,Not at intersection,2,100,Arterial Highway,144.218841,-36.86886,20130120,BENDIGO
T20130001346,2013-01-21,10:10:00,1,Collision with vehicle,2,Monday,132,RIGHT REAR.,1,59405,2,0,1,3,3,7,1,2,T intersection,2,60,Arterial Highway,144.501858,-36.616163,20130121,BENDIGO
T20130001556,2013-01-23,19:20:00,5,collision with some other object,4,Wednesday,166,STRUCK OBJECT ON CARRIAGEWAY,3,257545,1,0,0,1,0,1,1,5,Not at intersection,3,100,Local Road,144.522353,-36.65949,20130123,BENDIGO
T20130001862,2013-01-27,22:15:00,1,Collision with vehicle,1,Sunday,194,PARKED CAR RUN AWAY,3,267999,2,0,0,1,0,1,2,5,Not at intersection,3,50,Arterial Other,144.286259,-36.759329,20130127,BENDIGO
T20130001863,2013-01-28,09:10:00,1,Collision with vehicle,2,Monday,121,RIGHT THROUGH,1,51682,2,0,0,2,0,2,1,2,T intersection,3,60,Local Road,144.290431,-36.773525,20130128,BENDIGO
T20130002057,2013-01-30,15:15:00,4,Collision with a fixed object,4,Wednesday,171,LEFT OFF CARRIAGEWAY INTO OBJECT/PARKED VEHICLE,1,257900,3,0,0,1,2,3,1,2,T intersection,3,50,Arterial Highway,144.244362,-36.792634,20130130,BENDIGO
T20130002284,2013-01-31,14:00:00,1,Collision with vehicle,5,Thursday,110,CROSS TRAFFIC(INTERSECTIONS ONLY),1,59829,2,0,0,1,1,2,2,1,Cross intersection,3,60,Arterial Other,144.251555,-36.780358,20130131,BENDIGO
T20130002295,2013-02-02,09:10:00,2,Struck Pedestrian,7,Saturday,109,ANY MANOEUVRE INVOLVING PED NOT INCLUDED IN DCAs 100-108.,1,258130,1,0,1,0,2,3,1,5,Not at intersection,2,60,Arterial Highway,144.709353,-36.922659,20130202,BENDIGO
T20130002281,2013-02-02,08:05:00,1,Collision with vehicle,7,Saturday,116,LEFT NEAR (INTERSECTIONS ONLY),1,51573,2,0,0,1,1,2,1,2,T intersection,3,60,Arterial Other,144.317591,-36.750497,20130202,BENDIGO
T20130002553,2013-02-03,17:10:00,1,Collision with vehicle,1,Sunday,131,LEFT REAR,1,268063,2,0,0,1,1,2,1,5,Not at intersection,3,60,Local Road,144.227271,-36.731113,20130203,BENDIGO
T20130002474,2013-02-04,20:01:00,4,Collision with a fixed object,2,Monday,171,LEFT OFF CARRIAGEWAY INTO OBJECT/PARKED VEHICLE,2,258135,1,0,0,2,0,2,1,5,Not at intersection,3,100,Arterial Highway,144.121272,-36.726237,20130204,BENDIGO
T20130002611,2013-02-06,16:50:00,4,Collision with a fixed object,4,Wednesday,171,LEFT OFF CARRIAGEWAY INTO OBJECT/PARKED VEHICLE,1,257626,1,2,0,0,0,2,1,5,Not at intersection,1,100,Arterial Highway,144.707686,-36.846419,20130206,BENDIGO
T20130002675,2013-02-07,15:50:00,2,Struck Pedestrian,5,Thursday,100,PED NEAR SIDE. PED HIT BY VEHICLE FROM THE RIGHT.,1,51628,1,0,0,1,1,2,1,1,Cross intersection,3,50,Arterial Other,144.283385,-36.761424,20130207,BENDIGO
T20130006269,2013-02-08,12:15:00,1,Collision with vehicle,6,Friday,130,REAR END(VEHICLES IN SAME LANE),1,259212,2,0,0,1,1,2,2,5,Not at intersection,3,60,,144.306829,-36.72894,20130208,BENDIGO
T20130008997,2013-02-09,09:00:00,8,No collision and no object struck,7,Saturday,174,OUT OF CONTROL ON CARRIAGEWAY (ON STRAIGHT),1,268814,1,0,0,1,0,1,2,5,Not at intersection,3,999,Local Road,144.353392,-36.738312,20130209,BENDIGO
T20130002879,2013-02-10,20:30:00,1,Collision with vehicle,1,Sunday,121,RIGHT THROUGH,5,51579,2,0,0,1,2,3,1,1,Cross intersection,3,60,Local Road,144.270991,-36.751435,20130210,BENDIGO
T20130009697,2013-02-12,08:10:00,1,Collision with vehicle,3,Tuesday,130,REAR END(VEHICLES IN SAME LANE),1,59816,2,0,0,1,1,2,2,1,Cross intersection,3,50,Arterial Highway,144.253631,-36.776571,20130212,BENDIGO
T20130003424,2013-02-15,02:30:00,2,Struck Pedestrian,6,Friday,109,ANY MANOEUVRE INVOLVING PED NOT INCLUDED IN DCAs 100-108.,3,268182,1,0,0,3,0,3,1,5,Not at intersection,3,50,Arterial Highway,144.282725,-36.756605,20130215,BENDIGO
T20130006291,2013-02-15,21:00:00,7,Fall from or in moving vehicle,6,Friday,190,FELL IN/FROM VEHICLE,3,44641,1,0,0,1,1,2,2,1,Cross intersection,3,60,Local Road,144.284369,-36.762292,20130215,BENDIGO
T20130003500,2013-02-18,17:20:00,2,Struck Pedestrian,2,Monday,100,PED NEAR SIDE. PED HIT BY VEHICLE FROM THE RIGHT.,1,59729,1,0,1,0,1,2,1,2,T intersection,2,50,Local Road,144.273144,-36.763549,20130218,BENDIGO
T20130003662,2013-02-20,18:05:00,1,Collision with vehicle,4,Wednesday,160,VEHICLE COLLIDES WITH VEHICLE PARKED ON LEFT OF ROAD,1,258772,4,0,0,1,0,1,1,5,Not at intersection,3,60,Local Road,144.271221,-36.751719,20130220,BENDIGO
T20130003901,2013-02-23,12:40:00,1,Collision with vehicle,7,Saturday,130,REAR END(VEHICLES IN SAME LANE),1,258534,2,0,0,2,2,4,1,5,Not at intersection,3,60,Arterial Highway,144.298116,-36.740218,20130223,BENDIGO
T20130004068,2013-02-25,17:20:00,1,Collision with vehicle,2,Monday,120,HEAD ON (NOT OVERTAKING),1,51752,2,0,3,0,0,3,1,2,T intersection,2,100,,144.21228,-36.88632,20130225,BENDIGO
T20130018197,2013-02-25,17:20:00,8,No collision and no object struck,2,Monday,174,OUT OF CONTROL ON CARRIAGEWAY (ON STRAIGHT),2,29976,1,0,0,1,0,1,2,1,Cross intersection,3,60,Arterial Other,144.286925,-36.747039,20130225,BENDIGO
T20130004494,2013-02-25,16:50:00,1,Collision with vehicle,2,Monday,130,REAR END(VEHICLES IN SAME LANE),1,51574,2,0,0,1,1,2,2,2,T intersection,3,50,Local Road,144.292008,-36.750677,20130225,BENDIGO
T20130008632,2013-02-28,13:35:00,1,Collision with vehicle,5,Thursday,130,REAR END(VEHICLES IN SAME LANE),1,35817,2,0,0,1,2,3,1,1,Cross intersection,3,50,Arterial Highway,144.261475,-36.771148,20130228,BENDIGO
T20130006356,2013-03-01,13:00:00,1,Collision with vehicle,6,Friday,130,REAR END(VEHICLES IN SAME LANE),1,50485,2,0,0,1,2,3,2,2,T intersection,3,80,Arterial Highway,144.158348,-36.844421,20130301,BENDIGO
T20130004433,2013-03-01,15:19:00,2,Struck Pedestrian,6,Friday,101,PED EMERGES FROM IN FRONT OF PARKED OR STATIONARY VEHICLE,1,44640,1,0,0,1,1,2,1,2,T intersection,3,50,Local Road,144.281094,-36.759398,20130301,BENDIGO
T20130004983,2013-03-02,23:24:00,2,Struck Pedestrian,7,Saturday,109,ANY MANOEUVRE INVOLVING PED NOT INCLUDED IN DCAs 100-108.,6,259005,1,0,0,1,1,2,2,2,T intersection,3,50,Local Road,144.251983,-36.797795,20130302,BENDIGO
T20130004516,2013-03-02,19:20:00,1,Collision with vehicle,7,Saturday,131,LEFT REAR,1,258996,2,0,0,1,1,2,1,5,Not at intersection,3,60,Arterial Other,144.28478,-36.769356,20130302,BENDIGO
T20130005328,2013-03-05,15:35:00,1,Collision with vehicle,3,Tuesday,130,REAR END(VEHICLES IN SAME LANE),1,259074,2,0,0,3,1,4,2,2,T intersection,3,50,Local Road,144.277898,-36.759087,20130305,BENDIGO
T20130004754,2013-03-05,18:40:00,1,Collision with vehicle,3,Tuesday,148,VEHICLE OFF FOOTPATH STRIKES VEH ON CARRIAGEWAY,1,51916,2,0,0,1,2,3,1,1,Cross intersection,3,60,Arterial Highway,144.316158,-36.705155,20130305,BENDIGO
T20130004690,2013-03-05,08:00:00,2,Struck Pedestrian,3,Tuesday,102,FAR SIDE. PED HIT BY VEHICLE FROM THE LEFT,1,51916,1,0,1,0,1,2,1,1,Cross intersection,2,60,Arterial Highway,144.316158,-36.705155,20130305,BENDIGO
T20130004781,2013-03-06,07:10:00,1,Collision with vehicle,4,Wednesday,110,CROSS TRAFFIC(INTERSECTIONS ONLY),1,51721,2,0,0,1,1,2,1,1,Cross intersection,3,60,Local Road,144.250204,-36.792453,20130306,BENDIGO
T20130005155,2013-03-10,15:00:00,6,Vehicle overturned (no collision),1,Sunday,182,OFF CARRIAGEWAY ON LEFT BEND,1,260019,1,1,0,0,0,1,1,5,Not at intersection,1,100,,144.349013,-36.841633,20130310,BENDIGO
T20130005124,2013-03-10,08:55:00,1,Collision with vehicle,1,Sunday,130,REAR END(VEHICLES IN SAME LANE),1,51728,3,0,0,1,2,3,2,1,Cross intersection,3,50,Arterial Highway,144.243898,-36.796822,20130310,BENDIGO
T20140002274,2013-03-12,17:30:00,1,Collision with vehicle,3,Tuesday,163,VEHICLE STRIKES DOOR OF PARKED/STATIONARY VEHICLE,9,266359,2,0,0,1,1,2,2,5,Not at intersection,3,999,Local Road,144.240671,-36.805131,20130312,BENDIGO
T20130005359,2013-03-13,17:40:00,1,Collision with vehicle,4,Wednesday,147,VEHICLE STRIKES ANOTHER VEH WHILE EMERGING FROM DRIVEWAY,5,268408,2,0,0,1,1,2,1,5,Not at intersection,3,60,Local Road,144.304177,-36.774659,20130313,BENDIGO
T20130005324,2013-03-13,04:00:00,4,Collision with a fixed object,4,Wednesday,171,LEFT OFF CARRIAGEWAY INTO OBJECT/PARKED VEHICLE,5,259174,1,0,0,1,0,1,1,5,Not at intersection,3,50,Local Road,144.241762,-36.755493,20130313,BENDIGO