ACCIDENT_NO,ACCIDENT_DATE,ACCIDENT_TIME,ACCIDENT_TYPE,ACCIDENT_TYPE_DESC,DAY_OF_WEEK,DAY_WEEK_DESC,DCA_CODE,DCA_DESC,LIGHT_CONDITION,NODE_ID,NO_OF_VEHICLES,NO_PERSONS_KILLED,NO_PERSONS_INJ_2,NO_PERSONS_INJ_3,NO_PERSONS_NOT_INJ,NO_PERSONS,POLICE_ATTEND,ROAD_GEOMETRY,ROAD_GEOMETRY_DESC,SEVERITY,SPEED_ZONE,RMA, LAT, LONG, DATE, COUNCIL
T20130005390,2013-03-13,17:00:00,1,Collision with vehicle,3,Wednesday,133,LANE SIDE SWIPE (VEHICLES IN PARALLEL LANES),2,259764,2,0,1,0,1,2,2,5,Not at intersection,2,50,Arterial Highway,144.26175,-36.771,20130313,BENDIGO
T20130005411,2013-03-14,11:45:00,6,Vehicle overturned (no collision),5,Thursday,174,OUT OF CONTROL ON CARRIAGEWAY (ON STRAIGHT),1,259097,1,0,1,0,0,1,1,5,Not at intersection,2,80,Local Road,144.366531,-36.824958,20130314,BENDIGO
T20130005543,2013-03-14,14:00:00,8,No collision and no object struck,5,Thursday,174,OUT OF CONTROL ON CARRIAGEWAY (ON STRAIGHT),9,268426,1,0,0,1,0,1,2,5,Not at intersection,3,999,Local Road,144.370198,-36.9008,20130314,BENDIGO
T20130005485,2013-03-14,20:30:00,1,Collision with vehicle,5,Thursday,130,REAR END(VEHICLES IN SAME LANE),3,35676,2,0,0,1,1,2,1,1,Cross intersection,3,50,Arterial Highway,144.280104,-36.758517,20130314,BENDIGO
T20130005551,2013-03-15,21:30:00,4,Collision with a fixed object,6,Friday,171,LEFT OFF CARRIAGEWAY INTO OBJECT/PARKED VEHICLE,5,258685,1,0,0,2,0,2,1,1,Cross intersection,3,60,Local Road,144.307094,-36.71773,20130315,BENDIGO
T20130005599,2013-03-16,15:10:00,4,Collision with a fixed object,7,Saturday,181,OFF RIGHT BEND INTO OBJECT/PARKED VEHICLE,1,268430,1,0,2,0,0,2,1,5,Not at intersection,2,100,Arterial Other,144.733478,-36.943808,20130316,BENDIGO
T20140000149,2013-03-18,11:05:00,1,Collision with vehicle,2,Monday,113,RIGHT NEAR (INTERSECTIONS ONLY),1,265697,2,0,0,1,1,2,1,1,Cross intersection,3,70,Arterial Highway,144.23906,-36.815129,20130318,BENDIGO
T20130005792,2013-03-18,22:30:00,4,Collision with a fixed object,2,Monday,175,OFF END OF ROAD/T-INTERSECTION.,5,260065,1,0,1,0,0,1,1,2,T intersection,2,60,Local Road,144.32316,-36.743555,20130318,BENDIGO
T20130005803,2013-03-19,05:40:00,1,Collision with vehicle,2,Tuesday,133,LANE SIDE SWIPE (VEHICLES IN PARALLEL LANES),3,260144,2,0,0,1,1,2,2,5,Not at intersection,3,50,Local Road,144.29379,-36.76384,20130319,BENDIGO
T20130005795,2013-03-19,04:17:00,6,Vehicle overturned (no collision),3,Tuesday,174,OUT OF CONTROL ON CARRIAGEWAY (ON STRAIGHT),5,51749,1,0,0,1,0,1,1,1,Cross intersection,3,100,,144.18936,-36.825198,20130319,BENDIGO
T20130005916,2013-03-20,10:55:00,1,Collision with vehicle,4,Wednesday,134,LANE CHANGE RIGHT (NOT OVERTAKING),1,260605,2,0,0,1,1,2,1,2,T intersection,3,60,Arterial Other,144.236828,-36.796298,20130320,BENDIGO
T20130006032,2013-03-21,17:50:00,4,Collision with a fixed object,5,Thursday,175,OFF END OF ROAD/T-INTERSECTION.,1,59551,1,0,1,0,0,1,1,2,T intersection,2,50,Arterial Other,144.270202,-36.738893,20130321,BENDIGO
T20130006115,2013-03-22,23:45:00,1,Collision with vehicle,6,Friday,160,VEHICLE COLLIDES WITH VEHICLE PARKED ON LEFT OF ROAD,3,268485,2,0,0,1,1,2,1,5,Not at intersection,3,60,Arterial Highway,144.244462,-36.79378,20130322,BENDIGO
T20130006122,2013-03-22,23:50:00,4,Collision with a fixed object,6,Friday,173,RIGHT OFF CARRIAGEWAY INTO OBJECT/PARKED VEHICLE,3,258658,1,1,0,0,0,1,1,5,Not at intersection,1,60,Local Road,144.334239,-36.801891,20130322,BENDIGO
T20130006056,2013-03-22,03:30:00,8,No collision and no object struck,6,Friday,174,OUT OF CONTROL ON CARRIAGEWAY (ON STRAIGHT),5,259500,1,0,0,1,0,1,2,2,T intersection,3,80,Arterial Highway,144.221075,-36.707214,20130322,BENDIGO
T20130006076,2013-03-22,14:50:00,1,Collision with vehicle,6,Friday,110,CROSS TRAFFIC(INTERSECTIONS ONLY),1,19424,2,0,1,0,1,2,1,1,Cross intersection,2,60,Arterial Other,144.274233,-36.743566,20130322,BENDIGO
T20130006221,2013-03-24,15:35:00,8,No collision and no object struck,1,Sunday,174,OUT OF CONTROL ON CARRIAGEWAY (ON STRAIGHT),1,29984,2,0,0,1,1,2,2,1,Cross intersection,3,60,Local Road,144.285093,-36.776419,20130324,BENDIGO
T20130007463,2013-03-24,17:07:00,1,Collision with vehicle,1,Sunday,110,CROSS TRAFFIC(INTERSECTIONS ONLY),1,29977,2,0,0,3,1,4,1,1,Cross intersection,3,60,Arterial Other,144.283473,-36.750173,20130324,BENDIGO
T20130007850,2013-03-29,15:15:00,2,Struck Pedestrian,6,Friday,101,PED EMERGES FROM IN FRONT OF PARKED OR STATIONARY VEHICLE,1,268669,1,0,0,1,2,3,2,5,Not at intersection,3,50,Local Road,144.277204,-36.758525,20130329,BENDIGO
T20130017806,2013-03-29,15:30:00,2,Struck Pedestrian,6,Friday,108,PED STRUCK WALKING TO/FROM OR BOARDING/ALIGHTING VEHICLE.,1,263911,2,0,0,1,2,3,2,5,Not at intersection,3,50,,144.27679,-36.76049,20130329,BENDIGO
T20130006722,2013-03-31,15:50:00,1,Collision with vehicle,1,Sunday,120,HEAD ON (NOT OVERTAKING),1,260101,2,0,0,1,2,3,1,5,Not at intersection,3,100,Arterial Highway,144.204695,-36.69063,20130331,BENDIGO
T20130006698,2013-03-31,08:40:00,2,Struck Pedestrian,1,Sunday,109,ANY MANOEUVRE INVOLVING PED NOT INCLUDED IN DCAs 100-108.,1,51728,1,0,0,1,2,3,1,1,Cross intersection,3,60,Arterial Highway,144.243898,-36.796822,20130331,BENDIGO
T20130006749,2013-04-01,07:45:00,4,Collision with a fixed object,2,Monday,183,OFF LEFT BEND INTO OBJECT/PARKED VEHICLE,1,259524,1,0,1,0,0,1,1,5,Not at intersection,2,60,Local Road,144.338583,-36.672108,20130401,BENDIGO
T20130010027,2013-04-06,11:00:00,5,collision with some other object,7,Saturday,166,STRUCK OBJECT ON CARRIAGEWAY,1,268961,1,0,1,0,0,1,2,5,Not at intersection,2,60,Local Road,144.335899,-36.757112,20130406,BENDIGO
T20130007299,2013-04-08,15:00:00,1,Collision with vehicle,2,Monday,121,RIGHT THROUGH,1,51713,3,0,0,2,3,5,1,1,Cross intersection,3,60,Arterial Highway,144.246673,-36.785355,20130408,BENDIGO
T20130007599,2013-04-09,17:30:00,1,Collision with vehicle,3,Tuesday,147,VEHICLE STRIKES ANOTHER VEH WHILE EMERGING FROM DRIVEWAY,1,51606,2,0,0,1,1,2,2,2,T intersection,3,60,Arterial Highway,144.260845,-36.757087,20130409,BENDIGO
T20130007569,2013-04-12,16:25:00,1,Collision with vehicle,6,Friday,121,RIGHT THROUGH,2,59752,2,0,0,2,1,3,1,1,Cross intersection,3,60,,144.292222,-36.767882,20130412,BENDIGO
T20130007591,2013-04-12,23:38:00,4,Collision with a fixed object,6,Friday,171,LEFT OFF CARRIAGEWAY INTO OBJECT/PARKED VEHICLE,5,260911,1,0,2,0,0,2,1,5,Not at intersection,2,100,Local Road,144.292032,-36.81096,20130412,BENDIGO
T20130007789,2013-04-15,17:15:00,1,Collision with vehicle,2,Monday,110,CROSS TRAFFIC(INTERSECTIONS ONLY),1,59498,2,0,1,2,0,3,1,1,Cross intersection,2,50,Local Road,144.252311,-36.720395,20130415,BENDIGO
T20130007834,2013-04-16,08:00:00,4,Collision with a fixed object,3,Tuesday,171,LEFT OFF CARRIAGEWAY INTO OBJECT/PARKED VEHICLE,1,259771,1,0,0,1,0,1,1,5,Not at intersection,3,100,Local Road,144.402369,-36.673807,20130416,BENDIGO
T20130007925,2013-04-17,13:00:00,4,Collision with a fixed object,4,Wednesday,183,OFF LEFT BEND INTO OBJECT/PARKED VEHICLE,1,260126,1,0,0,1,1,2,1,2,T intersection,3,100,,144.348751,-36.9109,20130417,BENDIGO
T20130007898,2013-04-17,08:20:00,1,Collision with vehicle,4,Wednesday,147,VEHICLE STRIKES ANOTHER VEH WHILE EMERGING FROM DRIVEWAY,1,29984,2,0,0,1,2,3,2,1,Cross intersection,3,50,Local Road,144.285093,-36.776419,20130417,BENDIGO
T20130007907,2013-04-17,10:30:00,1,Collision with vehicle,4,Wednesday,130,REAR END(VEHICLES IN SAME LANE),1,259779,2,0,0,2,1,3,2,2,T intersection,3,50,Local Road,144.288704,-36.748313,20130417,BENDIGO
T20130008108,2013-04-19,14:40:00,1,Collision with vehicle,6,Friday,135,LANE CHANGE LEFT (NOT OVERTAKING),1,259804,2,0,0,1,2,3,1,2,T intersection,3,60,Arterial Other,144.280349,-36.748201,20130419,BENDIGO
T20130012731,2013-04-23,15:00:00,8,No collision and no object struck,3,Tuesday,172,OFF CARRIAGEWAY TO RIGHT,1,261506,1,0,0,1,0,1,2,5,Not at intersection,3,100,,144.504918,-36.40715,20130423,BENDIGO
T20130008418,2013-04-23,16:20:00,4,Collision with a fixed object,3,Tuesday,183,OFF LEFT BEND INTO OBJECT/PARKED VEHICLE,1,260204,1,0,0,1,0,1,1,5,Not at intersection,3,100,Local Road,144.312761,-36.89252,20130423,BENDIGO
T20130008422,2013-04-23,18:30:00,1,Collision with vehicle,3,Tuesday,130,REAR END(VEHICLES IN SAME LANE),3,51672,2,0,0,1,4,5,1,1,Cross intersection,3,60,Arterial Other,144.277973,-36.770389,20130423,BENDIGO
T20130013297,2013-04-24,12:30:00,6,Vehicle overturned (no collision),4,Wednesday,180,OFF CARRIAGEWAY ON RIGHT BEND,1,261364,1,0,0,1,0,1,2,5,Not at intersection,3,60,Local Road,144.30757,-36.732311,20130424,BENDIGO
T20130008573,2013-04-25,15:25:00,1,Collision with vehicle,5,Thursday,110,CROSS TRAFFIC(INTERSECTIONS ONLY),1,35815,2,0,0,1,4,5,1,4,Multiple intersection,3,60,Arterial Other,144.292096,-36.769124,20130425,BENDIGO
T20130009950,2013-04-25,10:30:00,5,collision with some other object,5,Thursday,166,STRUCK OBJECT ON CARRIAGEWAY,1,268948,1,0,0,1,0,1,2,5,Not at intersection,3,999,,144.37446,-36.757806,20130425,BENDIGO
T20130008668,2013-04-26,17:15:00,2,Struck Pedestrian,6,Friday,100,PED NEAR SIDE. PED HIT BY VEHICLE FROM THE RIGHT.,2,44715,1,0,1,0,1,2,2,1,Cross intersection,2,50,Arterial Highway,144.253698,-36.718652,20130426,BENDIGO
T20130008785,2013-04-28,17:05:00,4,Collision with a fixed object,1,Sunday,171,LEFT OFF CARRIAGEWAY INTO OBJECT/PARKED VEHICLE,1,259879,1,0,1,0,0,1,1,5,Not at intersection,2,80,Arterial Highway,144.344333,-36.655662,20130428,BENDIGO
T20130008794,2013-04-28,21:50:00,1,Collision with vehicle,1,Sunday,121,RIGHT THROUGH,3,268785,2,0,1,0,2,3,1,5,Not at intersection,2,50,Local Road,144.277801,-36.73314,20130428,BENDIGO
T20130008865,2013-04-29,19:00:00,6,Vehicle overturned (no collision),2,Monday,172,OFF CARRIAGEWAY TO RIGHT,5,268795,1,0,0,1,0,1,1,5,Not at intersection,3,100,,144.489579,-36.59108,20130429,BENDIGO
T20130008922,2013-04-30,08:30:00,1,Collision with vehicle,3,Tuesday,119,OTHER ADJACENT (INTERSECTIONS ONLY),1,59864,3,0,0,1,4,5,2,1,Cross intersection,3,60,Arterial Other,144.239379,-36.79623,20130430,BENDIGO
T20130009057,2013-05-02,12:20:00,1,Collision with vehicle,5,Thursday,130,REAR END(VEHICLES IN SAME LANE),1,44628,2,0,1,0,1,2,1,1,Cross intersection,2,60,Arterial Highway,144.255389,-36.775029,20130502,BENDIGO
T20130019314,2013-05-02,15:15:00,1,Collision with vehicle,5,Thursday,130,REAR END(VEHICLES IN SAME LANE),1,19418,2,0,0,1,1,2,2,1,Cross intersection,3,999,Arterial Highway,144.132975,-36.735691,20130502,BENDIGO
T20130009147,2013-05-03,11:00:00,6,Vehicle overturned (no collision),6,Friday,170,OFF CARRIAGEWAY TO LEFT,1,268834,1,0,0,1,1,2,2,5,Not at intersection,3,100,Local Road,144.74621,-36.86178,20130503,BENDIGO
T20130009177,2013-05-03,18:00:00,1,Collision with vehicle,6,Friday,147,VEHICLE STRIKES ANOTHER VEH WHILE EMERGING FROM DRIVEWAY,3,261072,2,0,1,1,2,4,1,5,Not at intersection,2,60,Arterial Highway,144.301482,-36.735861,20130503,BENDIGO
T20130009358,2013-05-05,15:30:00,1,Collision with vehicle,1,Sunday,110,CROSS TRAFFIC(INTERSECTIONS ONLY),1,29984,2,0,0,1,1,2,2,1,Cross intersection,3,60,Local Road,144.285093,-36.776419,20130505,BENDIGO
T20130009377,2013-05-06,18:30:00,1,Collision with vehicle,2,Monday,110,CROSS TRAFFIC(INTERSECTIONS ONLY),3,59537,2,0,0,2,0,2,1,1,Cross intersection,3,50,Local Road,144.262005,-36.735267,20130506,BENDIGO
T20130009366,2013-05-06,16:30:00,1,Collision with vehicle,2,Monday,110,CROSS TRAFFIC(INTERSECTIONS ONLY),1,51559,2,0,0,1,1,2,2,1,Cross intersection,3,50,Local Road,144.30418,-36.746762,20130506,BENDIGO
T20130009423,2013-05-07,09:15:00,1,Collision with vehicle,3,Tuesday,116,LEFT NEAR (INTERSECTIONS ONLY),1,51749,2,0,1,2,0,3,1,1,Cross intersection,2,100,,144.18936,-36.825198,20130507,BENDIGO
T20130009448,2013-05-07,15:30:00,1,Collision with vehicle,3,Tuesday,130,REAR END(VEHICLES IN SAME LANE),1,268875,2,0,0,1,1,2,1,5,Not at intersection,3,40,Arterial Highway,144.257814,-36.723469,20130507,BENDIGO
T20130009442,2013-05-07,13:47:00,1,Collision with vehicle,3,Tuesday,130,REAR END(VEHICLES IN SAME LANE),1,268874,2,0,0,1,1,2,1,5,Not at intersection,3,60,Arterial Other,144.275353,-36.772213,20130507,BENDIGO
T20130009515,2013-05-08,14:05:00,1,Collision with vehicle,4,Wednesday,146,REVERSING INTO FIXED OBJECT/PARKED VEHICLE,1,260041,2,0,0,1,0,1,1,5,Not at intersection,3,50,Local Road,144.282547,-36.759258,20130508,BENDIGO
T20130009505,2013-05-08,11:10:00,1,Collision with vehicle,4,Wednesday,110,CROSS TRAFFIC(INTERSECTIONS ONLY),1,51657,2,0,0,1,1,2,2,1,Cross intersection,3,50,Local Road,144.313881,-36.766365,20130508,BENDIGO
T20130009643,2013-05-09,20:55:00,3,Struck animal,5,Thursday,167,STRUCK ANIMAL,6,261613,1,0,0,1,1,2,1,5,Not at intersection,3,100,Local Road,144.227608,-36.817125,20130509,BENDIGO
T20130009715,2013-05-10,15:05:00,1,Collision with vehicle,6,Friday,110,CROSS TRAFFIC(INTERSECTIONS ONLY),1,19409,2,0,0,1,1,2,1,1,Cross intersection,3,100,Local Road,144.522812,-36.65015,20130510,BENDIGO
T20130009859,2013-05-12,00:15:00,1,Collision with vehicle,1,Sunday,150,HEAD ON(OVERTAKING),5,268938,2,0,0,1,3,4,1,5,Not at intersection,3,100,Arterial Highway,144.099811,-36.706339,20130512,BENDIGO
T20130010015,2013-05-13,21:45:00,4,Collision with a fixed object,2,Monday,141,U TURN INTO FIXED OBJECT/PARKED VEHICLE,5,270522,1,0,0,1,0,1,2,5,Not at intersection,3,80,Arterial Highway,144.325478,-36.760283,20130513,BENDIGO
T20130010442,2013-05-19,13:55:00,4,Collision with a fixed object,1,Sunday,181,OFF RIGHT BEND INTO OBJECT/PARKED VEHICLE,1,269002,1,0,0,1,0,1,1,5,Not at intersection,3,100,,144.264163,-36.646338,20130519,BENDIGO
T20130010654,2013-05-22,18:05:00,1,Collision with vehicle,4,Wednesday,130,REAR END(VEHICLES IN SAME LANE),3,260734,2,0,0,1,1,2,1,5,Not at intersection,3,60,Arterial Highway,144.248643,-36.781961,20130522,BENDIGO
T20130010766,2013-05-24,08:14:00,1,Collision with vehicle,6,Friday,116,LEFT NEAR (INTERSECTIONS ONLY),1,51559,2,0,0,1,1,2,1,1,Cross intersection,3,60,Local Road,144.30418,-36.746762,20130524,BENDIGO
T20130011247,2013-05-31,08:24:00,1,Collision with vehicle,6,Friday,110,CROSS TRAFFIC(INTERSECTIONS ONLY),1,19417,2,0,1,0,1,2,1,1,Cross intersection,2,60,Arterial Other,144.266885,-36.735703,20130531,BENDIGO
T20130011347,2013-05-31,15:15:00,1,Collision with vehicle,6,Friday,121,RIGHT THROUGH,1,51513,2,0,0,2,1,3,1,2,T intersection,3,40,Arterial Highway,144.256925,-36.721293,20130531,BENDIGO
T20130011348,2013-05-31,12:40:00,1,Collision with vehicle,6,Friday,137,LEFT TURN SIDESWIPE,1,51570,2,0,0,1,1,2,1,1,Cross intersection,3,60,Arterial Highway,144.290752,-36.749779,20130531,BENDIGO
T20130011505,2013-06-02,17:45:00,1,Collision with vehicle,1,Sunday,121,RIGHT THROUGH,1,51593,2,0,0,1,1,2,1,1,Cross intersection,3,60,Arterial Other,144.274076,-36.755246,20130602,BENDIGO
T20130011524,2013-06-03,18:50:00,1,Collision with vehicle,2,Monday,162,ACCIDENT OR BROKEN DOWN,5,269143,2,0,1,0,1,2,1,5,Not at intersection,2,100,,144.28602,-36.927848,20130603,BENDIGO
T20130014759,2013-06-06,15:15:00,1,Collision with vehicle,5,Thursday,116,LEFT NEAR (INTERSECTIONS ONLY),1,29980,2,0,1,2,1,4,1,1,Cross intersection,2,70,Arterial Highway,144.31319,-36.759376,20130606,BENDIGO
T20130011817,2013-06-07,13:25:00,1,Collision with vehicle,6,Friday,113,RIGHT NEAR (INTERSECTIONS ONLY),1,19446,2,0,0,2,1,3,1,1,Cross intersection,3,100,Arterial Highway,144.158783,-36.809684,20130607,BENDIGO
T20130011898,2013-06-08,12:10:00,1,Collision with vehicle,7,Saturday,113,RIGHT NEAR (INTERSECTIONS ONLY),1,225886,2,0,0,1,2,3,1,2,T intersection,3,100,,144.212191,-36.88598,20130608,BENDIGO
T20130011893,2013-06-08,09:39:00,4,Collision with a fixed object,7,Saturday,151,OUT OF CONTROL (OVERTAKING),1,269180,1,0,1,0,0,1,1,5,Not at intersection,2,100,Arterial Highway,144.533387,-36.606026,20130608,BENDIGO
T20130011972,2013-06-09,16:30:00,1,Collision with vehicle,1,Sunday,132,RIGHT REAR.,1,261097,2,0,1,1,1,3,1,1,Cross intersection,2,60,Arterial Highway,144.499754,-36.785892,20130609,BENDIGO
T20130012090,2013-06-11,10:35:00,1,Collision with vehicle,3,Tuesday,110,CROSS TRAFFIC(INTERSECTIONS ONLY),1,261099,2,0,1,1,1,3,1,1,Cross intersection,2,60,,144.263006,-36.728112,20130611,BENDIGO
T20130012226,2013-06-12,19:10:00,1,Collision with vehicle,4,Wednesday,130,REAR END(VEHICLES IN SAME LANE),3,44715,2,0,1,0,2,3,1,1,Cross intersection,2,50,Arterial Highway,144.253698,-36.718652,20130612,BENDIGO
T20130012279,2013-06-13,11:25:00,2,Struck Pedestrian,5,Thursday,109,ANY MANOEUVRE INVOLVING PED NOT INCLUDED IN DCAs 100-108.,1,51576,2,0,1,0,2,3,1,2,T intersection,2,60,Arterial Other,144.282508,-36.750867,20130613,BENDIGO
T20130012249,2013-06-13,09:25:00,1,Collision with vehicle,5,Thursday,121,RIGHT THROUGH,1,51546,2,0,1,0,1,2,1,1,Cross intersection,2,50,Local Road,144.299855,-36.740214,20130613,BENDIGO
T20130012558,2013-06-17,15:40:00,1,Collision with vehicle,2,Monday,116,LEFT NEAR (INTERSECTIONS ONLY),1,51537,2,0,0,1,1,2,2,1,Cross intersection,3,60,Arterial Highway,144.258163,-36.735256,20130617,BENDIGO
T20130012519,2013-06-17,09:18:00,6,Vehicle overturned (no collision),2,Monday,170,OFF CARRIAGEWAY TO LEFT,1,261658,1,0,0,1,0,1,1,5,Not at intersection,3,100,,144.16341,-36.832392,20130617,BENDIGO
T20130012582,2013-06-17,18:20:00,2,Struck Pedestrian,2,Monday,102,FAR SIDE. PED HIT BY VEHICLE FROM THE LEFT,3,51605,1,0,0,2,1,3,1,1,Cross intersection,3,50,,144.275472,-36.75699,20130617,BENDIGO
T20130014156,2013-06-18,06:45:00,8,No collision and no object struck,3,Tuesday,184,OUT OF CONTROL ON CARRIAGEWAY (ON BEND),3,30031,1,0,0,1,0,1,2,1,Cross intersection,3,60,Arterial Highway,144.291933,-36.757373,20130618,BENDIGO
T20130013347,2013-06-18,12:30:00,3,Struck animal,3,Tuesday,167,STRUCK ANIMAL,1,261417,1,0,0,1,0,1,2,5,Not at intersection,3,100,Arterial Highway,144.224354,-36.858162,20130618,BENDIGO
T20130012666,2013-06-18,18:05:00,2,Struck Pedestrian,3,Tuesday,105,PED WALKING AGAINST TRAFFIC.,5,271088,2,0,0,1,2,3,1,5,Not at intersection,3,80,,144.237778,-36.82202,20130618,BENDIGO
T20130012713,2013-06-19,09:03:00,1,Collision with vehicle,4,Wednesday,110,CROSS TRAFFIC(INTERSECTIONS ONLY),1,51623,2,0,1,2,4,7,1,1,Cross intersection,2,60,Local Road,144.26476,-36.760141,20130619,BENDIGO
T20130012758,2013-06-19,15:58:00,1,Collision with vehicle,4,Wednesday,160,VEHICLE COLLIDES WITH VEHICLE PARKED ON LEFT OF ROAD,1,262219,2,0,0,2,0,2,1,5,Not at intersection,3,60,Arterial Highway,144.297067,-36.741588,20130619,BENDIGO
T20130012764,2013-06-19,17:15:00,4,Collision with a fixed object,4,Wednesday,181,OFF RIGHT BEND INTO OBJECT/PARKED VEHICLE,2,261683,1,0,1,0,0,1,1,5,Not at intersection,2,100,,144.493308,-36.89116,20130619,BENDIGO
T20130013276,2013-06-20,13:45:00,7,Fall from or in moving vehicle,5,Thursday,190,FELL IN/FROM VEHICLE,1,269366,1,0,0,1,1,2,1,5,Not at intersection,3,100,Local Road,144.299903,-36.508413,20130620,BENDIGO
T20130013442,2013-06-20,20:15:00,6,Vehicle overturned (no collision),5,Thursday,174,OUT OF CONTROL ON CARRIAGEWAY (ON STRAIGHT),6,51729,1,0,0,1,0,1,2,1,Cross intersection,3,60,Local Road,144.245383,-36.797048,20130620,BENDIGO
T20130012900,2013-06-21,09:00:00,2,Struck Pedestrian,6,Friday,109,ANY MANOEUVRE INVOLVING PED NOT INCLUDED IN DCAs 100-108.,1,55945,1,0,0,1,1,2,2,2,T intersection,3,40,Local Road,144.235052,-36.789861,20130621,BENDIGO
T20130012940,2013-06-21,16:10:00,8,No collision and no object struck,6,Friday,174,OUT OF CONTROL ON CARRIAGEWAY (ON STRAIGHT),1,51627,1,0,0,1,0,1,1,1,Cross intersection,3,60,Arterial Highway,144.273591,-36.761102,20130621,BENDIGO
T20130012990,2013-06-21,08:32:00,1,Collision with vehicle,6,Friday,160,VEHICLE COLLIDES WITH VEHICLE PARKED ON LEFT OF ROAD,2,269325,2,0,0,1,2,3,1,5,Not at intersection,3,60,,144.267999,-36.773048,20130621,BENDIGO
T20130013083,2013-06-22,13:15:00,6,Vehicle overturned (no collision),7,Saturday,174,OUT OF CONTROL ON CARRIAGEWAY (ON STRAIGHT),1,56555,1,0,0,1,0,1,2,2,T intersection,3,60,Arterial Other,144.245889,-36.761949,20130622,BENDIGO
T20130017587,2013-06-27,16:10:00,4,Collision with a fixed object,5,Thursday,181,OFF RIGHT BEND INTO OBJECT/PARKED VEHICLE,2,269479,1,0,0,1,0,1,2,5,Not at intersection,3,60,Local Road,144.218939,-36.753991,20130627,BENDIGO
T20130013413,2013-06-28,08:10:00,4,Collision with a fixed object,6,Friday,173,RIGHT OFF CARRIAGEWAY INTO OBJECT/PARKED VEHICLE,2,277426,1,0,0,1,0,1,1,5,Not at intersection,3,100,Local Road,144.351682,-36.70673,20130628,BENDIGO
T20130013577,2013-06-30,14:30:00,3,Struck animal,1,Sunday,167,STRUCK ANIMAL,1,269416,1,0,1,0,0,1,1,5,Not at intersection,2,100,,144.337994,-36.563809,20130630,BENDIGO
T20130013621,2013-07-01,04:45:00,3,Struck animal,2,Monday,167,STRUCK ANIMAL,5,261715,1,0,0,1,0,1,1,5,Not at intersection,3,100,,144.180618,-36.808131,20130701,BENDIGO
T20130017388,2013-07-09,06:40:00,3,Struck animal,3,Tuesday,167,STRUCK ANIMAL,5,262907,1,0,0,1,0,1,2,5,Not at intersection,3,100,Local Road,144.276729,-36.82648,20130709,BENDIGO
T20130014356,2013-07-11,06:45:00,1,Collision with vehicle,5,Thursday,116,LEFT NEAR (INTERSECTIONS ONLY),2,19436,2,0,0,1,1,2,2,1,Cross intersection,3,50,Local Road,144.286113,-36.763836,20130711,BENDIGO
T20130014584,2013-07-14,13:30:00,1,Collision with vehicle,1,Sunday,116,LEFT NEAR (INTERSECTIONS ONLY),1,233303,2,0,1,2,1,4,1,2,T intersection,2,60,,144.264847,-36.712077,20130714,BENDIGO
T20130014778,2013-07-16,15:45:00,1,Collision with vehicle,3,Tuesday,121,RIGHT THROUGH,1,51645,2,0,0,1,1,2,2,1,Cross intersection,3,60,Arterial Other,144.248056,-36.764191,20130716,BENDIGO
T20130015027,2013-07-20,18:20:00,6,Vehicle overturned (no collision),7,Saturday,170,OFF CARRIAGEWAY TO LEFT,3,262094,1,0,0,1,0,1,1,5,Not at intersection,3,50,Local Road,144.271048,-36.719168,20130720,BENDIGO
T20130017693,2013-07-21,12:55:00,1,Collision with vehicle,1,Sunday,110,CROSS TRAFFIC(INTERSECTIONS ONLY),1,51628,2,0,0,1,4,5,1,1,Cross intersection,3,60,Arterial Other,144.283385,-36.761424,20130721,BENDIGO
T20130015095,2013-07-21,21:45:00,2,Struck Pedestrian,1,Sunday,100,PED NEAR SIDE. PED HIT BY VEHICLE FROM THE RIGHT.,3,59524,1,0,1,0,1,2,1,1,Cross intersection,2,60,Arterial Highway,144.304867,-36.731458,20130721,BENDIGO
T20130015067,2013-07-21,09:00:00,1,Collision with vehicle,1,Sunday,110,CROSS TRAFFIC(INTERSECTIONS ONLY),1,44641,3,0,0,2,1,3,1,1,Cross intersection,3,60,Local Road,144.284369,-36.762292,20130721,BENDIGO
T20130015232,2013-07-23,18:15:00,1,Collision with vehicle,3,Tuesday,121,RIGHT THROUGH,3,51916,2,0,1,1,1,3,1,1,Cross intersection,2,60,Arterial Highway,144.316158,-36.705155,20130723,BENDIGO
T20130015305,2013-07-24,13:50:00,1,Collision with vehicle,4,Wednesday,110,CROSS TRAFFIC(INTERSECTIONS ONLY),1,19446,2,0,0,2,1,3,1,1,Cross intersection,3,100,Arterial Highway,144.158783,-36.809684,20130724,BENDIGO