ACCIDENT_NO,ACCIDENT_DATE,ACCIDENT_TIME,ACCIDENT_TYPE,ACCIDENT_TYPE_DESC,DAY_OF_WEEK,DAY_WEEK_DESC,DCA_CODE,DCA_DESC,LIGHT_CONDITION,NODE_ID,NO_OF_VEHICLES,NO_PERSONS_KILLED,NO_PERSONS_INJ_2,NO_PERSONS_INJ_3,NO_PERSONS_NOT_INJ,NO_PERSONS,POLICE_ATTEND,ROAD_GEOMETRY,ROAD_GEOMETRY_DESC,SEVERITY,SPEED_ZONE,RMA, LAT, LONG, DATE, COUNCIL
T20130015544,2013-07-27,15:21:00,4,Collision with a fixed object,7,Saturday,171,LEFT OFF CARRIAGEWAY INTO OBJECT/PARKED VEHICLE,1,51642,1,0,0,1,0,1,1,1,Cross intersection,3,50,Arterial Other,144.282891,-36.763372,20130727,BENDIGO
T20130015748,2013-07-30,19:16:00,4,Collision with a fixed object,3,Tuesday,171,LEFT OFF CARRIAGEWAY INTO OBJECT/PARKED VEHICLE,5,262320,1,0,1,0,0,1,1,5,Not at intersection,2,80,Local Road,144.228129,-36.75942,20130730,BENDIGO
T20130015859,2013-07-31,10:27:00,1,Collision with vehicle,4,Wednesday,121,RIGHT THROUGH,1,262328,2,0,0,1,1,2,1,5,Not at intersection,3,60,Arterial Highway,144.291002,-36.749451,20130731,BENDIGO
T20130015948,2013-08-02,16:05:00,1,Collision with vehicle,6,Friday,130,REAR END(VEHICLES IN SAME LANE),1,51632,3,0,0,2,1,3,1,1,Cross intersection,3,60,Arterial Highway,144.269842,-36.761875,20130802,BENDIGO
T20130016335,2013-08-03,10:25:00,5,collision with some other object,7,Saturday,166,STRUCK OBJECT ON CARRIAGEWAY,1,262475,1,0,1,0,0,1,2,5,Not at intersection,2,999,,144.32101,-36.872159,20130803,BENDIGO
T20130018991,2013-08-04,12:00:00,8,No collision and no object struck,1,Sunday,174,OUT OF CONTROL ON CARRIAGEWAY (ON STRAIGHT),1,263991,1,0,0,1,0,1,2,5,Not at intersection,3,999,,144.754019,-36.849529,20130804,BENDIGO
T20130016275,2013-08-07,09:20:00,4,Collision with a fixed object,4,Wednesday,171,LEFT OFF CARRIAGEWAY INTO OBJECT/PARKED VEHICLE,1,278621,1,0,0,1,0,1,1,5,Not at intersection,3,60,Local Road,144.34536,-36.781861,20130807,BENDIGO
T20130016267,2013-08-07,08:15:00,2,Struck Pedestrian,4,Wednesday,102,FAR SIDE. PED HIT BY VEHICLE FROM THE LEFT,1,262618,1,0,0,1,1,2,1,5,Not at intersection,3,50,Local Road,144.281801,-36.760281,20130807,BENDIGO
T20130016413,2013-08-09,13:10:00,2,Struck Pedestrian,6,Friday,100,PED NEAR SIDE. PED HIT BY VEHICLE FROM THE RIGHT.,1,262531,1,0,1,0,2,3,1,5,Not at intersection,2,50,Arterial Highway,144.244147,-36.79582,20130809,BENDIGO
T20130017050,2013-08-15,22:30:00,5,collision with some other object,5,Thursday,166,STRUCK OBJECT ON CARRIAGEWAY,5,262804,1,0,0,1,1,2,2,5,Not at intersection,3,100,Local Road,144.517178,-36.68624,20130815,BENDIGO
T20130016904,2013-08-16,14:45:00,1,Collision with vehicle,6,Friday,135,LANE CHANGE LEFT (NOT OVERTAKING),1,19423,2,0,0,1,2,3,2,2,T intersection,3,60,Arterial Highway,144.258828,-36.740617,20130816,BENDIGO
T20130016933,2013-08-16,21:28:00,2,Struck Pedestrian,6,Friday,104,PED WALKING WITH TRAFFIC,3,263362,1,0,1,0,2,3,1,5,Not at intersection,2,60,Local Road,144.237752,-36.807621,20130816,BENDIGO
T20130016941,2013-08-17,02:35:00,4,Collision with a fixed object,7,Saturday,171,LEFT OFF CARRIAGEWAY INTO OBJECT/PARKED VEHICLE,3,19413,1,0,0,1,0,1,1,1,Cross intersection,3,60,Arterial Other,144.291879,-36.731364,20130817,BENDIGO
T20130017083,2013-08-19,11:55:00,1,Collision with vehicle,2,Monday,111,RIGHT FAR (INTERSECTIONS ONLY),1,49318,4,0,1,1,1,3,1,4,Multiple intersection,2,50,Arterial Highway,144.287376,-36.758373,20130819,BENDIGO
T20130017113,2013-08-19,15:35:00,1,Collision with vehicle,2,Monday,110,CROSS TRAFFIC(INTERSECTIONS ONLY),1,59537,3,0,0,1,4,5,1,1,Cross intersection,3,50,Local Road,144.262005,-36.735267,20130819,BENDIGO
T20130017192,2013-08-20,15:40:00,6,Vehicle overturned (no collision),3,Tuesday,170,OFF CARRIAGEWAY TO LEFT,1,263733,1,0,0,1,0,1,1,5,Not at intersection,3,110,Freeway,144.221649,-36.90992,20130820,BENDIGO
T20130017339,2013-08-22,15:52:00,1,Collision with vehicle,5,Thursday,120,HEAD ON (NOT OVERTAKING),1,262885,2,0,2,0,0,2,1,5,Not at intersection,2,50,,144.29973,-36.8032,20130822,BENDIGO
T20130017530,2013-08-24,09:15:00,1,Collision with vehicle,7,Saturday,135,LANE CHANGE LEFT (NOT OVERTAKING),1,263000,2,0,0,1,4,5,1,5,Not at intersection,3,60,Arterial Highway,144.264071,-36.755716,20130824,BENDIGO
T20140002740,2013-08-25,10:30:00,1,Collision with vehicle,1,Sunday,130,REAR END(VEHICLES IN SAME LANE),1,51598,2,0,0,1,1,2,2,2,T intersection,3,60,Arterial Highway,144.221216,-36.755482,20130825,BENDIGO
T20130017573,2013-08-26,02:30:00,6,Vehicle overturned (no collision),2,Monday,172,OFF CARRIAGEWAY TO RIGHT,5,59439,1,0,1,0,0,1,1,1,Cross intersection,2,100,Arterial Highway,144.429348,-36.643154,20130826,BENDIGO
T20130024382,2013-08-26,15:30:00,1,Collision with vehicle,2,Monday,110,CROSS TRAFFIC(INTERSECTIONS ONLY),1,264865,2,0,0,1,1,2,2,1,Cross intersection,3,50,Local Road,144.261285,-36.734127,20130826,BENDIGO
T20130017700,2013-08-27,08:35:00,1,Collision with vehicle,3,Tuesday,130,REAR END(VEHICLES IN SAME LANE),1,233303,2,0,0,1,1,2,2,2,T intersection,3,50,,144.264847,-36.712077,20130827,BENDIGO
T20130017932,2013-08-30,15:30:00,4,Collision with a fixed object,6,Friday,181,OFF RIGHT BEND INTO OBJECT/PARKED VEHICLE,1,277128,1,0,1,0,0,1,1,5,Not at intersection,2,100,Local Road,144.505202,-36.783662,20130830,BENDIGO
T20130017976,2013-08-31,00:10:00,4,Collision with a fixed object,7,Saturday,175,OFF END OF ROAD/T-INTERSECTION.,5,51921,1,0,2,0,0,2,1,2,T intersection,2,100,Local Road,144.565609,-36.770411,20130831,BENDIGO
T20130018076,2013-09-01,15:00:00,6,Vehicle overturned (no collision),1,Sunday,174,OUT OF CONTROL ON CARRIAGEWAY (ON STRAIGHT),1,263120,1,0,0,1,0,1,1,2,T intersection,3,80,Local Road,144.224185,-36.764826,20130901,BENDIGO
T20130018139,2013-09-02,10:35:00,1,Collision with vehicle,2,Monday,130,REAR END(VEHICLES IN SAME LANE),1,51507,2,0,0,2,1,3,2,2,T intersection,3,60,,144.31326,-36.71775,20130902,BENDIGO
T20130018308,2013-09-05,06:00:00,4,Collision with a fixed object,5,Thursday,181,OFF RIGHT BEND INTO OBJECT/PARKED VEHICLE,2,263741,1,0,1,0,0,1,1,5,Not at intersection,2,60,Local Road,144.304367,-36.720658,20130905,BENDIGO
T20130018455,2013-09-06,16:50:00,1,Collision with vehicle,6,Friday,121,RIGHT THROUGH,1,51646,2,0,0,1,2,3,1,1,Cross intersection,3,60,Arterial Highway,144.269306,-36.764606,20130906,BENDIGO
T20130019231,2013-09-11,18:30:00,3,Struck animal,4,Wednesday,167,STRUCK ANIMAL,5,263506,1,0,0,1,0,1,2,5,Not at intersection,3,100,Arterial Highway,144.542981,-36.793356,20130911,BENDIGO
T20130018818,2013-09-12,09:30:00,1,Collision with vehicle,5,Thursday,110,CROSS TRAFFIC(INTERSECTIONS ONLY),1,51546,3,0,0,1,2,3,1,1,Cross intersection,3,50,Local Road,144.299855,-36.740214,20130912,BENDIGO
T20130019120,2013-09-17,08:55:00,1,Collision with vehicle,3,Tuesday,110,CROSS TRAFFIC(INTERSECTIONS ONLY),1,263576,2,0,0,1,1,2,1,1,Cross intersection,3,50,Local Road,144.253418,-36.723112,20130917,BENDIGO
T20130019288,2013-09-19,11:22:00,1,Collision with vehicle,5,Thursday,130,REAR END(VEHICLES IN SAME LANE),1,263626,2,0,0,1,1,2,2,5,Not at intersection,3,60,Arterial Highway,144.286817,-36.753647,20130919,BENDIGO
T20130019274,2013-09-19,08:30:00,1,Collision with vehicle,5,Thursday,121,RIGHT THROUGH,1,263625,2,0,0,1,1,2,1,5,Not at intersection,3,60,Arterial Highway,144.299362,-36.738611,20130919,BENDIGO
T20130019271,2013-09-19,08:57:00,1,Collision with vehicle,5,Thursday,143,ENTERING PARKING,1,263501,2,0,1,0,1,2,1,5,Not at intersection,2,60,Arterial Other,144.29495,-36.769324,20130919,BENDIGO
T20130019357,2013-09-20,09:40:00,1,Collision with vehicle,6,Friday,113,RIGHT NEAR (INTERSECTIONS ONLY),1,59796,2,0,0,2,1,3,1,1,Cross intersection,3,50,Local Road,144.24625,-36.772843,20130920,BENDIGO
T20130019517,2013-09-22,11:40:00,1,Collision with vehicle,1,Sunday,132,RIGHT REAR.,1,51715,2,0,0,2,3,5,1,2,T intersection,3,60,Local Road,144.241998,-36.786628,20130922,BENDIGO
T20130019563,2013-09-23,07:45:00,2,Struck Pedestrian,2,Monday,100,PED NEAR SIDE. PED HIT BY VEHICLE FROM THE RIGHT.,1,49321,1,0,1,0,2,3,1,1,Cross intersection,2,50,Arterial Other,144.305216,-36.773247,20130923,BENDIGO
T20130019550,2013-09-23,00:25:00,4,Collision with a fixed object,2,Monday,173,RIGHT OFF CARRIAGEWAY INTO OBJECT/PARKED VEHICLE,3,29977,1,0,0,1,0,1,1,1,Cross intersection,3,60,Arterial Other,144.283473,-36.750173,20130923,BENDIGO
T20130019823,2013-09-26,13:50:00,1,Collision with vehicle,5,Thursday,140,U TURN,1,264329,2,0,0,2,2,4,1,5,Not at intersection,3,40,Local Road,144.29842,-36.78046,20130926,BENDIGO
T20130020070,2013-09-29,21:00:00,8,No collision and no object struck,1,Sunday,174,OUT OF CONTROL ON CARRIAGEWAY (ON STRAIGHT),3,51642,2,0,0,1,1,2,1,1,Cross intersection,3,50,Arterial Other,144.282891,-36.763372,20130929,BENDIGO
T20130023837,2013-09-30,16:25:00,1,Collision with vehicle,2,Monday,113,RIGHT NEAR (INTERSECTIONS ONLY),1,51556,2,0,0,2,0,2,1,2,T intersection,3,60,Arterial Other,144.290258,-36.744434,20130930,BENDIGO
T20130020197,2013-10-01,11:40:00,2,Struck Pedestrian,3,Tuesday,100,PED NEAR SIDE. PED HIT BY VEHICLE FROM THE RIGHT.,1,221789,1,0,0,1,1,2,1,2,T intersection,3,60,Arterial Other,144.296553,-36.769349,20131001,BENDIGO
T20130020332,2013-10-02,19:46:00,2,Struck Pedestrian,4,Wednesday,102,FAR SIDE. PED HIT BY VEHICLE FROM THE LEFT,2,51716,1,0,1,0,4,5,1,2,T intersection,2,60,Arterial Highway,144.245239,-36.788568,20131002,BENDIGO
T20130022012,2013-10-05,14:30:00,8,No collision and no object struck,7,Saturday,174,OUT OF CONTROL ON CARRIAGEWAY (ON STRAIGHT),1,264522,1,0,0,1,0,1,1,5,Not at intersection,3,80,,144.32007,-36.814492,20131005,BENDIGO
T20130020561,2013-10-05,14:50:00,6,Vehicle overturned (no collision),7,Saturday,174,OUT OF CONTROL ON CARRIAGEWAY (ON STRAIGHT),1,264996,1,0,0,1,0,1,1,5,Not at intersection,3,60,,144.15551,-36.83737,20131005,BENDIGO
T20130020538,2013-10-05,12:20:00,4,Collision with a fixed object,7,Saturday,151,OUT OF CONTROL (OVERTAKING),1,264995,2,0,0,1,1,2,1,5,Not at intersection,3,100,Arterial Highway,144.07531,-36.755009,20131005,BENDIGO
T20130024188,2013-10-07,13:56:00,1,Collision with vehicle,2,Monday,130,REAR END(VEHICLES IN SAME LANE),1,51642,2,0,0,1,2,3,2,1,Cross intersection,3,50,Arterial Other,144.282891,-36.763372,20131007,BENDIGO
T20130020712,2013-10-08,08:45:00,1,Collision with vehicle,3,Tuesday,114,TWO RIGHT TURNING (INTERSECTIONS ONLY),1,59739,2,0,0,1,2,3,1,2,T intersection,3,60,Arterial Other,144.248397,-36.76527,20131008,BENDIGO
T20130020911,2013-10-08,13:00:00,1,Collision with vehicle,3,Tuesday,163,VEHICLE STRIKES DOOR OF PARKED/STATIONARY VEHICLE,1,51677,2,0,1,0,1,2,2,1,Cross intersection,2,60,Arterial Highway,144.259259,-36.772197,20131008,BENDIGO
T20130020849,2013-10-09,17:50:00,1,Collision with vehicle,4,Wednesday,116,LEFT NEAR (INTERSECTIONS ONLY),1,19446,2,0,1,0,1,2,1,1,Cross intersection,2,100,Arterial Highway,144.158783,-36.809684,20131009,BENDIGO
T20130021084,2013-10-12,12:45:00,1,Collision with vehicle,7,Saturday,160,VEHICLE COLLIDES WITH VEHICLE PARKED ON LEFT OF ROAD,1,264623,2,0,0,1,0,1,1,1,Cross intersection,3,60,,144.255347,-36.717298,20131012,BENDIGO
T20130021134,2013-10-13,03:15:00,4,Collision with a fixed object,1,Sunday,181,OFF RIGHT BEND INTO OBJECT/PARKED VEHICLE,3,264104,1,0,1,1,0,2,1,5,Not at intersection,2,60,Arterial Other,144.294211,-36.742582,20131013,BENDIGO
T20130021239,2013-10-14,15:30:00,1,Collision with vehicle,2,Monday,113,RIGHT NEAR (INTERSECTIONS ONLY),1,45005,2,0,0,2,1,3,1,1,Cross intersection,3,60,Arterial Other,144.315756,-36.766846,20131014,BENDIGO
T20130021242,2013-10-14,16:15:00,1,Collision with vehicle,2,Monday,113,RIGHT NEAR (INTERSECTIONS ONLY),1,57732,2,0,0,2,0,2,1,2,T intersection,3,80,Arterial Highway,144.217711,-36.750222,20131014,BENDIGO
T20140000973,2013-10-16,18:10:00,7,Fall from or in moving vehicle,4,Wednesday,190,FELL IN/FROM VEHICLE,2,51610,1,0,0,2,1,3,2,1,Cross intersection,3,60,Arterial Highway,144.298155,-36.758555,20131016,BENDIGO
T20130021405,2013-10-16,15:50:00,1,Collision with vehicle,4,Wednesday,110,CROSS TRAFFIC(INTERSECTIONS ONLY),1,54293,2,0,0,1,2,3,1,1,Cross intersection,3,50,Local Road,144.275446,-36.753788,20131016,BENDIGO
T20130021883,2013-10-17,11:45:00,1,Collision with vehicle,5,Thursday,132,RIGHT REAR.,1,264684,2,0,0,1,1,2,1,2,T intersection,3,60,Arterial Other,144.317219,-36.763621,20131017,BENDIGO
T20130021520,2013-10-18,00:20:00,4,Collision with a fixed object,6,Friday,171,LEFT OFF CARRIAGEWAY INTO OBJECT/PARKED VEHICLE,5,264688,1,0,0,1,0,1,1,5,Not at intersection,3,100,Arterial Other,144.089859,-36.816537,20131018,BENDIGO
T20140000186,2013-10-20,08:00:00,4,Collision with a fixed object,1,Sunday,183,OFF LEFT BEND INTO OBJECT/PARKED VEHICLE,9,265731,1,0,0,1,0,1,2,5,Not at intersection,3,100,,144.17906,-36.83669,20131020,BENDIGO
T20140003005,2013-10-21,16:00:00,8,No collision and no object struck,2,Monday,184,OUT OF CONTROL ON CARRIAGEWAY (ON BEND),1,266595,1,0,1,0,0,1,2,5,Not at intersection,2,60,Local Road,144.257013,-36.760141,20131021,BENDIGO
T20130021873,2013-10-23,08:05:00,1,Collision with vehicle,4,Wednesday,120,HEAD ON (NOT OVERTAKING),1,30031,2,0,0,1,1,2,1,1,Cross intersection,3,60,Arterial Highway,144.291933,-36.757373,20131023,BENDIGO
T20130022049,2013-10-25,16:15:00,1,Collision with vehicle,6,Friday,113,RIGHT NEAR (INTERSECTIONS ONLY),1,225886,3,0,1,1,5,7,1,2,T intersection,2,100,,144.212191,-36.88598,20131025,BENDIGO
T20130022423,2013-10-25,19:00:00,1,Collision with vehicle,6,Friday,110,CROSS TRAFFIC(INTERSECTIONS ONLY),1,59732,2,0,0,1,1,2,1,1,Cross intersection,3,60,Arterial Other,144.279811,-36.763644,20131025,BENDIGO
T20130022176,2013-10-27,19:15:00,1,Collision with vehicle,1,Sunday,121,RIGHT THROUGH,2,51735,2,0,0,1,2,3,1,2,T intersection,3,70,Arterial Highway,144.242322,-36.802638,20131027,BENDIGO
T20130022165,2013-10-27,17:30:00,4,Collision with a fixed object,1,Sunday,181,OFF RIGHT BEND INTO OBJECT/PARKED VEHICLE,1,265006,1,0,0,1,0,1,1,5,Not at intersection,3,100,Local Road,144.533163,-36.851546,20131027,BENDIGO
T20130022193,2013-10-28,07:45:00,1,Collision with vehicle,2,Monday,111,RIGHT FAR (INTERSECTIONS ONLY),2,53775,2,0,1,0,1,2,1,2,T intersection,2,60,Local Road,144.295491,-36.751219,20131028,BENDIGO
T20130022632,2013-10-28,09:00:00,2,Struck Pedestrian,2,Monday,101,PED EMERGES FROM IN FRONT OF PARKED OR STATIONARY VEHICLE,1,35815,1,0,0,1,1,2,2,4,Multiple intersection,3,60,Arterial Other,144.292096,-36.769124,20131028,BENDIGO
T20130022579,2013-11-01,17:13:00,1,Collision with vehicle,6,Friday,132,RIGHT REAR.,1,51516,2,0,0,1,1,2,1,2,T intersection,3,60,Local Road,144.278805,-36.72239,20131101,BENDIGO
T20130022682,2013-11-02,15:30:00,5,collision with some other object,7,Saturday,191,LOAD OR MISSILE STRUCK VEHICLE,1,265165,1,0,0,1,0,1,2,5,Not at intersection,3,100,Arterial Other,144.510224,-37.008836,20131102,BENDIGO
T20130022666,2013-11-02,23:05:00,4,Collision with a fixed object,7,Saturday,173,RIGHT OFF CARRIAGEWAY INTO OBJECT/PARKED VEHICLE,3,265164,1,0,0,1,0,1,1,5,Not at intersection,3,50,Local Road,144.278231,-36.743459,20131102,BENDIGO
T20140002925,2013-11-04,17:50:00,1,Collision with vehicle,2,Monday,130,REAR END(VEHICLES IN SAME LANE),1,44627,2,0,0,1,1,2,2,1,Cross intersection,3,60,,144.24489,-36.759869,20131104,BENDIGO
T20130023116,2013-11-08,15:10:00,1,Collision with vehicle,6,Friday,113,RIGHT NEAR (INTERSECTIONS ONLY),1,225886,2,0,3,0,1,4,1,2,T intersection,2,100,,144.212191,-36.88598,20131108,BENDIGO
T20130026067,2013-11-08,08:15:00,1,Collision with vehicle,6,Friday,147,VEHICLE STRIKES ANOTHER VEH WHILE EMERGING FROM DRIVEWAY,1,265459,2,0,0,1,1,2,2,5,Not at intersection,3,50,Local Road,144.231694,-36.785068,20131108,BENDIGO
T20130023198,2013-11-09,13:20:00,6,Vehicle overturned (no collision),7,Saturday,151,OUT OF CONTROL (OVERTAKING),1,264397,1,0,1,1,0,2,1,5,Not at intersection,2,100,Local Road,144.268348,-36.822425,20131109,BENDIGO
T20130023236,2013-11-10,16:58:00,4,Collision with a fixed object,1,Sunday,183,OFF LEFT BEND INTO OBJECT/PARKED VEHICLE,1,266213,1,0,1,0,0,1,1,5,Not at intersection,2,100,,144.303436,-36.800901,20131110,BENDIGO
T20130023307,2013-11-11,15:45:00,1,Collision with vehicle,2,Monday,132,RIGHT REAR.,1,59734,3,0,1,1,1,3,1,2,T intersection,2,60,Local Road,144.301521,-36.764411,20131111,BENDIGO
T20130023366,2013-11-12,12:10:00,1,Collision with vehicle,3,Tuesday,110,CROSS TRAFFIC(INTERSECTIONS ONLY),1,265343,2,0,0,1,1,2,1,1,Cross intersection,3,50,Local Road,144.61182,-36.494404,20131112,BENDIGO
T20130023424,2013-11-12,14:20:00,1,Collision with vehicle,3,Tuesday,132,RIGHT REAR.,1,265368,2,0,0,2,0,2,1,2,T intersection,3,60,Arterial Highway,144.2632,-36.770223,20131112,BENDIGO
T20130023445,2013-11-13,13:00:00,4,Collision with a fixed object,4,Wednesday,173,RIGHT OFF CARRIAGEWAY INTO OBJECT/PARKED VEHICLE,1,59730,1,0,0,1,0,1,2,1,Cross intersection,3,60,Local Road,144.292334,-36.763694,20131113,BENDIGO
T20130023475,2013-11-13,16:10:00,1,Collision with vehicle,4,Wednesday,113,RIGHT NEAR (INTERSECTIONS ONLY),1,51560,2,0,0,1,1,2,1,2,T intersection,3,60,Local Road,144.309938,-36.746719,20131113,BENDIGO
T20130023583,2013-11-14,19:40:00,6,Vehicle overturned (no collision),5,Thursday,172,OFF CARRIAGEWAY TO RIGHT,2,271089,1,0,0,1,0,1,1,5,Not at intersection,3,70,Arterial Highway,144.30358,-36.758803,20131114,BENDIGO
T20130023571,2013-11-14,15:15:00,4,Collision with a fixed object,5,Thursday,151,OUT OF CONTROL (OVERTAKING),1,54847,1,0,2,1,0,3,1,2,T intersection,2,100,Arterial Highway,144.739591,-36.951816,20131114,BENDIGO
T20130025090,2013-11-15,22:00:00,1,Collision with vehicle,6,Friday,130,REAR END(VEHICLES IN SAME LANE),9,35817,2,0,0,2,5,7,1,1,Cross intersection,3,60,Arterial Highway,144.261475,-36.771148,20131115,BENDIGO
T20130024490,2013-11-17,10:00:00,6,Vehicle overturned (no collision),1,Sunday,184,OUT OF CONTROL ON CARRIAGEWAY (ON BEND),1,265431,1,0,0,1,0,1,2,5,Not at intersection,3,50,,144.247913,-36.82457,20131117,BENDIGO
T20130023783,2013-11-17,22:10:00,4,Collision with a fixed object,1,Sunday,181,OFF RIGHT BEND INTO OBJECT/PARKED VEHICLE,5,264672,1,0,0,1,1,2,1,5,Not at intersection,3,100,Local Road,144.51328,-36.74242,20131117,BENDIGO
T20140002107,2013-11-18,12:00:00,1,Collision with vehicle,2,Monday,132,RIGHT REAR.,1,266967,2,0,0,1,1,2,2,5,Not at intersection,3,60,Arterial Highway,144.69953,-36.91365,20131118,BENDIGO
T20130025737,2013-11-18,22:30:00,4,Collision with a fixed object,2,Monday,171,LEFT OFF CARRIAGEWAY INTO OBJECT/PARKED VEHICLE,3,265464,1,0,0,1,0,1,2,5,Not at intersection,3,90,Arterial Highway,144.338619,-36.768341,20131118,BENDIGO
T20130023910,2013-11-19,16:55:00,8,No collision and no object struck,3,Tuesday,172,OFF CARRIAGEWAY TO RIGHT,1,264984,1,0,1,0,0,1,1,5,Not at intersection,2,50,Local Road,144.246892,-36.716307,20131119,BENDIGO
T20130024118,2013-11-22,11:44:00,1,Collision with vehicle,6,Friday,132,RIGHT REAR.,1,59541,3,0,0,1,2,3,1,2,T intersection,3,60,Arterial Highway,144.131456,-36.735114,20131122,BENDIGO
T20130024363,2013-11-25,15:00:00,1,Collision with vehicle,2,Monday,110,CROSS TRAFFIC(INTERSECTIONS ONLY),1,47652,2,0,0,2,3,5,1,1,Cross intersection,3,60,Local Road,144.261153,-36.715102,20131125,BENDIGO
T20140000372,2013-11-27,07:30:00,4,Collision with a fixed object,4,Wednesday,171,LEFT OFF CARRIAGEWAY INTO OBJECT/PARKED VEHICLE,2,266244,1,0,0,1,0,1,1,5,Not at intersection,3,100,,144.213493,-36.888729,20131127,BENDIGO
T20130024615,2013-11-29,11:20:00,4,Collision with a fixed object,6,Friday,171,LEFT OFF CARRIAGEWAY INTO OBJECT/PARKED VEHICLE,1,51585,1,0,0,1,0,1,1,1,Cross intersection,3,60,Arterial Highway,144.287529,-36.753129,20131129,BENDIGO
T20130024620,2013-11-29,12:30:00,1,Collision with vehicle,6,Friday,130,REAR END(VEHICLES IN SAME LANE),1,265583,2,0,0,1,1,2,1,2,T intersection,3,60,Local Road,144.291157,-36.771625,20131129,BENDIGO
T20130024857,2013-12-02,13:45:00,4,Collision with a fixed object,2,Monday,171,LEFT OFF CARRIAGEWAY INTO OBJECT/PARKED VEHICLE,1,265849,1,0,0,1,0,1,2,5,Not at intersection,3,100,Arterial Highway,144.587823,-36.826119,20131202,BENDIGO
T20140003972,2013-12-02,08:45:00,1,Collision with vehicle,2,Monday,130,REAR END(VEHICLES IN SAME LANE),1,49318,2,0,0,1,1,2,2,4,Multiple intersection,3,50,Arterial Highway,144.287376,-36.758373,20131202,BENDIGO
T20130024965,2013-12-04,06:20:00,6,Vehicle overturned (no collision),4,Wednesday,182,OFF CARRIAGEWAY ON LEFT BEND,2,331485,1,0,1,1,4,6,1,5,Not at intersection,2,60,,144.211069,-36.885142,20131204,BENDIGO
T20130025040,2013-12-04,21:50:00,1,Collision with vehicle,4,Wednesday,120,HEAD ON (NOT OVERTAKING),3,265916,2,0,0,2,0,2,1,5,Not at intersection,3,60,Arterial Highway,144.257219,-36.758419,20131204,BENDIGO
T20130025137,2013-12-06,07:40:00,1,Collision with vehicle,6,Friday,120,HEAD ON (NOT OVERTAKING),1,266076,2,0,0,1,1,2,1,5,Not at intersection,3,60,Local Road,144.670729,-36.95652,20131206,BENDIGO
T20130025259,2013-12-07,17:10:00,2,Struck Pedestrian,7,Saturday,101,PED EMERGES FROM IN FRONT OF PARKED OR STATIONARY VEHICLE,1,265970,1,0,1,0,1,2,1,5,Not at intersection,2,50,Local Road,144.261482,-36.734439,20131207,BENDIGO
T20130025346,2013-12-08,23:27:00,1,Collision with vehicle,1,Sunday,110,CROSS TRAFFIC(INTERSECTIONS ONLY),3,51521,2,0,0,3,1,4,1,1,Cross intersection,3,60,Arterial Highway,144.309004,-36.726132,20131208,BENDIGO
T20130025430,2013-12-09,20:40:00,6,Vehicle overturned (no collision),2,Monday,172,OFF CARRIAGEWAY TO RIGHT,2,266013,1,0,0,1,0,1,1,5,Not at intersection,3,100,Arterial Highway,144.199254,-36.674969,20131209,BENDIGO
T20130025432,2013-12-09,21:50:00,7,Fall from or in moving vehicle,2,Monday,190,FELL IN/FROM VEHICLE,3,51589,1,0,0,1,1,2,2,1,Cross intersection,3,60,Arterial Highway,144.28617,-36.754117,20131209,BENDIGO
T20130025400,2013-12-09,14:08:00,1,Collision with vehicle,1,Monday,110,CROSS TRAFFIC(INTERSECTIONS ONLY),1,51526,2,0,1,0,1,2,1,1,Cross intersection,2,60,Arterial Other,144.261881,-36.728705,20131209,BENDIGO
T20130026196,2013-12-09,15:15:00,1,Collision with vehicle,2,Monday,130,REAR END(VEHICLES IN SAME LANE),1,266016,2,0,0,1,1,2,2,5,Not at intersection,3,40,Local Road,144.299903,-36.726636,20131209,BENDIGO
T20130026079,2013-12-09,13:05:00,1,Collision with vehicle,2,Monday,140,U TURN,1,266015,3,0,0,1,1,2,1,5,Not at intersection,3,50,Local Road,144.278893,-36.762828,20131209,BENDIGO
T20130025488,2013-12-10,16:50:00,1,Collision with vehicle,3,Tuesday,140,U TURN,1,51650,2,0,0,3,1,4,1,1,Cross intersection,3,60,Arterial Other,144.273072,-36.7653,20131210,BENDIGO
T20130025534,2013-12-10,22:25:00,4,Collision with a fixed object,3,Tuesday,183,OFF LEFT BEND INTO OBJECT/PARKED VEHICLE,5,265533,1,0,0,1,0,1,1,5,Not at intersection,3,100,Local Road,144.282651,-36.86414,20131210,BENDIGO
T20130025461,2013-12-10,04:15:00,4,Collision with a fixed object,3,Tuesday,171,LEFT OFF CARRIAGEWAY INTO OBJECT/PARKED VEHICLE,2,265524,1,1,0,0,0,1,1,5,Not at intersection,1,100,Arterial Highway,144.108423,-36.747003,20131210,BENDIGO