ACCIDENT_NO,ACCIDENT_DATE,ACCIDENT_TIME,ACCIDENT_TYPE,ACCIDENT_TYPE_DESC,DAY_OF_WEEK,DAY_WEEK_DESC,DCA_CODE,DCA_DESC,LIGHT_CONDITION,NODE_ID,NO_OF_VEHICLES,NO_PERSONS_KILLED,NO_PERSONS_INJ_2,NO_PERSONS_INJ_3,NO_PERSONS_NOT_INJ,NO_PERSONS,POLICE_ATTEND,ROAD_GEOMETRY,ROAD_GEOMETRY_DESC,SEVERITY,SPEED_ZONE,RMA, LAT, LONG, DATE, COUNCIL
T20130025546,2013-12-11,14:38:00,1,Collision with vehicle,4,Wednesday,130,REAR END(VEHICLES IN SAME LANE),1,266025,4,0,0,1,5,6,1,5,Not at intersection,3,50,Arterial Other,144.272488,-36.764841,20131211,BENDIGO
T20130026481,2013-12-13,19:30:00,2,Struck Pedestrian,5,Friday,100,PED NEAR SIDE. PED HIT BY VEHICLE FROM THE RIGHT.,2,278653,1,0,0,1,1,2,2,2,T intersection,3,60,Local Road,144.279164,-36.709511,20131213,BENDIGO
T20130025778,2013-12-14,16:15:00,1,Collision with vehicle,7,Saturday,134,LANE CHANGE RIGHT (NOT OVERTAKING),1,266122,2,0,0,1,1,2,1,5,Not at intersection,3,50,Local Road,144.32447,-36.706161,20131214,BENDIGO
T20130025918,2013-12-16,09:08:00,1,Collision with vehicle,2,Monday,130,REAR END(VEHICLES IN SAME LANE),1,51700,4,0,0,1,3,4,1,1,Cross intersection,3,60,Arterial Highway,144.250247,-36.779793,20131216,BENDIGO
T20130026075,2013-12-16,15:05:00,1,Collision with vehicle,2,Monday,110,CROSS TRAFFIC(INTERSECTIONS ONLY),1,51593,2,0,0,1,2,3,1,1,Cross intersection,3,60,Arterial Other,144.274076,-36.755246,20131216,BENDIGO
T20140005420,2013-12-17,11:00:00,8,No collision and no object struck,3,Tuesday,174,OUT OF CONTROL ON CARRIAGEWAY (ON STRAIGHT),1,272195,1,0,0,1,0,1,2,5,Not at intersection,3,60,Arterial Other,144.31529,-36.74932,20131217,BENDIGO
T20130026191,2013-12-19,15:00:00,2,Struck Pedestrian,5,Thursday,100,PED NEAR SIDE. PED HIT BY VEHICLE FROM THE RIGHT.,1,170572,1,0,1,0,1,2,1,5,Not at intersection,2,40,Arterial Highway,144.243951,-36.79661,20131219,BENDIGO
T20130026135,2013-12-19,12:00:00,1,Collision with vehicle,5,Thursday,147,VEHICLE STRIKES ANOTHER VEH WHILE EMERGING FROM DRIVEWAY,1,272875,2,0,0,1,1,2,1,5,Not at intersection,3,60,,144.255119,-36.717479,20131219,BENDIGO
T20130026548,2013-12-24,11:45:00,8,No collision and no object struck,3,Tuesday,194,PARKED CAR RUN AWAY,1,265651,1,0,1,0,0,1,2,2,T intersection,2,100,Local Road,144.296138,-36.897459,20131224,BENDIGO
T20130026555,2013-12-24,14:05:00,4,Collision with a fixed object,3,Tuesday,183,OFF LEFT BEND INTO OBJECT/PARKED VEHICLE,1,266367,1,0,0,2,0,2,1,5,Not at intersection,3,100,Local Road,144.225433,-36.788809,20131224,BENDIGO
T20130026593,2013-12-25,13:10:00,4,Collision with a fixed object,4,Wednesday,171,LEFT OFF CARRIAGEWAY INTO OBJECT/PARKED VEHICLE,1,51724,1,0,0,1,1,2,1,1,Cross intersection,3,50,Local Road,144.242886,-36.794551,20131225,BENDIGO
T20130026725,2013-12-27,19:00:00,1,Collision with vehicle,6,Friday,113,RIGHT NEAR (INTERSECTIONS ONLY),1,225886,2,0,1,1,1,3,1,2,T intersection,2,100,,144.212191,-36.88598,20131227,BENDIGO
T20130026897,2013-12-30,22:15:00,4,Collision with a fixed object,2,Monday,173,RIGHT OFF CARRIAGEWAY INTO OBJECT/PARKED VEHICLE,5,265672,1,0,1,1,0,2,1,5,Not at intersection,2,60,,144.183025,-36.682448,20131230,BENDIGO
T20130026858,2013-12-30,13:25:00,4,Collision with a fixed object,2,Monday,171,LEFT OFF CARRIAGEWAY INTO OBJECT/PARKED VEHICLE,1,266457,1,0,1,0,0,1,1,5,Not at intersection,2,60,Arterial Other,144.26755,-36.73639,20131230,BENDIGO
T20130026920,2013-12-31,13:50:00,1,Collision with vehicle,3,Tuesday,130,REAR END(VEHICLES IN SAME LANE),1,266473,3,0,0,2,3,5,1,5,Not at intersection,3,60,Arterial Highway,144.247161,-36.78427,20131231,BENDIGO
T20140001463,2014-01-03,14:10:00,1,Collision with vehicle,6,Friday,130,REAR END(VEHICLES IN SAME LANE),1,51728,2,0,0,1,2,3,2,1,Cross intersection,3,50,Arterial Highway,144.243898,-36.796822,20140103,BENDIGO
T20140000140,2014-01-03,03:45:00,6,Vehicle overturned (no collision),6,Friday,170,OFF CARRIAGEWAY TO LEFT,5,267051,1,0,0,1,0,1,1,5,Not at intersection,3,110,,144.218079,-36.90143,20140103,BENDIGO
T20140000238,2014-01-04,17:25:00,4,Collision with a fixed object,7,Saturday,171,LEFT OFF CARRIAGEWAY INTO OBJECT/PARKED VEHICLE,1,267056,1,0,0,1,0,1,1,5,Not at intersection,3,60,Arterial Other,144.250531,-36.716059,20140104,BENDIGO
T20140000329,2014-01-06,12:00:00,8,No collision and no object struck,2,Monday,174,OUT OF CONTROL ON CARRIAGEWAY (ON STRAIGHT),1,266175,1,0,1,0,0,1,1,2,T intersection,2,60,Arterial Other,144.270192,-36.756638,20140106,BENDIGO
T20140000487,2014-01-08,22:10:00,4,Collision with a fixed object,4,Wednesday,173,RIGHT OFF CARRIAGEWAY INTO OBJECT/PARKED VEHICLE,5,267121,1,0,0,1,0,1,1,5,Not at intersection,3,100,Arterial Highway,144.236677,-36.837927,20140108,BENDIGO
T20140000679,2014-01-11,12:45:00,1,Collision with vehicle,7,Saturday,140,U TURN,1,267133,2,0,1,0,1,2,1,5,Not at intersection,2,100,Arterial Other,144.362747,-36.63575,20140111,BENDIGO
T20140000752,2014-01-12,10:00:00,4,Collision with a fixed object,1,Sunday,171,LEFT OFF CARRIAGEWAY INTO OBJECT/PARKED VEHICLE,1,265990,1,0,1,0,0,1,1,5,Not at intersection,2,100,Local Road,144.646228,-36.841809,20140112,BENDIGO
T20140000750,2014-01-12,14:00:00,1,Collision with vehicle,1,Sunday,120,HEAD ON (NOT OVERTAKING),1,266715,2,0,0,2,3,5,1,5,Not at intersection,3,100,Arterial Other,144.49849,-36.852009,20140112,BENDIGO
T20140002403,2014-01-15,16:00:00,1,Collision with vehicle,4,Wednesday,120,HEAD ON (NOT OVERTAKING),1,271769,2,0,0,1,1,2,2,5,Not at intersection,3,50,Local Road,144.253601,-36.747339,20140115,BENDIGO
T20140001213,2014-01-19,18:15:00,4,Collision with a fixed object,1,Sunday,173,RIGHT OFF CARRIAGEWAY INTO OBJECT/PARKED VEHICLE,1,266822,1,0,0,3,0,3,1,5,Not at intersection,3,999,,144.503442,-36.948382,20140119,BENDIGO
T20140001477,2014-01-19,07:30:00,6,Vehicle overturned (no collision),1,Sunday,174,OUT OF CONTROL ON CARRIAGEWAY (ON STRAIGHT),1,49321,1,0,0,1,0,1,2,1,Cross intersection,3,60,Arterial Other,144.305216,-36.773247,20140119,BENDIGO
T20140002891,2014-01-20,10:00:00,4,Collision with a fixed object,2,Monday,171,LEFT OFF CARRIAGEWAY INTO OBJECT/PARKED VEHICLE,1,267409,1,0,0,1,0,1,2,5,Not at intersection,3,60,,144.332907,-36.778154,20140120,BENDIGO
T20140004410,2014-01-22,17:10:00,1,Collision with vehicle,4,Wednesday,116,LEFT NEAR (INTERSECTIONS ONLY),1,51627,2,0,0,1,1,2,1,1,Cross intersection,3,60,Arterial Highway,144.273591,-36.761102,20140122,BENDIGO
T20140001972,2014-01-23,09:30:00,4,Collision with a fixed object,5,Thursday,183,OFF LEFT BEND INTO OBJECT/PARKED VEHICLE,1,266911,1,0,0,1,0,1,1,5,Not at intersection,3,100,Local Road,144.455069,-36.661988,20140123,BENDIGO
T20140001549,2014-01-24,10:45:00,1,Collision with vehicle,6,Friday,110,CROSS TRAFFIC(INTERSECTIONS ONLY),1,35812,2,0,1,1,2,4,1,1,Cross intersection,2,60,Arterial Highway,144.268039,-36.758417,20140124,BENDIGO
T20140002099,2014-01-30,20:30:00,4,Collision with a fixed object,5,Thursday,171,LEFT OFF CARRIAGEWAY INTO OBJECT/PARKED VEHICLE,2,19413,1,0,0,1,0,1,2,1,Cross intersection,3,60,Arterial Other,144.291879,-36.731364,20140130,BENDIGO
T20140002078,2014-01-31,20:30:00,4,Collision with a fixed object,6,Friday,171,LEFT OFF CARRIAGEWAY INTO OBJECT/PARKED VEHICLE,2,266238,1,0,1,0,0,1,1,5,Not at intersection,2,50,Local Road,144.309353,-36.78517,20140131,BENDIGO
T20140002248,2014-02-01,17:00:00,1,Collision with vehicle,7,Saturday,130,REAR END(VEHICLES IN SAME LANE),1,51700,3,0,1,0,5,6,2,1,Cross intersection,2,60,Arterial Highway,144.250247,-36.779793,20140201,BENDIGO
T20140002140,2014-02-01,17:10:00,1,Collision with vehicle,7,Saturday,134,LANE CHANGE RIGHT (NOT OVERTAKING),1,169460,2,0,0,1,2,3,1,5,Not at intersection,3,60,Arterial Highway,144.249821,-36.78037,20140201,BENDIGO
T20140002292,2014-02-04,09:45:00,8,No collision and no object struck,3,Tuesday,170,OFF CARRIAGEWAY TO LEFT,1,266836,1,0,1,0,1,2,1,5,Not at intersection,2,60,Arterial Highway,144.316271,-36.70457,20140204,BENDIGO
T20140002360,2014-02-04,23:05:00,1,Collision with vehicle,3,Tuesday,110,CROSS TRAFFIC(INTERSECTIONS ONLY),3,35770,2,0,0,2,0,2,1,1,Cross intersection,3,50,Arterial Highway,144.278595,-36.7597,20140204,BENDIGO
T20140002402,2014-02-05,14:30:00,6,Vehicle overturned (no collision),4,Wednesday,174,OUT OF CONTROL ON CARRIAGEWAY (ON STRAIGHT),1,267217,1,0,0,1,0,1,1,5,Not at intersection,3,999,Arterial Highway,144.509498,-36.791284,20140205,BENDIGO
T20140003286,2014-02-05,11:00:00,1,Collision with vehicle,4,Wednesday,130,REAR END(VEHICLES IN SAME LANE),1,51561,2,0,0,1,1,2,2,9,Unknown,3,50,Arterial Highway,144.258109,-36.746919,20140205,BENDIGO
T20140002568,2014-02-06,17:30:00,4,Collision with a fixed object,5,Thursday,173,RIGHT OFF CARRIAGEWAY INTO OBJECT/PARKED VEHICLE,1,267230,1,0,0,1,0,1,2,5,Not at intersection,3,60,,144.13521,-36.71148,20140206,BENDIGO
T20150003787,2014-02-14,17:00:00,1,Collision with vehicle,6,Friday,132,RIGHT REAR.,1,51626,2,0,0,1,0,1,2,1,Cross intersection,3,60,Local Road,144.263182,-36.760969,20140214,BENDIGO
T20140003078,2014-02-14,12:30:00,1,Collision with vehicle,6,Friday,121,RIGHT THROUGH,1,267482,2,0,1,0,1,2,1,5,Not at intersection,2,60,Local Road,144.3045,-36.77422,20140214,BENDIGO
T20140003119,2014-02-15,00:50:00,4,Collision with a fixed object,7,Saturday,171,LEFT OFF CARRIAGEWAY INTO OBJECT/PARKED VEHICLE,3,59586,1,0,1,0,0,1,1,2,T intersection,2,60,Local Road,144.25791,-36.742812,20140215,BENDIGO
T20140003224,2014-02-16,11:35:00,4,Collision with a fixed object,1,Sunday,173,RIGHT OFF CARRIAGEWAY INTO OBJECT/PARKED VEHICLE,1,272498,1,0,1,0,0,1,1,5,Not at intersection,2,80,Local Road,144.349641,-36.83931,20140216,BENDIGO
T20140004103,2014-02-17,18:00:00,8,No collision and no object struck,2,Monday,184,OUT OF CONTROL ON CARRIAGEWAY (ON BEND),1,267529,1,0,0,1,0,1,2,2,T intersection,3,50,Local Road,144.297657,-36.763991,20140217,BENDIGO
T20140006663,2014-02-18,14:30:00,1,Collision with vehicle,3,Tuesday,130,REAR END(VEHICLES IN SAME LANE),1,51672,2,0,0,1,1,2,1,1,Cross intersection,3,40,Arterial Other,144.277973,-36.770389,20140218,BENDIGO
T20140007715,2014-02-20,16:50:00,1,Collision with vehicle,5,Thursday,137,LEFT TURN SIDESWIPE,1,51730,2,0,0,1,1,2,2,1,Cross intersection,3,60,Local Road,144.287366,-36.798775,20140220,BENDIGO
T20140003771,2014-02-23,09:20:00,1,Collision with vehicle,1,Sunday,116,LEFT NEAR (INTERSECTIONS ONLY),1,56152,2,0,0,1,3,4,1,2,T intersection,3,50,Local Road,144.259373,-36.74677,20140223,BENDIGO
T20140003909,2014-02-24,17:15:00,6,Vehicle overturned (no collision),2,Monday,174,OUT OF CONTROL ON CARRIAGEWAY (ON STRAIGHT),1,272485,1,0,1,0,0,1,1,5,Not at intersection,2,100,Arterial Other,144.47011,-36.833589,20140224,BENDIGO
T20140004510,2014-03-04,08:35:00,1,Collision with vehicle,3,Tuesday,113,RIGHT NEAR (INTERSECTIONS ONLY),1,237046,2,0,0,1,3,4,1,2,T intersection,3,70,Local Road,144.321971,-36.72892,20140304,BENDIGO
T20140004641,2014-03-06,07:00:00,3,Struck animal,5,Thursday,167,STRUCK ANIMAL,2,267485,1,0,1,0,0,1,1,2,T intersection,2,100,Arterial Other,144.155395,-36.848157,20140306,BENDIGO
T20140004745,2014-03-07,08:45:00,1,Collision with vehicle,6,Friday,116,LEFT NEAR (INTERSECTIONS ONLY),1,59745,2,0,0,2,0,2,1,2,T intersection,3,50,Local Road,144.306425,-36.766601,20140307,BENDIGO
T20140004821,2014-03-08,09:20:00,1,Collision with vehicle,7,Saturday,113,RIGHT NEAR (INTERSECTIONS ONLY),1,225886,2,0,0,2,3,5,1,2,T intersection,3,80,,144.212191,-36.88598,20140308,BENDIGO
T20140005205,2014-03-08,14:10:00,1,Collision with vehicle,7,Saturday,110,CROSS TRAFFIC(INTERSECTIONS ONLY),1,58082,2,0,0,1,3,4,1,1,Cross intersection,3,60,Local Road,144.341989,-36.810501,20140308,BENDIGO
T20140005566,2014-03-09,13:00:00,8,No collision and no object struck,1,Sunday,184,OUT OF CONTROL ON CARRIAGEWAY (ON BEND),1,268013,1,0,1,0,0,1,2,5,Not at intersection,2,100,Local Road,144.240812,-36.58983,20140309,BENDIGO
T20140004934,2014-03-09,18:00:00,6,Vehicle overturned (no collision),1,Sunday,182,OFF CARRIAGEWAY ON LEFT BEND,2,270301,1,0,1,1,0,2,1,2,T intersection,2,100,,144.565894,-36.934966,20140309,BENDIGO
T20140004899,2014-03-09,10:00:00,1,Collision with vehicle,1,Sunday,113,RIGHT NEAR (INTERSECTIONS ONLY),1,59930,2,0,0,4,2,6,1,2,T intersection,3,90,Arterial Highway,144.731113,-36.945847,20140309,BENDIGO
T20140005305,2014-03-14,10:55:00,1,Collision with vehicle,6,Friday,121,RIGHT THROUGH,1,270313,2,0,0,3,2,5,2,5,Not at intersection,3,50,Local Road,144.302211,-36.737171,20140314,BENDIGO
T20140006730,2014-03-14,16:10:00,1,Collision with vehicle,6,Friday,121,RIGHT THROUGH,1,44715,2,0,0,1,3,4,1,1,Cross intersection,3,60,Arterial Highway,144.253698,-36.718652,20140314,BENDIGO
T20140007329,2014-03-14,12:30:00,1,Collision with vehicle,6,Friday,121,RIGHT THROUGH,1,59856,2,0,0,1,1,2,2,2,T intersection,3,60,Arterial Highway,144.244331,-36.791307,20140314,BENDIGO
T20140006033,2014-03-15,11:30:00,2,Struck Pedestrian,7,Saturday,103,PED PLAYING/LYING/WORKING/STANDING ON CARRIAGEWAY.,1,270261,1,0,0,1,1,2,1,5,Not at intersection,3,50,Arterial Highway,144.710823,-36.925199,20140315,BENDIGO
T20140005404,2014-03-15,20:15:00,1,Collision with vehicle,7,Saturday,160,VEHICLE COLLIDES WITH VEHICLE PARKED ON LEFT OF ROAD,3,269768,2,0,0,2,0,2,1,5,Not at intersection,3,60,,144.263039,-36.710511,20140315,BENDIGO
T20140005493,2014-03-17,11:15:00,1,Collision with vehicle,2,Monday,110,CROSS TRAFFIC(INTERSECTIONS ONLY),1,51611,2,0,0,1,1,2,1,4,Multiple intersection,3,50,Local Road,144.284187,-36.758561,20140317,BENDIGO
T20140005483,2014-03-17,06:45:00,2,Struck Pedestrian,2,Monday,102,FAR SIDE. PED HIT BY VEHICLE FROM THE LEFT,2,51526,1,0,0,1,1,2,1,1,Cross intersection,3,60,Arterial Other,144.261881,-36.728705,20140317,BENDIGO
T20140005614,2014-03-18,19:10:00,4,Collision with a fixed object,3,Tuesday,173,RIGHT OFF CARRIAGEWAY INTO OBJECT/PARKED VEHICLE,5,270417,1,0,0,1,1,2,1,5,Not at intersection,3,100,,144.16792,-36.80384,20140318,BENDIGO
T20140005661,2014-03-19,16:02:00,1,Collision with vehicle,4,Wednesday,110,CROSS TRAFFIC(INTERSECTIONS ONLY),1,59862,2,0,1,0,3,4,1,1,Cross intersection,2,60,Local Road,144.23784,-36.793838,20140319,BENDIGO
T20140005686,2014-03-19,19:55:00,1,Collision with vehicle,4,Wednesday,121,RIGHT THROUGH,3,30031,2,0,0,3,3,6,1,1,Cross intersection,3,60,Arterial Highway,144.291933,-36.757373,20140319,BENDIGO
T20140005897,2014-03-21,22:18:00,4,Collision with a fixed object,6,Friday,173,RIGHT OFF CARRIAGEWAY INTO OBJECT/PARKED VEHICLE,5,270373,1,0,0,2,0,2,2,5,Not at intersection,3,80,Local Road,144.224269,-36.76569,20140321,BENDIGO
T20140006331,2014-03-21,10:00:00,1,Collision with vehicle,6,Friday,110,CROSS TRAFFIC(INTERSECTIONS ONLY),1,51922,2,0,0,1,1,2,2,1,Cross intersection,3,80,Arterial Other,144.346269,-36.801,20140321,BENDIGO
T20140006157,2014-03-25,16:55:00,1,Collision with vehicle,3,Tuesday,110,CROSS TRAFFIC(INTERSECTIONS ONLY),1,59801,2,0,0,1,1,2,1,9,Unknown,3,50,Local Road,144.263411,-36.773421,20140325,BENDIGO
T20140006117,2014-03-25,08:50:00,8,No collision and no object struck,3,Tuesday,172,OFF CARRIAGEWAY TO RIGHT,1,51728,1,0,0,1,1,2,1,1,Cross intersection,3,60,Arterial Highway,144.243898,-36.796822,20140325,BENDIGO
T20140006285,2014-03-27,07:20:00,6,Vehicle overturned (no collision),4,Thursday,174,OUT OF CONTROL ON CARRIAGEWAY (ON STRAIGHT),2,19680,2,0,0,1,1,2,2,2,T intersection,3,60,Arterial Other,144.288852,-36.745709,20140327,BENDIGO
T20140006426,2014-03-28,19:10:00,1,Collision with vehicle,6,Friday,113,RIGHT NEAR (INTERSECTIONS ONLY),2,59624,2,0,0,1,1,2,2,1,Cross intersection,3,50,Local Road,144.285793,-36.749033,20140328,BENDIGO
T20140006415,2014-03-28,16:40:00,1,Collision with vehicle,6,Friday,110,CROSS TRAFFIC(INTERSECTIONS ONLY),1,44714,2,0,0,3,0,3,1,1,Cross intersection,3,60,Arterial Highway,144.246714,-36.716986,20140328,BENDIGO
T20140006698,2014-03-28,14:15:00,1,Collision with vehicle,6,Friday,132,RIGHT REAR.,1,270497,2,0,0,1,1,2,1,2,T intersection,3,70,Arterial Highway,144.315333,-36.709424,20140328,BENDIGO
T20140006689,2014-03-31,16:35:00,1,Collision with vehicle,2,Monday,113,RIGHT NEAR (INTERSECTIONS ONLY),1,245043,2,0,2,1,0,3,1,2,T intersection,2,60,Local Road,144.22872,-36.816574,20140331,BENDIGO
T20140006831,2014-04-02,16:30:00,3,Struck animal,4,Wednesday,167,STRUCK ANIMAL,9,270587,1,0,0,1,0,1,2,5,Not at intersection,3,100,,144.493941,-36.655625,20140402,BENDIGO
T20140008451,2014-04-09,16:00:00,1,Collision with vehicle,4,Wednesday,130,REAR END(VEHICLES IN SAME LANE),1,51735,2,0,0,1,1,2,2,2,T intersection,3,60,Arterial Highway,144.242322,-36.802638,20140409,BENDIGO
T20140007335,2014-04-09,10:45:00,1,Collision with vehicle,4,Wednesday,121,RIGHT THROUGH,1,51682,2,0,0,1,3,4,1,2,T intersection,3,60,Local Road,144.290431,-36.773525,20140409,BENDIGO
T20140007549,2014-04-11,09:45:00,8,No collision and no object struck,6,Friday,170,OFF CARRIAGEWAY TO LEFT,1,270806,1,0,1,0,0,1,1,5,Not at intersection,2,100,,144.18659,-36.80928,20140411,BENDIGO
T20140017183,2014-04-12,14:00:00,4,Collision with a fixed object,7,Saturday,183,OFF LEFT BEND INTO OBJECT/PARKED VEHICLE,1,291312,1,0,0,1,0,1,2,5,Not at intersection,3,999,,144.454659,-36.87778,20140412,BENDIGO
T20140007713,2014-04-13,15:07:00,4,Collision with a fixed object,1,Sunday,171,LEFT OFF CARRIAGEWAY INTO OBJECT/PARKED VEHICLE,1,271874,1,0,0,1,1,2,1,5,Not at intersection,3,60,Arterial Highway,144.24365,-36.715939,20140413,BENDIGO
T20140008089,2014-04-14,09:40:00,1,Collision with vehicle,2,Monday,110,CROSS TRAFFIC(INTERSECTIONS ONLY),1,44630,2,0,0,2,0,2,1,1,Cross intersection,3,60,Arterial Highway,144.270579,-36.763471,20140414,BENDIGO
T20140007893,2014-04-16,11:40:00,1,Collision with vehicle,4,Wednesday,120,HEAD ON (NOT OVERTAKING),1,271010,2,0,0,1,1,2,1,5,Not at intersection,3,100,,144.594985,-36.514202,20140416,BENDIGO
T20140007996,2014-04-17,17:15:00,1,Collision with vehicle,5,Thursday,111,RIGHT FAR (INTERSECTIONS ONLY),2,51534,2,0,0,1,1,2,2,1,Cross intersection,3,100,Local Road,144.223856,-36.733055,20140417,BENDIGO
T20140008175,2014-04-20,15:00:00,1,Collision with vehicle,1,Sunday,132,RIGHT REAR.,1,271897,2,0,0,1,1,2,1,2,T intersection,3,60,Local Road,144.262308,-36.709856,20140420,BENDIGO
T20140008246,2014-04-21,05:00:00,4,Collision with a fixed object,2,Monday,171,LEFT OFF CARRIAGEWAY INTO OBJECT/PARKED VEHICLE,2,271502,1,0,0,1,0,1,1,2,T intersection,3,100,Arterial Highway,144.385531,-36.652175,20140421,BENDIGO
T20140009757,2014-04-21,16:30:00,1,Collision with vehicle,2,Monday,132,RIGHT REAR.,1,271505,2,0,0,1,1,2,1,5,Not at intersection,3,100,,144.18397,-36.826116,20140421,BENDIGO
T20140008392,2014-04-23,10:15:00,8,No collision and no object struck,4,Wednesday,174,OUT OF CONTROL ON CARRIAGEWAY (ON STRAIGHT),1,270928,1,0,0,1,0,1,2,2,T intersection,3,999,,144.380154,-36.727248,20140423,BENDIGO
T20140008442,2014-04-24,09:40:00,1,Collision with vehicle,5,Thursday,110,CROSS TRAFFIC(INTERSECTIONS ONLY),1,19446,2,0,0,1,2,3,1,1,Cross intersection,3,100,Arterial Highway,144.158783,-36.809684,20140424,BENDIGO
T20140008910,2014-04-30,21:25:00,4,Collision with a fixed object,4,Wednesday,181,OFF RIGHT BEND INTO OBJECT/PARKED VEHICLE,3,25728,1,0,1,0,0,1,1,2,T intersection,2,50,Local Road,144.240834,-36.792527,20140430,BENDIGO
T20140011751,2014-05-02,17:30:00,1,Collision with vehicle,6,Friday,110,CROSS TRAFFIC(INTERSECTIONS ONLY),3,51616,2,0,0,2,2,4,1,1,Cross intersection,3,50,Local Road,144.275439,-36.758831,20140502,BENDIGO
T20140009113,2014-05-03,11:30:00,2,Struck Pedestrian,7,Saturday,108,PED STRUCK WALKING TO/FROM OR BOARDING/ALIGHTING VEHICLE.,1,271604,1,0,0,1,1,2,2,1,Cross intersection,3,50,Local Road,144.281789,-36.760289,20140503,BENDIGO
T20140009270,2014-05-04,12:30:00,8,No collision and no object struck,1,Sunday,184,OUT OF CONTROL ON CARRIAGEWAY (ON BEND),1,270616,1,0,1,0,0,1,2,5,Not at intersection,2,80,Arterial Other,144.379213,-36.51378,20140504,BENDIGO
T20140009239,2014-05-05,08:55:00,1,Collision with vehicle,2,Monday,140,U TURN,1,271430,2,0,0,1,3,4,1,5,Not at intersection,3,50,Local Road,144.29404,-36.756159,20140505,BENDIGO
T20140009330,2014-05-06,13:56:00,1,Collision with vehicle,3,Tuesday,110,CROSS TRAFFIC(INTERSECTIONS ONLY),1,51526,2,0,0,1,2,3,1,1,Cross intersection,3,60,Arterial Other,144.261881,-36.728705,20140506,BENDIGO
T20140009426,2014-05-07,15:30:00,1,Collision with vehicle,4,Wednesday,121,RIGHT THROUGH,1,51628,2,0,1,3,0,4,1,1,Cross intersection,2,50,Arterial Other,144.283385,-36.761424,20140507,BENDIGO
T20140009407,2014-05-07,12:10:00,1,Collision with vehicle,4,Wednesday,130,REAR END(VEHICLES IN SAME LANE),1,57305,2,0,1,0,2,3,1,2,T intersection,2,60,Arterial Highway,144.266656,-36.756088,20140507,BENDIGO
T20140009455,2014-05-08,06:20:00,1,Collision with vehicle,5,Thursday,120,HEAD ON (NOT OVERTAKING),2,271636,2,0,0,1,1,2,1,5,Not at intersection,3,60,Local Road,144.231069,-36.784181,20140508,BENDIGO
T20140009894,2014-05-13,16:24:00,1,Collision with vehicle,3,Tuesday,121,RIGHT THROUGH,2,247532,2,0,1,0,1,2,1,2,T intersection,2,60,Arterial Highway,144.257848,-36.734442,20140513,BENDIGO
T20140011707,2014-05-14,17:50:00,1,Collision with vehicle,4,Wednesday,130,REAR END(VEHICLES IN SAME LANE),2,51545,3,0,0,1,2,3,1,2,T intersection,3,60,Arterial Highway,144.298252,-36.740041,20140514,BENDIGO
T20140009966,2014-05-14,08:45:00,1,Collision with vehicle,4,Wednesday,130,REAR END(VEHICLES IN SAME LANE),1,271827,4,0,0,1,4,5,1,5,Not at intersection,3,60,Arterial Highway,144.293591,-36.746081,20140514,BENDIGO
T20140010214,2014-05-17,22:00:00,4,Collision with a fixed object,7,Saturday,171,LEFT OFF CARRIAGEWAY INTO OBJECT/PARKED VEHICLE,3,51559,1,0,0,2,0,2,1,1,Cross intersection,3,60,Local Road,144.30418,-36.746762,20140517,BENDIGO
T20140010192,2014-05-17,12:15:00,1,Collision with vehicle,7,Saturday,130,REAR END(VEHICLES IN SAME LANE),1,51650,2,0,0,1,3,4,2,1,Cross intersection,3,50,Arterial Other,144.273072,-36.7653,20140517,BENDIGO
T20140010182,2014-05-17,13:00:00,1,Collision with vehicle,7,Saturday,113,RIGHT NEAR (INTERSECTIONS ONLY),1,51883,2,0,0,7,1,8,1,2,T intersection,3,90,Arterial Highway,144.220182,-36.75406,20140517,BENDIGO
T20140010275,2014-05-18,19:25:00,1,Collision with vehicle,1,Sunday,130,REAR END(VEHICLES IN SAME LANE),3,59524,2,0,0,1,1,2,1,1,Cross intersection,3,60,Arterial Highway,144.304867,-36.731458,20140518,BENDIGO
T20140010624,2014-05-22,18:43:00,2,Struck Pedestrian,5,Thursday,103,PED PLAYING/LYING/WORKING/STANDING ON CARRIAGEWAY.,5,271093,1,1,0,0,1,2,1,2,T intersection,1,50,Local Road,144.714634,-36.93395,20140522,BENDIGO
T20140010694,2014-05-23,15:15:00,1,Collision with vehicle,6,Friday,130,REAR END(VEHICLES IN SAME LANE),1,271945,2,0,0,1,1,2,1,5,Not at intersection,3,90,Arterial Highway,144.349979,-36.771372,20140523,BENDIGO
T20140010927,2014-05-26,15:25:00,1,Collision with vehicle,2,Monday,113,RIGHT NEAR (INTERSECTIONS ONLY),1,51595,2,0,1,2,0,3,1,2,T intersection,2,60,Arterial Highway,144.263662,-36.755656,20140526,BENDIGO