ACCIDENT_NO,ACCIDENT_DATE,ACCIDENT_TIME,ACCIDENT_TYPE,ACCIDENT_TYPE_DESC,DAY_OF_WEEK,DAY_WEEK_DESC,DCA_CODE,DCA_DESC,LIGHT_CONDITION,NODE_ID,NO_OF_VEHICLES,NO_PERSONS_KILLED,NO_PERSONS_INJ_2,NO_PERSONS_INJ_3,NO_PERSONS_NOT_INJ,NO_PERSONS,POLICE_ATTEND,ROAD_GEOMETRY,ROAD_GEOMETRY_DESC,SEVERITY,SPEED_ZONE,RMA, LAT, LONG, DATE, COUNCIL
T20140010858,2014-05-26,08:40:00,1,Collision with vehicle,2,Monday,130,REAR END(VEHICLES IN SAME LANE),1,272099,3,0,0,4,3,7,1,5,Not at intersection,3,60,,144.276597,-36.768093,20140526,BENDIGO
T20140011204,2014-05-30,19:30:00,2,Struck Pedestrian,6,Friday,102,FAR SIDE. PED HIT BY VEHICLE FROM THE LEFT,3,51637,1,0,1,0,1,2,1,1,Cross intersection,2,60,Local Road,144.297757,-36.762978,20140530,BENDIGO
T20140011530,2014-05-31,11:00:00,2,Struck Pedestrian,7,Saturday,109,ANY MANOEUVRE INVOLVING PED NOT INCLUDED IN DCAs 100-108.,1,19435,1,0,0,1,1,2,2,1,Cross intersection,3,50,Arterial Other,144.281483,-36.762371,20140531,BENDIGO
T20140011393,2014-06-02,15:15:00,8,No collision and no object struck,2,Monday,151,OUT OF CONTROL (OVERTAKING),1,271742,2,0,1,0,1,2,1,5,Not at intersection,2,80,Arterial Other,144.317082,-36.784259,20140602,BENDIGO
T20140011621,2014-06-05,12:20:00,1,Collision with vehicle,5,Thursday,110,CROSS TRAFFIC(INTERSECTIONS ONLY),1,58082,2,0,1,3,0,4,1,1,Cross intersection,2,60,Local Road,144.341989,-36.810501,20140605,BENDIGO
T20140011956,2014-06-10,08:20:00,6,Vehicle overturned (no collision),3,Tuesday,174,OUT OF CONTROL ON CARRIAGEWAY (ON STRAIGHT),2,272307,1,0,1,0,3,4,1,5,Not at intersection,2,100,Local Road,144.170385,-36.831423,20140610,BENDIGO
T20140012831,2014-06-11,13:50:00,1,Collision with vehicle,4,Wednesday,110,CROSS TRAFFIC(INTERSECTIONS ONLY),1,51521,2,0,0,1,1,2,1,1,Cross intersection,3,60,Arterial Highway,144.309004,-36.726132,20140611,BENDIGO
T20140012143,2014-06-12,16:10:00,4,Collision with a fixed object,5,Thursday,171,LEFT OFF CARRIAGEWAY INTO OBJECT/PARKED VEHICLE,2,271746,1,0,1,0,0,1,1,5,Not at intersection,2,100,Arterial Highway,144.699707,-36.79023,20140612,BENDIGO
T20140013285,2014-06-15,09:40:00,1,Collision with vehicle,1,Sunday,153,CUTTING IN (OVERTAKING),1,272650,3,0,0,2,1,3,1,5,Not at intersection,3,60,Local Road,144.320834,-36.739039,20140615,BENDIGO
T20140012485,2014-06-17,12:17:00,2,Struck Pedestrian,3,Tuesday,100,PED NEAR SIDE. PED HIT BY VEHICLE FROM THE RIGHT.,1,272636,1,1,0,0,2,3,1,5,Not at intersection,1,50,Local Road,144.285058,-36.762902,20140617,BENDIGO
T20140012826,2014-06-17,11:00:00,1,Collision with vehicle,3,Tuesday,110,CROSS TRAFFIC(INTERSECTIONS ONLY),1,45005,2,0,0,1,1,2,1,1,Cross intersection,3,60,Arterial Other,144.315756,-36.766846,20140617,BENDIGO
T20140012706,2014-06-20,14:25:00,1,Collision with vehicle,6,Friday,110,CROSS TRAFFIC(INTERSECTIONS ONLY),1,59464,2,0,0,1,2,3,1,1,Cross intersection,3,50,Local Road,144.322687,-36.696551,20140620,BENDIGO
T20140012893,2014-06-23,09:00:00,1,Collision with vehicle,2,Monday,130,REAR END(VEHICLES IN SAME LANE),1,274681,3,0,0,1,2,3,1,5,Not at intersection,3,60,Arterial Highway,144.271268,-36.762849,20140623,BENDIGO
T20140013060,2014-06-25,11:20:00,1,Collision with vehicle,4,Wednesday,121,RIGHT THROUGH,1,19695,2,0,1,0,1,2,1,2,T intersection,2,80,Arterial Highway,144.238135,-36.818668,20140625,BENDIGO
T20140013093,2014-06-25,07:10:00,1,Collision with vehicle,4,Wednesday,121,RIGHT THROUGH,2,30031,2,0,0,2,0,2,2,1,Cross intersection,3,60,Arterial Highway,144.291933,-36.757373,20140625,BENDIGO
T20140014244,2014-06-27,08:45:00,1,Collision with vehicle,6,Friday,113,RIGHT NEAR (INTERSECTIONS ONLY),2,57732,2,0,0,1,1,2,1,2,T intersection,3,90,Arterial Highway,144.217711,-36.750222,20140627,BENDIGO
T20140013290,2014-06-27,13:45:00,1,Collision with vehicle,6,Friday,130,REAR END(VEHICLES IN SAME LANE),1,19424,2,0,0,1,1,2,2,1,Cross intersection,3,60,Arterial Other,144.274233,-36.743566,20140627,BENDIGO
T20140013367,2014-06-28,16:40:00,1,Collision with vehicle,7,Saturday,132,RIGHT REAR.,2,272741,2,0,0,1,2,3,1,2,T intersection,3,60,Arterial Highway,144.258427,-36.757894,20140628,BENDIGO
T20140013380,2014-06-29,16:15:00,1,Collision with vehicle,1,Sunday,120,HEAD ON (NOT OVERTAKING),2,273801,2,0,0,3,4,7,1,5,Not at intersection,3,70,Local Road,144.21972,-36.75419,20140629,BENDIGO
T20140014082,2014-06-29,10:45:00,1,Collision with vehicle,1,Sunday,137,LEFT TURN SIDESWIPE,1,59551,2,0,0,1,1,2,2,2,T intersection,3,60,Arterial Other,144.270202,-36.738893,20140629,BENDIGO
T20140013373,2014-06-29,15:10:00,1,Collision with vehicle,1,Sunday,110,CROSS TRAFFIC(INTERSECTIONS ONLY),1,59575,2,0,1,0,1,2,1,1,Cross intersection,2,80,Arterial Highway,144.1994,-36.742056,20140629,BENDIGO
T20140013708,2014-07-03,19:50:00,1,Collision with vehicle,5,Thursday,130,REAR END(VEHICLES IN SAME LANE),3,274207,2,0,0,1,1,2,2,5,Not at intersection,3,50,Local Road,144.251209,-36.772115,20140703,BENDIGO
T20140013844,2014-07-05,16:44:00,1,Collision with vehicle,7,Saturday,160,VEHICLE COLLIDES WITH VEHICLE PARKED ON LEFT OF ROAD,2,272859,2,0,0,2,2,4,1,5,Not at intersection,3,60,Arterial Highway,144.25863,-36.72784,20140705,BENDIGO
T20140013889,2014-07-06,05:00:00,4,Collision with a fixed object,1,Sunday,173,RIGHT OFF CARRIAGEWAY INTO OBJECT/PARKED VEHICLE,5,274443,1,0,0,1,0,1,1,5,Not at intersection,3,60,Local Road,144.232089,-36.814278,20140706,BENDIGO
T20140014047,2014-07-08,14:30:00,6,Vehicle overturned (no collision),3,Tuesday,174,OUT OF CONTROL ON CARRIAGEWAY (ON STRAIGHT),1,272974,1,0,0,1,0,1,1,5,Not at intersection,3,100,,144.562914,-36.566681,20140708,BENDIGO
T20140014042,2014-07-08,12:05:00,1,Collision with vehicle,3,Tuesday,149,OTHER MANOEUVRING NOT INCLUDED IN DCAs 140-148,1,51729,2,0,0,1,2,3,1,1,Cross intersection,3,50,Local Road,144.245383,-36.797048,20140708,BENDIGO
T20140014270,2014-07-11,10:22:00,1,Collision with vehicle,6,Friday,147,VEHICLE STRIKES ANOTHER VEH WHILE EMERGING FROM DRIVEWAY,1,274675,2,0,1,0,5,6,1,5,Not at intersection,2,50,Local Road,144.250136,-36.771038,20140711,BENDIGO
T20140014468,2014-07-11,22:40:00,1,Collision with vehicle,6,Friday,130,REAR END(VEHICLES IN SAME LANE),3,51561,2,0,0,1,1,2,1,1,Cross intersection,3,60,Arterial Highway,144.258109,-36.746919,20140711,BENDIGO
T20140014501,2014-07-14,13:30:00,1,Collision with vehicle,2,Monday,116,LEFT NEAR (INTERSECTIONS ONLY),1,59464,2,0,0,1,1,2,1,1,Cross intersection,3,60,Local Road,144.322687,-36.696551,20140714,BENDIGO
T20140016131,2014-07-15,21:00:00,1,Collision with vehicle,3,Tuesday,121,RIGHT THROUGH,3,30031,2,0,0,2,2,4,1,1,Cross intersection,3,60,Arterial Highway,144.291933,-36.757373,20140715,BENDIGO
T20140014625,2014-07-16,09:30:00,2,Struck Pedestrian,4,Wednesday,102,FAR SIDE. PED HIT BY VEHICLE FROM THE LEFT,1,29978,4,0,0,1,2,3,1,1,Cross intersection,3,60,Arterial Highway,144.285187,-36.756439,20140716,BENDIGO
T20140018500,2014-07-19,13:00:00,5,collision with some other object,7,Saturday,191,LOAD OR MISSILE STRUCK VEHICLE,1,275022,2,0,0,1,2,3,2,5,Not at intersection,3,100,Arterial Highway,144.337549,-36.66134,20140719,BENDIGO
T20140014892,2014-07-19,10:00:00,8,No collision and no object struck,7,Saturday,174,OUT OF CONTROL ON CARRIAGEWAY (ON STRAIGHT),1,273680,1,0,0,1,0,1,1,5,Not at intersection,3,60,Local Road,144.237153,-36.808451,20140719,BENDIGO
T20140015095,2014-07-22,16:20:00,1,Collision with vehicle,3,Tuesday,110,CROSS TRAFFIC(INTERSECTIONS ONLY),2,51669,2,0,0,1,1,2,1,1,Cross intersection,3,50,Local Road,144.261897,-36.769677,20140722,BENDIGO
T20140016614,2014-07-24,07:51:00,1,Collision with vehicle,5,Thursday,130,REAR END(VEHICLES IN SAME LANE),3,50483,2,0,0,2,1,3,2,2,T intersection,3,80,Arterial Highway,144.242235,-36.802957,20140724,BENDIGO
T20140015438,2014-07-26,23:00:00,4,Collision with a fixed object,7,Saturday,181,OFF RIGHT BEND INTO OBJECT/PARKED VEHICLE,5,278104,2,0,1,0,2,3,1,5,Not at intersection,2,60,Local Road,144.232018,-36.71977,20140726,BENDIGO
T20140018652,2014-07-26,17:30:00,6,Vehicle overturned (no collision),7,Saturday,174,OUT OF CONTROL ON CARRIAGEWAY (ON STRAIGHT),2,59864,1,0,0,1,0,1,1,1,Cross intersection,3,50,Arterial Other,144.239379,-36.79623,20140726,BENDIGO
T20140015704,2014-07-27,12:10:00,1,Collision with vehicle,1,Sunday,116,LEFT NEAR (INTERSECTIONS ONLY),1,259074,2,0,0,1,2,3,2,2,T intersection,3,50,Local Road,144.277898,-36.759087,20140727,BENDIGO
T20140015510,2014-07-28,06:20:00,1,Collision with vehicle,2,Monday,116,LEFT NEAR (INTERSECTIONS ONLY),3,51677,2,0,0,1,1,2,1,1,Cross intersection,3,60,Arterial Highway,144.259259,-36.772197,20140728,BENDIGO
T20140015792,2014-07-31,17:50:00,1,Collision with vehicle,5,Thursday,110,CROSS TRAFFIC(INTERSECTIONS ONLY),3,51629,2,0,1,2,1,4,1,1,Cross intersection,2,60,Local Road,144.292387,-36.761592,20140731,BENDIGO
T20140016744,2014-07-31,17:43:00,1,Collision with vehicle,5,Thursday,130,REAR END(VEHICLES IN SAME LANE),2,274616,2,0,0,1,2,3,2,5,Not at intersection,3,60,Arterial Other,144.275323,-36.766913,20140731,BENDIGO
T20140016156,2014-08-02,11:30:00,8,No collision and no object struck,7,Saturday,174,OUT OF CONTROL ON CARRIAGEWAY (ON STRAIGHT),1,274226,1,0,1,0,0,1,2,5,Not at intersection,2,60,Local Road,144.213049,-36.805104,20140802,BENDIGO
T20140016136,2014-08-05,10:40:00,1,Collision with vehicle,3,Tuesday,113,RIGHT NEAR (INTERSECTIONS ONLY),1,19442,2,0,1,2,0,3,1,2,T intersection,2,60,Arterial Other,144.273878,-36.775617,20140805,BENDIGO
T20140016132,2014-08-05,10:53:00,4,Collision with a fixed object,3,Tuesday,173,RIGHT OFF CARRIAGEWAY INTO OBJECT/PARKED VEHICLE,1,282904,1,0,0,2,0,2,1,5,Not at intersection,3,60,Arterial Other,144.247784,-36.763908,20140805,BENDIGO
T20140016378,2014-08-08,11:35:00,4,Collision with a fixed object,6,Friday,146,REVERSING INTO FIXED OBJECT/PARKED VEHICLE,1,170643,3,0,0,1,2,3,1,5,Not at intersection,3,50,Arterial Highway,144.244018,-36.79634,20140808,BENDIGO
T20140016709,2014-08-10,21:00:00,2,Struck Pedestrian,1,Sunday,109,ANY MANOEUVRE INVOLVING PED NOT INCLUDED IN DCAs 100-108.,5,279140,1,0,0,1,1,2,1,5,Not at intersection,3,50,Arterial Highway,144.329881,-36.762139,20140810,BENDIGO
T20140017891,2014-08-13,16:45:00,1,Collision with vehicle,4,Wednesday,110,CROSS TRAFFIC(INTERSECTIONS ONLY),1,59524,2,0,0,1,1,2,1,1,Cross intersection,3,60,Arterial Highway,144.304867,-36.731458,20140813,BENDIGO
T20140017417,2014-08-14,22:00:00,1,Collision with vehicle,5,Thursday,140,U TURN,5,274921,2,0,0,1,1,2,1,5,Not at intersection,3,100,Arterial Highway,144.34802,-36.6526,20140814,BENDIGO
T20140016937,2014-08-15,17:00:00,1,Collision with vehicle,6,Friday,110,CROSS TRAFFIC(INTERSECTIONS ONLY),2,51597,2,0,0,1,2,3,1,1,Cross intersection,3,60,Arterial Other,144.272667,-36.755983,20140815,BENDIGO
T20140020252,2014-08-19,14:00:00,1,Collision with vehicle,3,Tuesday,110,CROSS TRAFFIC(INTERSECTIONS ONLY),1,51610,2,0,0,1,1,2,2,1,Cross intersection,3,60,Arterial Highway,144.298155,-36.758555,20140819,BENDIGO
T20140017221,2014-08-19,17:12:00,1,Collision with vehicle,3,Tuesday,121,RIGHT THROUGH,2,274733,2,0,1,0,1,2,1,2,T intersection,2,50,Local Road,144.239256,-36.802266,20140819,BENDIGO
T20140017923,2014-08-19,06:30:00,3,Struck animal,3,Tuesday,167,STRUCK ANIMAL,2,274889,1,0,0,1,0,1,2,5,Not at intersection,3,90,Arterial Highway,144.32201,-36.67548,20140819,BENDIGO
T20140017355,2014-08-21,20:48:00,2,Struck Pedestrian,5,Thursday,102,FAR SIDE. PED HIT BY VEHICLE FROM THE LEFT,5,51540,1,0,1,0,1,2,1,1,Cross intersection,2,50,Local Road,144.252799,-36.736884,20140821,BENDIGO
T20140017476,2014-08-23,17:55:00,4,Collision with a fixed object,7,Saturday,164,PERMANENT OBSTRUCTION ON CARRIAGEWAY,3,275408,1,0,0,1,0,1,1,5,Not at intersection,3,50,Arterial Other,144.31413,-36.77063,20140823,BENDIGO
T20140017519,2014-08-24,13:15:00,1,Collision with vehicle,1,Sunday,130,REAR END(VEHICLES IN SAME LANE),1,274761,3,0,0,5,1,6,1,5,Not at intersection,3,60,Arterial Highway,144.247712,-36.783231,20140824,BENDIGO
T20140017556,2014-08-25,01:15:00,4,Collision with a fixed object,2,Monday,183,OFF LEFT BEND INTO OBJECT/PARKED VEHICLE,5,275011,1,0,1,1,1,3,1,5,Not at intersection,2,60,Local Road,144.296961,-36.79218,20140825,BENDIGO
T20140017631,2014-08-25,20:05:00,4,Collision with a fixed object,2,Monday,171,LEFT OFF CARRIAGEWAY INTO OBJECT/PARKED VEHICLE,3,274923,1,0,1,0,0,1,1,5,Not at intersection,2,50,Local Road,144.275329,-36.75363,20140825,BENDIGO
T20140017656,2014-08-26,08:50:00,1,Collision with vehicle,3,Tuesday,130,REAR END(VEHICLES IN SAME LANE),1,170760,2,0,0,1,1,2,1,5,Not at intersection,3,60,Arterial Highway,144.496258,-36.784242,20140826,BENDIGO
T20140017734,2014-08-27,11:50:00,1,Collision with vehicle,4,Wednesday,121,RIGHT THROUGH,1,51719,2,0,0,1,1,2,1,2,T intersection,3,60,Local Road,144.284792,-36.791168,20140827,BENDIGO
T20140017767,2014-08-27,15:25:00,1,Collision with vehicle,4,Wednesday,116,LEFT NEAR (INTERSECTIONS ONLY),1,51555,2,0,1,0,1,2,1,2,T intersection,2,60,Arterial Highway,144.258307,-36.744074,20140827,BENDIGO
T20140017811,2014-08-27,17:05:00,1,Collision with vehicle,4,Wednesday,121,RIGHT THROUGH,2,1254,2,0,0,3,1,4,1,1,Cross intersection,3,60,Arterial Highway,144.31743,-36.759626,20140827,BENDIGO
T20140018124,2014-08-30,15:00:00,8,No collision and no object struck,7,Saturday,174,OUT OF CONTROL ON CARRIAGEWAY (ON STRAIGHT),1,274980,1,0,1,0,0,1,2,5,Not at intersection,2,100,Local Road,144.42326,-36.742244,20140830,BENDIGO
T20140018073,2014-08-30,10:45:00,1,Collision with vehicle,7,Saturday,133,LANE SIDE SWIPE (VEHICLES IN PARALLEL LANES),1,275037,2,0,0,2,0,2,1,5,Not at intersection,3,100,Local Road,144.473347,-36.91271,20140830,BENDIGO
T20150001994,2014-09-03,06:45:00,1,Collision with vehicle,4,Wednesday,111,RIGHT FAR (INTERSECTIONS ONLY),9,56125,2,0,0,1,1,2,2,2,T intersection,3,60,Arterial Other,144.279353,-36.752509,20140903,BENDIGO
T20140018329,2014-09-04,09:45:00,1,Collision with vehicle,5,Thursday,121,RIGHT THROUGH,1,44630,2,0,0,1,4,5,1,1,Cross intersection,3,60,Arterial Highway,144.270579,-36.763471,20140904,BENDIGO
T20140018783,2014-09-05,15:40:00,8,No collision and no object struck,6,Friday,179,OTHER ACCIDENTS-OFF STRAIGHT NOT INCLUDED IN DCAs 170-175,1,275162,1,0,0,1,0,1,1,2,T intersection,3,999,Local Road,144.489666,-36.894051,20140905,BENDIGO
T20140018839,2014-09-09,09:00:00,6,Vehicle overturned (no collision),3,Tuesday,174,OUT OF CONTROL ON CARRIAGEWAY (ON STRAIGHT),1,275999,1,0,0,1,0,1,2,5,Not at intersection,3,60,Arterial Highway,144.262591,-36.756331,20140909,BENDIGO
T20140018825,2014-09-10,21:30:00,1,Collision with vehicle,4,Wednesday,121,RIGHT THROUGH,3,29977,2,0,0,1,1,2,1,1,Cross intersection,3,60,Arterial Other,144.283473,-36.750173,20140910,BENDIGO
T20140018773,2014-09-10,08:15:00,1,Collision with vehicle,4,Wednesday,130,REAR END(VEHICLES IN SAME LANE),1,222459,2,0,0,1,3,4,2,5,Not at intersection,3,40,Arterial Highway,144.298552,-36.739661,20140910,BENDIGO
T20150009471,2014-09-11,08:50:00,1,Collision with vehicle,5,Thursday,110,CROSS TRAFFIC(INTERSECTIONS ONLY),1,226243,2,0,0,2,1,3,2,1,Cross intersection,3,60,Local Road,144.304265,-36.72079,20140911,BENDIGO
T20140018862,2014-09-11,13:45:00,1,Collision with vehicle,5,Thursday,132,RIGHT REAR.,1,237089,2,0,0,2,1,3,1,2,T intersection,3,60,Local Road,144.262136,-36.761519,20140911,BENDIGO
T20140018983,2014-09-11,15:50:00,1,Collision with vehicle,5,Thursday,130,REAR END(VEHICLES IN SAME LANE),1,275191,2,0,0,1,1,2,2,5,Not at intersection,3,50,Local Road,144.289497,-36.748883,20140911,BENDIGO
T20140018931,2014-09-12,15:41:00,1,Collision with vehicle,6,Friday,140,U TURN,1,275195,2,0,0,1,1,2,1,5,Not at intersection,3,60,Local Road,144.288517,-36.765942,20140912,BENDIGO
T20140018916,2014-09-12,09:50:00,1,Collision with vehicle,6,Friday,121,RIGHT THROUGH,1,30031,2,0,0,1,1,2,1,1,Cross intersection,3,60,Arterial Highway,144.291933,-36.757373,20140912,BENDIGO
T20140019081,2014-09-14,18:30:00,4,Collision with a fixed object,1,Sunday,171,LEFT OFF CARRIAGEWAY INTO OBJECT/PARKED VEHICLE,3,275954,1,0,1,0,0,1,1,5,Not at intersection,2,50,Local Road,144.266269,-36.739741,20140914,BENDIGO
T20140019261,2014-09-15,10:30:00,1,Collision with vehicle,2,Monday,140,U TURN,1,275344,2,0,0,1,2,3,2,5,Not at intersection,3,60,,144.312721,-36.71999,20140915,BENDIGO
T20140020186,2014-09-17,14:10:00,1,Collision with vehicle,4,Wednesday,110,CROSS TRAFFIC(INTERSECTIONS ONLY),1,275591,2,0,1,1,2,4,1,1,Cross intersection,2,100,Arterial Other,144.199532,-36.545513,20140917,BENDIGO
T20140020037,2014-09-18,17:50:00,1,Collision with vehicle,5,Thursday,131,LEFT REAR,2,51735,2,0,0,1,1,2,1,2,T intersection,3,80,Arterial Highway,144.242322,-36.802638,20140918,BENDIGO
T20140019936,2014-09-18,06:45:00,1,Collision with vehicle,5,Thursday,132,RIGHT REAR.,2,281468,2,0,0,1,1,2,1,5,Not at intersection,3,60,Arterial Highway,144.290963,-36.749502,20140918,BENDIGO
T20140019549,2014-09-20,13:30:00,1,Collision with vehicle,7,Saturday,163,VEHICLE STRIKES DOOR OF PARKED/STATIONARY VEHICLE,1,275810,2,0,0,1,1,2,2,5,Not at intersection,3,60,Arterial Highway,144.256488,-36.774198,20140920,BENDIGO
T20140019689,2014-09-23,13:40:00,1,Collision with vehicle,3,Tuesday,112,LEFT FAR (INTERSECTIONS ONLY),1,277557,3,0,0,2,1,3,1,2,T intersection,3,50,Local Road,144.30786,-36.722629,20140923,BENDIGO
T20140020125,2014-09-23,13:15:00,6,Vehicle overturned (no collision),3,Tuesday,174,OUT OF CONTROL ON CARRIAGEWAY (ON STRAIGHT),1,49318,1,0,1,0,0,1,2,4,Multiple intersection,2,60,Arterial Highway,144.287376,-36.758373,20140923,BENDIGO
T20150002351,2014-09-26,04:45:00,6,Vehicle overturned (no collision),6,Friday,174,OUT OF CONTROL ON CARRIAGEWAY (ON STRAIGHT),6,49321,1,0,0,1,0,1,2,1,Cross intersection,3,50,Arterial Other,144.305216,-36.773247,20140926,BENDIGO
T20140019993,2014-09-27,07:47:00,6,Vehicle overturned (no collision),6,Saturday,170,OFF CARRIAGEWAY TO LEFT,2,277561,1,0,0,1,0,1,1,5,Not at intersection,3,100,Local Road,144.12063,-36.782962,20140927,BENDIGO
T20140020047,2014-09-28,11:55:00,4,Collision with a fixed object,1,Sunday,181,OFF RIGHT BEND INTO OBJECT/PARKED VEHICLE,1,275579,1,0,1,0,0,1,1,5,Not at intersection,2,100,Arterial Other,144.489381,-36.850548,20140928,BENDIGO
T20140020184,2014-09-30,12:00:00,1,Collision with vehicle,3,Tuesday,120,HEAD ON (NOT OVERTAKING),1,276071,2,1,0,1,0,2,1,5,Not at intersection,1,100,Arterial Highway,144.174788,-36.857542,20140930,BENDIGO
T20140020194,2014-09-30,14:45:00,4,Collision with a fixed object,3,Tuesday,181,OFF RIGHT BEND INTO OBJECT/PARKED VEHICLE,1,278178,1,0,1,0,0,1,1,5,Not at intersection,2,100,,144.322094,-36.847958,20140930,BENDIGO
T20150000994,2014-10-01,08:28:00,1,Collision with vehicle,4,Wednesday,132,RIGHT REAR.,1,51585,4,0,0,1,4,5,1,1,Cross intersection,3,60,Arterial Highway,144.287529,-36.753129,20141001,BENDIGO
T20140022086,2014-10-01,09:15:00,2,Struck Pedestrian,3,Wednesday,106,VEH STRIKES PED ON FOOTPATH/MEDIAN/TRAFFIC ISLAND.,1,277616,1,0,0,1,0,1,2,5,Not at intersection,3,50,Local Road,144.274002,-36.743721,20141001,BENDIGO
T20140020331,2014-10-02,12:02:00,2,Struck Pedestrian,5,Thursday,109,ANY MANOEUVRE INVOLVING PED NOT INCLUDED IN DCAs 100-108.,1,277617,2,0,0,1,1,2,1,5,Not at intersection,3,100,,144.214192,-36.876121,20141002,BENDIGO
T20140026060,2014-10-02,04:20:00,3,Struck animal,4,Thursday,167,STRUCK ANIMAL,5,19747,1,0,0,1,0,1,2,5,Not at intersection,3,100,Arterial Highway,144.35632,-36.772641,20141002,BENDIGO
T20140020477,2014-10-04,14:20:00,4,Collision with a fixed object,7,Saturday,171,LEFT OFF CARRIAGEWAY INTO OBJECT/PARKED VEHICLE,1,276053,1,0,1,0,0,1,1,5,Not at intersection,2,100,Local Road,144.484439,-36.835393,20141004,BENDIGO
T20140020580,2014-10-05,11:40:00,1,Collision with vehicle,1,Sunday,130,REAR END(VEHICLES IN SAME LANE),1,19698,2,0,0,1,2,3,1,4,Multiple intersection,3,100,Arterial Other,144.471856,-36.833875,20141005,BENDIGO
T20150000194,2014-10-05,21:20:00,4,Collision with a fixed object,1,Sunday,183,OFF LEFT BEND INTO OBJECT/PARKED VEHICLE,3,280569,1,0,0,1,0,1,1,5,Not at intersection,3,60,Arterial Highway,144.270381,-36.763209,20141005,BENDIGO
T20140020709,2014-10-05,13:00:00,6,Vehicle overturned (no collision),1,Sunday,174,OUT OF CONTROL ON CARRIAGEWAY (ON STRAIGHT),1,275753,1,0,1,0,0,1,2,2,T intersection,2,999,Local Road,144.665888,-36.967989,20141005,BENDIGO
T20140020661,2014-10-06,16:20:00,8,No collision and no object struck,2,Monday,170,OFF CARRIAGEWAY TO LEFT,1,59760,1,0,0,1,0,1,1,1,Cross intersection,3,50,Local Road,144.259496,-36.768517,20141006,BENDIGO
T20140020591,2014-10-06,09:10:00,4,Collision with a fixed object,2,Monday,173,RIGHT OFF CARRIAGEWAY INTO OBJECT/PARKED VEHICLE,1,277235,1,0,1,0,0,1,1,2,T intersection,2,60,Arterial Highway,144.257762,-36.73422,20141006,BENDIGO
T20140026692,2014-10-07,18:45:00,4,Collision with a fixed object,2,Tuesday,181,OFF RIGHT BEND INTO OBJECT/PARKED VEHICLE,2,280150,1,0,0,1,0,1,9,5,Not at intersection,3,999,Local Road,144.440201,-36.689365,20141007,BENDIGO
T20150001430,2014-10-10,14:10:00,1,Collision with vehicle,6,Friday,132,RIGHT REAR.,1,281518,2,0,0,2,1,3,1,5,Not at intersection,3,50,Local Road,144.266198,-36.739682,20141010,BENDIGO
T20140023399,2014-10-11,18:05:00,1,Collision with vehicle,6,Saturday,130,REAR END(VEHICLES IN SAME LANE),2,51700,2,0,0,1,3,4,1,1,Cross intersection,3,60,Arterial Highway,144.250247,-36.779793,20141011,BENDIGO
T20140021004,2014-10-11,15:33:00,1,Collision with vehicle,7,Saturday,140,U TURN,1,276069,3,0,0,2,1,3,1,5,Not at intersection,3,80,Arterial Highway,144.23343,-36.715526,20141011,BENDIGO
T20140021109,2014-10-13,09:10:00,1,Collision with vehicle,2,Monday,110,CROSS TRAFFIC(INTERSECTIONS ONLY),1,51703,3,0,1,0,2,3,1,1,Cross intersection,2,50,Arterial Other,144.253813,-36.780686,20141013,BENDIGO
T20140021261,2014-10-15,09:20:00,6,Vehicle overturned (no collision),4,Wednesday,174,OUT OF CONTROL ON CARRIAGEWAY (ON STRAIGHT),1,276055,1,0,1,0,0,1,1,5,Not at intersection,2,60,Local Road,144.276978,-36.758341,20141015,BENDIGO
T20140022947,2014-10-15,18:04:00,4,Collision with a fixed object,4,Wednesday,171,LEFT OFF CARRIAGEWAY INTO OBJECT/PARKED VEHICLE,2,19447,1,0,0,1,0,1,1,1,Cross intersection,3,100,Arterial Other,144.39501,-36.811389,20141015,BENDIGO
T20150003142,2014-10-16,16:30:00,4,Collision with a fixed object,5,Thursday,181,OFF RIGHT BEND INTO OBJECT/PARKED VEHICLE,1,282334,1,0,0,1,0,1,1,5,Not at intersection,3,100,,144.323737,-36.85065,20141016,BENDIGO
T20140024255,2014-10-17,15:30:00,4,Collision with a fixed object,6,Friday,149,OTHER MANOEUVRING NOT INCLUDED IN DCAs 140-148,1,279094,1,0,0,1,0,1,1,5,Not at intersection,3,40,Local Road,144.2817,-36.76159,20141017,BENDIGO
T20140021513,2014-10-18,17:58:00,1,Collision with vehicle,7,Saturday,113,RIGHT NEAR (INTERSECTIONS ONLY),2,51638,2,0,0,2,2,4,1,1,Cross intersection,3,60,Local Road,144.254687,-36.762844,20141018,BENDIGO