ACCIDENT_NO,ACCIDENT_DATE,ACCIDENT_TIME,ACCIDENT_TYPE,ACCIDENT_TYPE_DESC,DAY_OF_WEEK,DAY_WEEK_DESC,DCA_CODE,DCA_DESC,LIGHT_CONDITION,NODE_ID,NO_OF_VEHICLES,NO_PERSONS_KILLED,NO_PERSONS_INJ_2,NO_PERSONS_INJ_3,NO_PERSONS_NOT_INJ,NO_PERSONS,POLICE_ATTEND,ROAD_GEOMETRY,ROAD_GEOMETRY_DESC,SEVERITY,SPEED_ZONE,RMA, LAT, LONG, DATE, COUNCIL
T20140021480,2014-10-18,09:20:00,1,Collision with vehicle,7,Saturday,149,OTHER MANOEUVRING NOT INCLUDED IN DCAs 140-148,1,276065,3,0,0,2,2,4,1,5,Not at intersection,3,90,Arterial Highway,144.349919,-36.771362,20141018,BENDIGO
T20140023324,2014-10-21,13:00:00,1,Collision with vehicle,3,Tuesday,130,REAR END(VEHICLES IN SAME LANE),1,35676,3,0,0,1,2,3,1,1,Cross intersection,3,50,Arterial Highway,144.280104,-36.758517,20141021,BENDIGO
T20140021993,2014-10-24,11:30:00,1,Collision with vehicle,6,Friday,130,REAR END(VEHICLES IN SAME LANE),1,51561,2,0,0,1,2,3,1,1,Cross intersection,3,60,Arterial Highway,144.258109,-36.746919,20141024,BENDIGO
T20150001656,2014-10-24,11:50:00,1,Collision with vehicle,6,Friday,111,RIGHT FAR (INTERSECTIONS ONLY),1,51538,2,0,0,1,1,2,1,2,T intersection,3,60,Local Road,144.27776,-36.736754,20141024,BENDIGO
T20140022118,2014-10-25,20:05:00,1,Collision with vehicle,6,Saturday,110,CROSS TRAFFIC(INTERSECTIONS ONLY),3,19422,3,0,0,1,5,6,1,1,Cross intersection,3,60,Arterial Other,144.262006,-36.739308,20141025,BENDIGO
T20140022386,2014-10-25,11:00:00,1,Collision with vehicle,7,Saturday,130,REAR END(VEHICLES IN SAME LANE),1,277300,4,0,0,1,3,4,1,5,Not at intersection,3,60,Arterial Highway,144.242556,-36.801769,20141025,BENDIGO
T20140022080,2014-10-25,11:50:00,4,Collision with a fixed object,7,Saturday,181,OFF RIGHT BEND INTO OBJECT/PARKED VEHICLE,1,277314,1,0,1,0,0,1,1,5,Not at intersection,2,90,Arterial Highway,144.22547,-36.75899,20141025,BENDIGO
T20140022437,2014-10-29,15:10:00,1,Collision with vehicle,4,Wednesday,116,LEFT NEAR (INTERSECTIONS ONLY),1,59756,2,0,1,0,1,2,1,1,Cross intersection,2,50,Arterial Highway,144.265425,-36.768103,20141029,BENDIGO
T20140025998,2014-10-30,17:00:00,1,Collision with vehicle,5,Thursday,147,VEHICLE STRIKES ANOTHER VEH WHILE EMERGING FROM DRIVEWAY,2,282060,2,0,0,1,1,2,2,5,Not at intersection,3,50,Local Road,144.281548,-36.759078,20141030,BENDIGO
T20140022617,2014-10-31,16:55:00,1,Collision with vehicle,6,Friday,132,RIGHT REAR.,1,277932,2,0,0,4,0,4,1,5,Not at intersection,3,70,Arterial Highway,144.311133,-36.723381,20141031,BENDIGO
T20140022715,2014-10-31,13:40:00,1,Collision with vehicle,6,Friday,132,RIGHT REAR.,1,51621,2,0,1,0,1,2,1,2,T intersection,2,70,Arterial Highway,144.324975,-36.760116,20141031,BENDIGO
T20140022717,2014-11-01,17:00:00,8,No collision and no object struck,7,Saturday,174,OUT OF CONTROL ON CARRIAGEWAY (ON STRAIGHT),1,263120,1,0,1,0,0,1,2,2,T intersection,2,80,Local Road,144.224185,-36.764826,20141101,BENDIGO
T20140022794,2014-11-03,13:20:00,1,Collision with vehicle,2,Monday,110,CROSS TRAFFIC(INTERSECTIONS ONLY),1,19402,2,0,0,4,0,4,1,1,Cross intersection,3,100,,144.563723,-36.591006,20141103,BENDIGO
T20140023145,2014-11-08,12:10:00,1,Collision with vehicle,7,Saturday,110,CROSS TRAFFIC(INTERSECTIONS ONLY),1,277578,2,1,2,1,0,4,1,1,Cross intersection,1,100,,144.212,-36.885245,20141108,BENDIGO
T20140023378,2014-11-10,10:40:00,2,Struck Pedestrian,2,Monday,102,FAR SIDE. PED HIT BY VEHICLE FROM THE LEFT,1,51593,1,0,0,1,0,1,2,1,Cross intersection,3,60,Arterial Other,144.274076,-36.755246,20141110,BENDIGO
T20140023565,2014-11-13,17:45:00,4,Collision with a fixed object,5,Thursday,181,OFF RIGHT BEND INTO OBJECT/PARKED VEHICLE,1,278045,1,0,1,2,0,3,1,2,T intersection,2,100,,144.173902,-36.814009,20141113,BENDIGO
T20140023550,2014-11-14,06:45:00,4,Collision with a fixed object,6,Friday,181,OFF RIGHT BEND INTO OBJECT/PARKED VEHICLE,2,277856,1,0,1,0,0,1,1,5,Not at intersection,2,100,Arterial Highway,144.217976,-36.872439,20141114,BENDIGO
T20140023681,2014-11-15,22:25:00,4,Collision with a fixed object,7,Saturday,171,LEFT OFF CARRIAGEWAY INTO OBJECT/PARKED VEHICLE,5,279125,1,0,0,1,0,1,1,2,T intersection,3,110,Freeway,144.221834,-36.921502,20141115,BENDIGO
T20140023669,2014-11-15,20:20:00,4,Collision with a fixed object,7,Saturday,171,LEFT OFF CARRIAGEWAY INTO OBJECT/PARKED VEHICLE,3,279198,1,0,3,0,1,4,1,5,Not at intersection,2,60,Local Road,144.231451,-36.814572,20141115,BENDIGO
T20140023659,2014-11-15,16:50:00,1,Collision with vehicle,7,Saturday,140,U TURN,1,278087,2,0,0,1,1,2,1,5,Not at intersection,3,60,Arterial Highway,144.308169,-36.72721,20141115,BENDIGO
T20140023851,2014-11-15,11:30:00,1,Collision with vehicle,7,Saturday,130,REAR END(VEHICLES IN SAME LANE),1,59524,2,0,0,1,1,2,2,1,Cross intersection,3,60,Arterial Highway,144.304867,-36.731458,20141115,BENDIGO
T20140024042,2014-11-20,15:50:00,1,Collision with vehicle,5,Thursday,111,RIGHT FAR (INTERSECTIONS ONLY),1,279841,2,0,0,1,1,2,1,2,T intersection,3,60,Local Road,144.724604,-36.947189,20141120,BENDIGO
T20150011348,2014-11-21,11:30:00,1,Collision with vehicle,6,Friday,130,REAR END(VEHICLES IN SAME LANE),1,51570,2,0,0,2,1,3,1,1,Cross intersection,3,60,Arterial Highway,144.290752,-36.749779,20141121,BENDIGO
T20140024144,2014-11-21,16:50:00,1,Collision with vehicle,6,Friday,113,RIGHT NEAR (INTERSECTIONS ONLY),1,278245,2,0,1,0,5,6,1,2,T intersection,2,90,Arterial Highway,144.221437,-36.755786,20141121,BENDIGO
T20140024386,2014-11-24,17:25:00,1,Collision with vehicle,2,Monday,110,CROSS TRAFFIC(INTERSECTIONS ONLY),1,279093,2,0,0,2,1,3,1,1,Cross intersection,3,50,,144.2901,-36.76301,20141124,BENDIGO
T20140025103,2014-11-25,23:30:00,8,No collision and no object struck,3,Tuesday,170,OFF CARRIAGEWAY TO LEFT,3,279403,1,0,1,0,0,1,2,5,Not at intersection,2,60,Arterial Other,144.275792,-36.767479,20141125,BENDIGO
T20150000571,2014-11-26,22:30:00,8,No collision and no object struck,4,Wednesday,170,OFF CARRIAGEWAY TO LEFT,5,280534,1,0,0,1,0,1,1,5,Not at intersection,3,60,Local Road,144.261146,-36.790027,20141126,BENDIGO
T20140024572,2014-11-27,08:15:00,2,Struck Pedestrian,4,Thursday,100,PED NEAR SIDE. PED HIT BY VEHICLE FROM THE RIGHT.,1,51723,1,0,1,0,1,2,1,4,Multiple intersection,2,50,Local Road,144.2411,-36.794306,20141127,BENDIGO
T20140024823,2014-11-30,15:20:00,1,Collision with vehicle,1,Sunday,140,U TURN,1,279095,2,0,0,3,1,4,1,5,Not at intersection,3,70,,144.313236,-36.717849,20141130,BENDIGO
T20140025126,2014-11-30,21:46:00,4,Collision with a fixed object,1,Sunday,171,LEFT OFF CARRIAGEWAY INTO OBJECT/PARKED VEHICLE,3,279681,1,0,1,0,0,1,1,5,Not at intersection,2,60,Arterial Other,144.222458,-36.800869,20141130,BENDIGO
T20140025013,2014-11-30,17:30:00,8,No collision and no object struck,0,Sunday,184,OUT OF CONTROL ON CARRIAGEWAY (ON BEND),1,279357,1,0,0,1,0,1,2,5,Not at intersection,3,40,,144.302371,-36.78812,20141130,BENDIGO
T20140025005,2014-12-03,08:05:00,1,Collision with vehicle,4,Wednesday,130,REAR END(VEHICLES IN SAME LANE),1,19431,2,0,0,1,1,2,1,1,Cross intersection,3,50,Arterial Highway,144.284313,-36.75549,20141203,BENDIGO
T20140025096,2014-12-04,08:40:00,1,Collision with vehicle,5,Thursday,110,CROSS TRAFFIC(INTERSECTIONS ONLY),1,51546,2,0,0,1,2,3,1,1,Cross intersection,3,50,Local Road,144.299855,-36.740214,20141204,BENDIGO
T20140025952,2014-12-04,16:00:00,2,Struck Pedestrian,5,Thursday,100,PED NEAR SIDE. PED HIT BY VEHICLE FROM THE RIGHT.,1,279984,1,0,0,1,0,1,2,5,Not at intersection,3,50,Arterial Other,144.279957,-36.763538,20141204,BENDIGO
T20140025331,2014-12-07,09:30:00,4,Collision with a fixed object,1,Sunday,183,OFF LEFT BEND INTO OBJECT/PARKED VEHICLE,1,279534,1,0,1,0,0,1,1,5,Not at intersection,2,100,Local Road,144.60887,-36.821206,20141207,BENDIGO
T20140025364,2014-12-07,21:25:00,4,Collision with a fixed object,1,Sunday,171,LEFT OFF CARRIAGEWAY INTO OBJECT/PARKED VEHICLE,3,281453,1,0,0,1,0,1,1,5,Not at intersection,3,60,Local Road,144.286971,-36.79833,20141207,BENDIGO
T20140025388,2014-12-08,07:12:00,1,Collision with vehicle,2,Monday,132,RIGHT REAR.,1,51560,2,0,1,0,1,2,1,2,T intersection,2,60,Local Road,144.309938,-36.746719,20141208,BENDIGO
T20140025471,2014-12-09,09:00:00,1,Collision with vehicle,3,Tuesday,130,REAR END(VEHICLES IN SAME LANE),1,280755,2,0,0,2,1,3,1,5,Not at intersection,3,50,Arterial Highway,144.702396,-36.916173,20141209,BENDIGO
T20140025917,2014-12-14,18:25:00,8,No collision and no object struck,1,Sunday,174,OUT OF CONTROL ON CARRIAGEWAY (ON STRAIGHT),1,279979,1,0,1,0,0,1,1,5,Not at intersection,2,50,Local Road,144.26453,-36.76541,20141214,BENDIGO
T20140026001,2014-12-15,17:00:00,1,Collision with vehicle,2,Monday,121,RIGHT THROUGH,1,51650,2,0,0,3,2,5,1,1,Cross intersection,3,50,Arterial Other,144.273072,-36.7653,20141215,BENDIGO
T20140026326,2014-12-19,14:48:00,1,Collision with vehicle,6,Friday,192,STRUCK TRAIN,1,281900,2,0,0,1,8,9,1,5,Not at intersection,3,100,,144.204607,-36.667813,20141219,BENDIGO
T20140026396,2014-12-20,14:10:00,1,Collision with vehicle,7,Saturday,121,RIGHT THROUGH,1,29977,2,0,0,1,2,3,1,1,Cross intersection,3,60,Arterial Other,144.283473,-36.750173,20141220,BENDIGO
T20140026941,2014-12-21,21:45:00,4,Collision with a fixed object,1,Sunday,173,RIGHT OFF CARRIAGEWAY INTO OBJECT/PARKED VEHICLE,3,51728,1,0,1,0,0,1,1,2,T intersection,2,50,Arterial Highway,144.243898,-36.796822,20141221,BENDIGO
T20140026991,2014-12-21,13:30:00,1,Collision with vehicle,1,Sunday,129,OTHER OPPOSING MANOEUVRES NOT INCLUDED IN DCAs 120-125.,1,19692,2,0,1,0,1,2,2,3,Y intersection,2,50,Local Road,144.23927,-36.800302,20141221,BENDIGO
T20140026643,2014-12-23,15:25:00,1,Collision with vehicle,3,Tuesday,160,VEHICLE COLLIDES WITH VEHICLE PARKED ON LEFT OF ROAD,1,280703,2,0,0,1,0,1,1,5,Not at intersection,3,50,Local Road,144.25834,-36.76457,20141223,BENDIGO
T20140026769,2014-12-25,16:30:00,1,Collision with vehicle,5,Thursday,110,CROSS TRAFFIC(INTERSECTIONS ONLY),1,51623,3,0,2,1,3,6,1,1,Cross intersection,2,60,Local Road,144.26476,-36.760141,20141225,BENDIGO
T20150002836,2014-12-26,14:33:00,4,Collision with a fixed object,6,Friday,181,OFF RIGHT BEND INTO OBJECT/PARKED VEHICLE,1,282185,1,0,0,1,0,1,2,5,Not at intersection,3,60,Local Road,144.370918,-36.701043,20141226,BENDIGO
T20150000344,2015-01-06,19:07:00,1,Collision with vehicle,3,Tuesday,130,REAR END(VEHICLES IN SAME LANE),1,280729,5,0,0,1,8,9,1,5,Not at intersection,3,80,Arterial Highway,144.224758,-36.857119,20150106,BENDIGO
T20150000605,2015-01-06,21:20:00,1,Collision with vehicle,3,Tuesday,152,PULLING OUT (OVERTAKING),5,280565,2,0,0,2,1,3,1,5,Not at intersection,3,100,,144.203599,-36.810114,20150106,BENDIGO
T20150000580,2015-01-09,16:45:00,1,Collision with vehicle,6,Friday,119,OTHER ADJACENT (INTERSECTIONS ONLY),1,53423,2,0,2,1,0,3,1,2,T intersection,2,100,,144.160112,-36.80285,20150109,BENDIGO
T20150000862,2015-01-13,12:00:00,4,Collision with a fixed object,2,Tuesday,171,LEFT OFF CARRIAGEWAY INTO OBJECT/PARKED VEHICLE,1,44646,1,0,0,1,0,1,1,1,Cross intersection,3,60,Local Road,144.28767,-36.765201,20150113,BENDIGO
T20150001098,2015-01-16,05:34:00,4,Collision with a fixed object,6,Friday,183,OFF LEFT BEND INTO OBJECT/PARKED VEHICLE,3,281087,1,1,0,0,0,1,1,5,Not at intersection,1,60,Arterial Other,144.2961,-36.769342,20150116,BENDIGO
T20150001420,2015-01-19,10:00:00,1,Collision with vehicle,2,Monday,142,LEAVING PARKING,1,281172,2,0,0,1,1,2,2,5,Not at intersection,3,50,Arterial Highway,144.274611,-36.760984,20150119,BENDIGO
T20150001385,2015-01-20,09:30:00,1,Collision with vehicle,3,Tuesday,110,CROSS TRAFFIC(INTERSECTIONS ONLY),1,281094,2,1,1,0,1,3,1,1,Cross intersection,1,100,Arterial Highway,144.158825,-36.809488,20150120,BENDIGO
T20150001600,2015-01-22,23:00:00,3,Struck animal,5,Thursday,167,STRUCK ANIMAL,5,281246,1,0,0,1,1,2,2,5,Not at intersection,3,60,,144.379962,-36.76687,20150122,BENDIGO
T20150001614,2015-01-23,15:45:00,1,Collision with vehicle,5,Friday,145,REVERSING IN STREAM OF TRAFFIC,1,356802,2,0,0,1,3,4,1,5,Not at intersection,3,60,Local Road,144.302243,-36.727992,20150123,BENDIGO
T20150001669,2015-01-24,08:45:00,1,Collision with vehicle,7,Saturday,120,HEAD ON (NOT OVERTAKING),1,281479,2,0,1,0,2,3,1,5,Not at intersection,2,100,Arterial Other,144.489211,-36.95629,20150124,BENDIGO
T20150001724,2015-01-25,08:45:00,1,Collision with vehicle,1,Sunday,113,RIGHT NEAR (INTERSECTIONS ONLY),1,19695,2,0,0,2,0,2,1,2,T intersection,3,80,Arterial Highway,144.238135,-36.818668,20150125,BENDIGO
T20150001972,2015-01-28,20:00:00,3,Struck animal,3,Wednesday,167,STRUCK ANIMAL,2,281902,1,0,0,2,0,2,1,5,Not at intersection,3,90,Arterial Highway,144.229739,-36.760424,20150128,BENDIGO
T20150001942,2015-01-28,14:20:00,2,Struck Pedestrian,4,Wednesday,100,PED NEAR SIDE. PED HIT BY VEHICLE FROM THE RIGHT.,1,281481,1,0,1,1,1,3,1,5,Not at intersection,2,40,,144.282316,-36.765369,20150128,BENDIGO
T20150001957,2015-01-28,16:21:00,1,Collision with vehicle,4,Wednesday,130,REAR END(VEHICLES IN SAME LANE),1,51682,2,0,1,1,0,2,1,2,T intersection,2,60,Local Road,144.290431,-36.773525,20150128,BENDIGO
T20150002312,2015-02-03,00:10:00,4,Collision with a fixed object,3,Tuesday,171,LEFT OFF CARRIAGEWAY INTO OBJECT/PARKED VEHICLE,5,281684,1,0,1,0,0,1,1,1,Cross intersection,2,100,,144.150868,-36.771812,20150203,BENDIGO
T20150002605,2015-02-06,08:10:00,1,Collision with vehicle,6,Friday,110,CROSS TRAFFIC(INTERSECTIONS ONLY),1,59730,2,0,0,1,2,3,1,1,Cross intersection,3,60,Local Road,144.292334,-36.763694,20150206,BENDIGO
T20150002595,2015-02-06,09:30:00,1,Collision with vehicle,6,Friday,113,RIGHT NEAR (INTERSECTIONS ONLY),1,51883,2,0,1,0,1,2,1,2,T intersection,2,80,Arterial Highway,144.220182,-36.75406,20150206,BENDIGO
T20150002600,2015-02-06,08:50:00,1,Collision with vehicle,5,Friday,110,CROSS TRAFFIC(INTERSECTIONS ONLY),1,51526,2,0,0,1,1,2,1,1,Cross intersection,3,60,Arterial Other,144.261881,-36.728705,20150206,BENDIGO
T20150002828,2015-02-09,15:25:00,6,Vehicle overturned (no collision),2,Monday,174,OUT OF CONTROL ON CARRIAGEWAY (ON STRAIGHT),1,282336,1,0,0,1,0,1,1,2,T intersection,3,50,Local Road,144.301249,-36.777133,20150209,BENDIGO
T20150003986,2015-02-10,06:10:00,3,Struck animal,3,Tuesday,167,STRUCK ANIMAL,2,282515,1,0,1,0,0,1,2,2,T intersection,2,90,Arterial Highway,144.399595,-36.771129,20150210,BENDIGO
T20150002898,2015-02-10,08:45:00,1,Collision with vehicle,3,Tuesday,140,U TURN,1,282161,2,0,0,1,1,2,1,5,Not at intersection,3,50,Local Road,144.286041,-36.760249,20150210,BENDIGO
T20150014922,2015-02-12,19:35:00,8,No collision and no object struck,5,Thursday,182,OFF CARRIAGEWAY ON LEFT BEND,2,291740,1,0,1,0,0,1,1,5,Not at intersection,2,80,,144.21898,-36.70532,20150212,BENDIGO
T20150003085,2015-02-12,17:00:00,1,Collision with vehicle,5,Thursday,121,RIGHT THROUGH,1,51631,2,0,0,1,1,2,2,1,Cross intersection,3,50,Local Road,144.277768,-36.761837,20150212,BENDIGO
T20150003133,2015-02-13,09:25:00,4,Collision with a fixed object,6,Friday,175,OFF END OF ROAD/T-INTERSECTION.,1,51567,1,0,0,2,0,2,1,2,T intersection,3,50,Arterial Other,144.28153,-36.748802,20150213,BENDIGO
T20150005630,2015-02-14,05:00:00,4,Collision with a fixed object,6,Saturday,173,RIGHT OFF CARRIAGEWAY INTO OBJECT/PARKED VEHICLE,5,291867,1,0,0,1,0,1,2,5,Not at intersection,3,100,Local Road,144.493927,-36.82818,20150214,BENDIGO
T20150003382,2015-02-16,14:50:00,1,Collision with vehicle,2,Monday,146,REVERSING INTO FIXED OBJECT/PARKED VEHICLE,1,287638,2,0,1,0,0,1,1,5,Not at intersection,2,50,Local Road,144.262994,-36.77591,20150216,BENDIGO
T20150003377,2015-02-16,14:50:00,2,Struck Pedestrian,2,Monday,100,PED NEAR SIDE. PED HIT BY VEHICLE FROM THE RIGHT.,1,33725,1,1,0,0,1,2,1,1,Cross intersection,1,50,Arterial Highway,144.252546,-36.717914,20150216,BENDIGO
T20150003491,2015-02-17,19:40:00,1,Collision with vehicle,3,Tuesday,121,RIGHT THROUGH,2,51682,2,0,0,2,0,2,2,2,T intersection,3,60,Local Road,144.290431,-36.773525,20150217,BENDIGO
T20150003411,2015-02-17,07:40:00,1,Collision with vehicle,3,Tuesday,116,LEFT NEAR (INTERSECTIONS ONLY),2,35815,2,0,1,0,1,2,1,4,Multiple intersection,2,60,Arterial Other,144.292096,-36.769124,20150217,BENDIGO
T20150003409,2015-02-17,07:00:00,4,Collision with a fixed object,2,Tuesday,181,OFF RIGHT BEND INTO OBJECT/PARKED VEHICLE,2,286676,1,0,1,0,0,1,1,5,Not at intersection,2,80,,144.23456,-36.72958,20150217,BENDIGO
T20150003564,2015-02-18,18:00:00,1,Collision with vehicle,4,Wednesday,130,REAR END(VEHICLES IN SAME LANE),1,51686,2,0,0,1,2,3,2,1,Cross intersection,3,50,Arterial Other,144.250038,-36.773612,20150218,BENDIGO
T20150003552,2015-02-18,16:25:00,1,Collision with vehicle,4,Wednesday,130,REAR END(VEHICLES IN SAME LANE),1,49317,2,0,0,1,1,2,1,1,Cross intersection,3,50,Arterial Highway,144.281181,-36.757697,20150218,BENDIGO
T20150003574,2015-02-18,19:00:00,1,Collision with vehicle,4,Wednesday,119,OTHER ADJACENT (INTERSECTIONS ONLY),2,35815,2,0,0,1,1,2,2,4,Multiple intersection,3,50,Arterial Other,144.292096,-36.769124,20150218,BENDIGO
T20150008502,2015-02-19,21:05:00,1,Collision with vehicle,4,Thursday,110,CROSS TRAFFIC(INTERSECTIONS ONLY),5,44648,2,0,0,1,1,2,1,1,Cross intersection,3,50,Local Road,144.274482,-36.764232,20150219,BENDIGO
T20150003743,2015-02-20,20:15:00,1,Collision with vehicle,6,Friday,121,RIGHT THROUGH,3,51735,2,0,1,0,1,2,1,2,T intersection,2,80,Arterial Highway,144.242322,-36.802638,20150220,BENDIGO
T20150004102,2015-02-21,19:00:00,4,Collision with a fixed object,7,Saturday,173,RIGHT OFF CARRIAGEWAY INTO OBJECT/PARKED VEHICLE,2,286315,1,0,1,0,0,1,1,5,Not at intersection,2,100,Local Road,144.098629,-36.662401,20150221,BENDIGO
T20150004012,2015-02-21,12:30:00,1,Collision with vehicle,7,Saturday,132,RIGHT REAR.,1,286442,2,0,0,1,1,2,1,2,T intersection,3,60,Local Road,144.252139,-36.785326,20150221,BENDIGO
T20150008838,2015-02-24,09:50:00,1,Collision with vehicle,2,Tuesday,110,CROSS TRAFFIC(INTERSECTIONS ONLY),1,59464,2,0,0,2,1,3,1,1,Cross intersection,3,60,Local Road,144.322687,-36.696551,20150224,BENDIGO
T20150004282,2015-02-26,11:30:00,1,Collision with vehicle,5,Thursday,130,REAR END(VEHICLES IN SAME LANE),1,29977,2,0,0,1,1,2,2,1,Cross intersection,3,60,Arterial Other,144.283473,-36.750173,20150226,BENDIGO
T20150007459,2015-02-26,16:00:00,1,Collision with vehicle,5,Thursday,110,CROSS TRAFFIC(INTERSECTIONS ONLY),1,51643,2,0,0,1,1,2,2,1,Cross intersection,3,60,Local Road,144.280517,-36.764281,20150226,BENDIGO
T20150004510,2015-02-27,20:15:00,1,Collision with vehicle,6,Friday,121,RIGHT THROUGH,3,29977,2,0,0,4,0,4,1,1,Cross intersection,3,60,Arterial Other,144.283473,-36.750173,20150227,BENDIGO
T20150004375,2015-02-28,22:10:00,4,Collision with a fixed object,7,Saturday,173,RIGHT OFF CARRIAGEWAY INTO OBJECT/PARKED VEHICLE,3,288801,1,0,1,0,0,1,1,5,Not at intersection,2,60,Local Road,144.270534,-36.780909,20150228,BENDIGO
T20150005356,2015-02-28,22:40:00,8,No collision and no object struck,7,Saturday,174,OUT OF CONTROL ON CARRIAGEWAY (ON STRAIGHT),3,29984,1,0,0,1,0,1,2,1,Cross intersection,3,60,Local Road,144.285093,-36.776419,20150228,BENDIGO
T20150004331,2015-02-28,13:20:00,1,Collision with vehicle,7,Saturday,130,REAR END(VEHICLES IN SAME LANE),1,51652,3,0,0,1,3,4,1,1,Cross intersection,3,60,Arterial Highway,144.268334,-36.765479,20150228,BENDIGO
T20150004349,2015-02-28,17:10:00,3,Struck animal,7,Saturday,167,STRUCK ANIMAL,1,282808,1,0,2,0,0,2,1,5,Not at intersection,2,80,,144.279844,-36.839251,20150228,BENDIGO
T20150004434,2015-03-01,13:45:00,4,Collision with a fixed object,1,Sunday,173,RIGHT OFF CARRIAGEWAY INTO OBJECT/PARKED VEHICLE,1,286450,1,0,1,0,0,1,1,5,Not at intersection,2,60,Local Road,144.266608,-36.769627,20150301,BENDIGO
T20150015760,2015-03-02,08:30:00,3,Struck animal,2,Monday,167,STRUCK ANIMAL,1,292268,1,0,0,1,0,1,2,5,Not at intersection,3,100,Arterial Highway,144.688822,-36.900639,20150302,BENDIGO
T20150004602,2015-03-03,19:30:00,9,Other accident,3,Tuesday,198,OTHER ACCIDENTS NOT CLASSIFIABLE ELSEWHERE,2,286677,1,0,1,0,1,2,1,5,Not at intersection,2,50,Local Road,144.262799,-36.751558,20150303,BENDIGO
T20150004645,2015-03-04,00:50:00,3,Struck animal,4,Wednesday,167,STRUCK ANIMAL,5,286303,1,0,0,1,0,1,2,5,Not at intersection,3,100,Arterial Other,144.506039,-37.006352,20150304,BENDIGO
T20150004655,2015-03-04,08:35:00,1,Collision with vehicle,3,Wednesday,130,REAR END(VEHICLES IN SAME LANE),1,51700,2,0,0,1,2,3,2,1,Cross intersection,3,60,Arterial Highway,144.250247,-36.779793,20150304,BENDIGO
T20150004778,2015-03-05,23:00:00,4,Collision with a fixed object,5,Thursday,171,LEFT OFF CARRIAGEWAY INTO OBJECT/PARKED VEHICLE,5,286345,1,0,1,0,0,1,1,5,Not at intersection,2,80,Local Road,144.289577,-36.828158,20150305,BENDIGO
T20150004914,2015-03-07,11:15:00,3,Struck animal,6,Saturday,167,STRUCK ANIMAL,1,286434,1,0,0,1,0,1,1,5,Not at intersection,3,100,Arterial Highway,144.3706,-36.77272,20150307,BENDIGO
T20150004880,2015-03-07,01:30:00,4,Collision with a fixed object,7,Saturday,171,LEFT OFF CARRIAGEWAY INTO OBJECT/PARKED VEHICLE,3,287163,1,0,1,1,0,2,1,5,Not at intersection,2,50,Arterial Highway,144.283238,-36.756248,20150307,BENDIGO
T20150010647,2015-03-08,20:16:00,1,Collision with vehicle,1,Sunday,130,REAR END(VEHICLES IN SAME LANE),2,290111,2,0,0,3,0,3,2,5,Not at intersection,3,110,Arterial Highway,144.57089,-36.80277,20150308,BENDIGO
T20150006910,2015-03-09,20:30:00,3,Struck animal,1,Monday,167,STRUCK ANIMAL,2,19449,1,0,0,1,0,1,2,3,Y intersection,3,100,Arterial Highway,144.587373,-36.825398,20150309,BENDIGO
T20150005698,2015-03-11,17:30:00,8,No collision and no object struck,4,Wednesday,180,OFF CARRIAGEWAY ON RIGHT BEND,2,288873,1,0,1,0,0,1,9,5,Not at intersection,2,100,Arterial Other,144.506086,-36.853303,20150311,BENDIGO
T20150005297,2015-03-12,10:15:00,1,Collision with vehicle,5,Thursday,132,RIGHT REAR.,1,286666,2,0,0,1,2,3,1,5,Not at intersection,3,40,Arterial Highway,144.314158,-36.71412,20150312,BENDIGO
T20150005257,2015-03-12,06:45:00,1,Collision with vehicle,5,Thursday,110,CROSS TRAFFIC(INTERSECTIONS ONLY),3,51636,3,0,0,1,1,2,1,1,Cross intersection,3,60,Local Road,144.257601,-36.762479,20150312,BENDIGO
T20150005355,2015-03-13,08:50:00,1,Collision with vehicle,5,Friday,121,RIGHT THROUGH,1,355448,2,0,0,1,2,3,1,1,Cross intersection,3,60,Arterial Highway,144.291828,-36.757281,20150313,BENDIGO
T20150005604,2015-03-16,17:45:00,8,No collision and no object struck,2,Monday,182,OFF CARRIAGEWAY ON LEFT BEND,2,288485,1,0,1,0,0,1,1,5,Not at intersection,2,80,Local Road,144.224542,-36.768219,20150316,BENDIGO
T20150006595,2015-03-18,17:40:00,1,Collision with vehicle,3,Wednesday,130,REAR END(VEHICLES IN SAME LANE),2,287212,2,0,0,1,3,4,2,5,Not at intersection,3,60,Arterial Highway,144.25633,-36.758592,20150318,BENDIGO
T20150005856,2015-03-19,15:15:00,1,Collision with vehicle,5,Thursday,132,RIGHT REAR.,1,51626,2,0,1,0,1,2,2,1,Cross intersection,2,60,Local Road,144.263182,-36.760969,20150319,BENDIGO