ACCIDENT_NO,ACCIDENT_DATE,ACCIDENT_TIME,ACCIDENT_TYPE,ACCIDENT_TYPE_DESC,DAY_OF_WEEK,DAY_WEEK_DESC,DCA_CODE,DCA_DESC,LIGHT_CONDITION,NODE_ID,NO_OF_VEHICLES,NO_PERSONS_KILLED,NO_PERSONS_INJ_2,NO_PERSONS_INJ_3,NO_PERSONS_NOT_INJ,NO_PERSONS,POLICE_ATTEND,ROAD_GEOMETRY,ROAD_GEOMETRY_DESC,SEVERITY,SPEED_ZONE,RMA, LAT, LONG, DATE, COUNCIL
T20150023146,2015-11-08,17:40:00,1,Collision with vehicle,1,Sunday,121,RIGHT THROUGH,1,51570,2,0,1,3,0,4,1,1,Cross intersection,2,60,Arterial Highway,144.290752,-36.749779,20151108,BENDIGO
T20150023122,2015-11-08,13:30:00,6,Vehicle overturned (no collision),1,Sunday,174,OUT OF CONTROL ON CARRIAGEWAY (ON STRAIGHT),1,29983,1,0,0,1,0,1,1,1,Cross intersection,3,60,Arterial Highway,144.266509,-36.767121,20151108,BENDIGO
T20150023299,2015-11-09,17:20:00,1,Collision with vehicle,2,Monday,130,REAR END(VEHICLES IN SAME LANE),1,59524,2,0,0,1,1,2,2,1,Cross intersection,3,60,Arterial Highway,144.304867,-36.731458,20151109,BENDIGO
T20150023364,2015-11-11,15:01:00,1,Collision with vehicle,4,Wednesday,110,CROSS TRAFFIC(INTERSECTIONS ONLY),1,29983,2,0,0,1,1,2,1,1,Cross intersection,3,60,Arterial Highway,144.266509,-36.767121,20151111,BENDIGO
T20160000746,2015-11-12,08:15:00,1,Collision with vehicle,4,Thursday,131,LEFT REAR,1,51553,2,0,0,1,1,2,1,2,T intersection,3,60,Arterial Highway,144.2112,-36.742748,20151112,BENDIGO
T20160003712,2015-11-13,18:00:00,1,Collision with vehicle,6,Friday,121,RIGHT THROUGH,1,300013,2,0,0,2,1,3,1,5,Not at intersection,3,60,Arterial Highway,144.243649,-36.79799,20151113,BENDIGO
T20150023561,2015-11-14,08:56:00,1,Collision with vehicle,7,Saturday,121,RIGHT THROUGH,1,44630,2,0,0,1,1,2,1,1,Cross intersection,3,60,Arterial Highway,144.270579,-36.763471,20151114,BENDIGO
T20150023567,2015-11-14,12:30:00,1,Collision with vehicle,7,Saturday,194,PARKED CAR RUN AWAY,1,296351,3,0,2,1,3,6,1,5,Not at intersection,2,60,Arterial Other,144.267522,-36.735202,20151114,BENDIGO
T20150023693,2015-11-14,19:30:00,6,Vehicle overturned (no collision),7,Saturday,174,OUT OF CONTROL ON CARRIAGEWAY (ON STRAIGHT),2,357120,1,0,0,1,0,1,2,5,Not at intersection,3,60,Local Road,144.745618,-36.867549,20151114,BENDIGO
T20150023625,2015-11-15,09:50:00,1,Collision with vehicle,1,Sunday,111,RIGHT FAR (INTERSECTIONS ONLY),1,54208,2,0,0,2,1,3,1,2,T intersection,3,100,Arterial Highway,144.575896,-36.804205,20151115,BENDIGO
T20150023912,2015-11-19,11:30:00,6,Vehicle overturned (no collision),5,Thursday,170,OFF CARRIAGEWAY TO LEFT,1,297519,1,0,1,0,0,1,2,2,T intersection,2,888,Local Road,144.750369,-36.853753,20151119,BENDIGO
T20150024017,2015-11-20,15:40:00,1,Collision with vehicle,6,Friday,132,RIGHT REAR.,1,59796,2,0,0,1,1,2,1,1,Cross intersection,3,50,Local Road,144.24625,-36.772843,20151120,BENDIGO
T20150024057,2015-11-21,07:50:00,4,Collision with a fixed object,7,Saturday,173,RIGHT OFF CARRIAGEWAY INTO OBJECT/PARKED VEHICLE,2,296534,1,0,0,1,0,1,1,5,Not at intersection,3,60,Local Road,144.322406,-36.698,20151121,BENDIGO
T20150026002,2015-11-21,20:30:00,6,Vehicle overturned (no collision),7,Saturday,149,OTHER MANOEUVRING NOT INCLUDED IN DCAs 140-148,2,297453,1,0,0,1,0,1,2,5,Not at intersection,3,50,Local Road,144.28041,-36.75879,20151121,BENDIGO
T20150024141,2015-11-22,14:15:00,8,No collision and no object struck,1,Sunday,174,OUT OF CONTROL ON CARRIAGEWAY (ON STRAIGHT),1,296760,2,0,0,1,1,2,1,5,Not at intersection,3,60,Arterial Highway,144.244869,-36.78956,20151122,BENDIGO
T20150026879,2015-11-23,16:45:00,1,Collision with vehicle,2,Monday,130,REAR END(VEHICLES IN SAME LANE),1,297685,3,0,0,1,1,2,2,5,Not at intersection,3,60,Arterial Other,144.273728,-36.755427,20151123,BENDIGO
T20150024186,2015-11-23,05:45:00,2,Struck Pedestrian,1,Monday,105,PED WALKING AGAINST TRAFFIC.,2,44714,1,0,0,1,0,1,2,1,Cross intersection,3,60,Arterial Highway,144.246714,-36.716986,20151123,BENDIGO
T20160000215,2015-11-24,15:00:00,1,Collision with vehicle,2,Tuesday,130,REAR END(VEHICLES IN SAME LANE),1,44642,2,0,0,2,1,3,2,1,Cross intersection,3,50,Local Road,144.281972,-36.76016,20151124,BENDIGO
T20150024350,2015-11-25,11:05:00,1,Collision with vehicle,4,Wednesday,133,LANE SIDE SWIPE (VEHICLES IN PARALLEL LANES),1,51585,2,0,1,0,1,2,1,1,Cross intersection,2,60,Arterial Highway,144.287529,-36.753129,20151125,BENDIGO
T20150025099,2015-11-25,15:35:00,1,Collision with vehicle,3,Wednesday,130,REAR END(VEHICLES IN SAME LANE),1,306434,3,0,0,1,1,2,2,5,Not at intersection,3,50,Arterial Highway,144.244498,-36.79424,20151125,BENDIGO
T20150025190,2015-11-28,21:30:00,6,Vehicle overturned (no collision),7,Saturday,174,OUT OF CONTROL ON CARRIAGEWAY (ON STRAIGHT),5,35179,1,0,0,1,0,1,2,2,T intersection,3,50,Local Road,144.306049,-36.741843,20151128,BENDIGO
T20150025612,2015-11-30,15:30:00,1,Collision with vehicle,2,Monday,113,RIGHT NEAR (INTERSECTIONS ONLY),1,51883,2,0,0,1,1,2,2,2,T intersection,3,999,Arterial Highway,144.220182,-36.75406,20151130,BENDIGO
T20150024791,2015-11-30,18:00:00,4,Collision with a fixed object,2,Monday,173,RIGHT OFF CARRIAGEWAY INTO OBJECT/PARKED VEHICLE,1,296792,1,0,1,0,0,1,1,5,Not at intersection,2,60,Local Road,144.323732,-36.699301,20151130,BENDIGO
T20150024910,2015-12-02,12:30:00,1,Collision with vehicle,4,Wednesday,132,RIGHT REAR.,1,296904,2,0,0,1,1,2,1,5,Not at intersection,3,50,Local Road,144.27555,-36.769253,20151202,BENDIGO
T20150025572,2015-12-02,16:40:00,1,Collision with vehicle,4,Wednesday,110,CROSS TRAFFIC(INTERSECTIONS ONLY),1,19419,2,0,0,1,2,3,1,1,Cross intersection,3,60,Arterial Other,144.263983,-36.73788,20151202,BENDIGO
T20150024989,2015-12-03,10:15:00,1,Collision with vehicle,5,Thursday,137,LEFT TURN SIDESWIPE,1,19424,2,0,1,0,1,2,1,1,Cross intersection,2,60,Arterial Other,144.274233,-36.743566,20151203,BENDIGO
T20150025015,2015-12-03,12:35:00,1,Collision with vehicle,5,Thursday,113,RIGHT NEAR (INTERSECTIONS ONLY),1,51596,2,0,0,2,1,3,1,2,T intersection,3,50,Arterial Highway,144.265105,-36.755867,20151203,BENDIGO
T20150025576,2015-12-03,18:30:00,1,Collision with vehicle,5,Thursday,121,RIGHT THROUGH,1,49321,2,0,0,1,1,2,2,1,Cross intersection,3,60,Arterial Other,144.305216,-36.773247,20151203,BENDIGO
T20160001862,2015-12-04,09:00:00,1,Collision with vehicle,6,Friday,130,REAR END(VEHICLES IN SAME LANE),1,51754,2,0,0,1,1,2,1,1,Cross intersection,3,60,Arterial Highway,144.703154,-36.916842,20151204,BENDIGO
T20150025068,2015-12-04,12:10:00,1,Collision with vehicle,6,Friday,121,RIGHT THROUGH,1,29976,2,0,0,2,1,3,1,1,Cross intersection,3,60,Arterial Other,144.286925,-36.747039,20151204,BENDIGO
T20150025097,2015-12-04,15:40:00,1,Collision with vehicle,6,Friday,110,CROSS TRAFFIC(INTERSECTIONS ONLY),1,51703,2,0,0,2,1,3,1,1,Cross intersection,3,60,Arterial Other,144.253813,-36.780686,20151204,BENDIGO
T20150025270,2015-12-06,13:15:00,1,Collision with vehicle,1,Sunday,120,HEAD ON (NOT OVERTAKING),1,296945,2,2,2,0,0,4,1,5,Not at intersection,1,100,,144.566158,-36.561139,20151206,BENDIGO
T20150025334,2015-12-07,10:10:00,1,Collision with vehicle,2,Monday,147,VEHICLE STRIKES ANOTHER VEH WHILE EMERGING FROM DRIVEWAY,1,297045,2,0,0,1,1,2,2,5,Not at intersection,3,50,Arterial Highway,144.291062,-36.749371,20151207,BENDIGO
T20150027225,2015-12-07,15:40:00,1,Collision with vehicle,2,Monday,160,VEHICLE COLLIDES WITH VEHICLE PARKED ON LEFT OF ROAD,1,297915,4,0,0,1,0,1,1,5,Not at intersection,3,40,Local Road,144.230283,-36.783059,20151207,BENDIGO
T20160001770,2015-12-08,08:15:00,7,Fall from or in moving vehicle,3,Tuesday,170,OFF CARRIAGEWAY TO LEFT,1,228931,1,0,0,1,0,1,2,2,T intersection,3,60,Arterial Other,144.316631,-36.728327,20151208,BENDIGO
T20160001510,2015-12-09,08:55:00,1,Collision with vehicle,4,Wednesday,132,RIGHT REAR.,1,299844,2,0,0,1,1,2,2,5,Not at intersection,3,50,Local Road,144.262761,-36.76231,20151209,BENDIGO
T20150025547,2015-12-09,19:20:00,1,Collision with vehicle,4,Wednesday,140,U TURN,2,298100,2,0,1,0,1,2,1,2,T intersection,2,70,Arterial Highway,144.722302,-36.940028,20151209,BENDIGO
T20160000709,2015-12-10,17:15:00,1,Collision with vehicle,5,Thursday,130,REAR END(VEHICLES IN SAME LANE),1,298409,2,0,0,3,1,4,2,5,Not at intersection,3,60,Arterial Other,144.275563,-36.767307,20151210,BENDIGO
T20150025682,2015-12-11,08:55:00,8,No collision and no object struck,6,Friday,170,OFF CARRIAGEWAY TO LEFT,1,297201,1,0,0,1,0,1,1,5,Not at intersection,3,100,Arterial Highway,144.16037,-36.63273,20151211,BENDIGO
T20150025814,2015-12-12,18:50:00,1,Collision with vehicle,7,Saturday,113,RIGHT NEAR (INTERSECTIONS ONLY),1,59821,2,0,1,0,0,1,1,1,Cross intersection,2,50,Local Road,144.242914,-36.77831,20151212,BENDIGO
T20150025820,2015-12-12,20:05:00,1,Collision with vehicle,6,Saturday,130,REAR END(VEHICLES IN SAME LANE),2,51713,2,0,0,1,2,3,1,1,Cross intersection,3,60,Arterial Highway,144.246673,-36.785355,20151212,BENDIGO
T20150025897,2015-12-13,19:55:00,6,Vehicle overturned (no collision),1,Sunday,180,OFF CARRIAGEWAY ON RIGHT BEND,2,298099,1,0,0,2,0,2,1,2,T intersection,3,100,Local Road,144.475719,-36.883984,20151213,BENDIGO
T20150026970,2015-12-14,18:30:00,4,Collision with a fixed object,2,Monday,171,LEFT OFF CARRIAGEWAY INTO OBJECT/PARKED VEHICLE,1,19429,1,0,1,0,0,1,2,2,T intersection,2,50,Local Road,144.256301,-36.752981,20151214,BENDIGO
T20160001359,2015-12-14,15:45:00,1,Collision with vehicle,1,Monday,134,LANE CHANGE RIGHT (NOT OVERTAKING),1,298761,2,0,0,1,0,1,2,5,Not at intersection,3,50,Local Road,144.306764,-36.722054,20151214,BENDIGO
T20150026010,2015-12-15,11:50:00,2,Struck Pedestrian,3,Tuesday,109,ANY MANOEUVRE INVOLVING PED NOT INCLUDED IN DCAs 100-108.,1,297323,1,0,0,1,1,2,1,2,T intersection,3,50,Local Road,144.305537,-36.772808,20151215,BENDIGO
T20150026138,2015-12-16,17:25:00,1,Collision with vehicle,3,Wednesday,130,REAR END(VEHICLES IN SAME LANE),1,298075,3,0,0,1,2,3,1,5,Not at intersection,3,60,Arterial Highway,144.303671,-36.733021,20151216,BENDIGO
T20150026153,2015-12-16,18:45:00,4,Collision with a fixed object,3,Wednesday,173,RIGHT OFF CARRIAGEWAY INTO OBJECT/PARKED VEHICLE,1,299419,1,0,1,0,0,1,1,5,Not at intersection,2,100,,144.490115,-36.806981,20151216,BENDIGO
T20150026409,2015-12-18,22:00:00,9,Other accident,6,Friday,198,OTHER ACCIDENTS NOT CLASSIFIABLE ELSEWHERE,3,299377,1,0,1,0,0,1,2,5,Not at intersection,2,999,Local Road,144.289819,-36.79398,20151218,BENDIGO
T20150027141,2015-12-18,14:00:00,1,Collision with vehicle,6,Friday,130,REAR END(VEHICLES IN SAME LANE),1,297919,2,0,0,1,2,3,2,5,Not at intersection,3,40,Arterial Other,144.26824,-36.73708,20151218,BENDIGO
T20150026589,2015-12-22,11:00:00,1,Collision with vehicle,2,Tuesday,130,REAR END(VEHICLES IN SAME LANE),1,297565,3,0,0,1,2,3,1,5,Not at intersection,3,60,Arterial Highway,144.244271,-36.79521,20151222,BENDIGO
T20150026580,2015-12-22,08:00:00,1,Collision with vehicle,3,Tuesday,142,LEAVING PARKING,1,51566,2,0,1,1,0,2,1,1,Cross intersection,2,60,Arterial Other,144.285205,-36.748604,20151222,BENDIGO
T20150026564,2015-12-22,02:00:00,4,Collision with a fixed object,3,Tuesday,198,OTHER ACCIDENTS NOT CLASSIFIABLE ELSEWHERE,3,59745,1,0,0,1,0,1,1,2,T intersection,3,60,Local Road,144.306425,-36.766601,20151222,BENDIGO
T20150026721,2015-12-23,16:40:00,1,Collision with vehicle,4,Wednesday,113,RIGHT NEAR (INTERSECTIONS ONLY),1,277578,2,0,1,2,0,3,1,2,T intersection,2,80,,144.212,-36.885245,20151223,BENDIGO
T20150026717,2015-12-23,16:20:00,4,Collision with a fixed object,4,Wednesday,173,RIGHT OFF CARRIAGEWAY INTO OBJECT/PARKED VEHICLE,1,51885,1,0,1,0,0,1,1,2,T intersection,2,50,Arterial Highway,144.310171,-36.759186,20151223,BENDIGO
T20160003848,2015-12-23,17:30:00,4,Collision with a fixed object,3,Wednesday,181,OFF RIGHT BEND INTO OBJECT/PARKED VEHICLE,1,300251,1,0,0,1,0,1,1,5,Not at intersection,3,100,Arterial Other,144.483219,-36.844551,20151223,BENDIGO
T20150026773,2015-12-24,11:15:00,1,Collision with vehicle,5,Thursday,113,RIGHT NEAR (INTERSECTIONS ONLY),1,265368,2,0,0,1,1,2,1,2,T intersection,3,60,Arterial Highway,144.2632,-36.770223,20151224,BENDIGO
T20150026848,2015-12-25,16:20:00,1,Collision with vehicle,6,Friday,120,HEAD ON (NOT OVERTAKING),1,297684,2,0,0,3,2,5,1,5,Not at intersection,3,60,Arterial Highway,144.610431,-36.498318,20151225,BENDIGO
T20150026999,2015-12-28,10:00:00,1,Collision with vehicle,2,Monday,110,CROSS TRAFFIC(INTERSECTIONS ONLY),1,19409,2,0,2,1,0,3,1,1,Cross intersection,2,100,Local Road,144.522812,-36.65015,20151228,BENDIGO
T20160000140,2016-01-03,09:20:00,1,Collision with vehicle,1,Sunday,137,LEFT TURN SIDESWIPE,1,297984,3,0,0,2,1,3,1,5,Not at intersection,3,60,Local Road,144.313169,-36.75845,20160103,BENDIGO
T20160000169,2016-01-03,15:15:00,4,Collision with a fixed object,1,Sunday,171,LEFT OFF CARRIAGEWAY INTO OBJECT/PARKED VEHICLE,1,56152,1,0,0,1,1,2,1,2,T intersection,3,50,Local Road,144.259373,-36.74677,20160103,BENDIGO
T20160000220,2016-01-04,12:30:00,6,Vehicle overturned (no collision),2,Monday,172,OFF CARRIAGEWAY TO RIGHT,1,298058,1,0,2,0,0,2,1,5,Not at intersection,2,100,,144.444311,-36.83906,20160104,BENDIGO
T20160000508,2016-01-04,18:30:00,4,Collision with a fixed object,2,Monday,171,LEFT OFF CARRIAGEWAY INTO OBJECT/PARKED VEHICLE,1,298303,1,0,0,1,0,1,1,5,Not at intersection,3,60,,144.248289,-36.764155,20160104,BENDIGO
T20160000191,2016-01-04,05:20:00,4,Collision with a fixed object,2,Monday,173,RIGHT OFF CARRIAGEWAY INTO OBJECT/PARKED VEHICLE,2,298291,1,0,0,1,0,1,1,2,T intersection,3,100,Arterial Highway,144.169793,-36.853946,20160104,BENDIGO
T20160000802,2016-01-04,20:30:00,3,Struck animal,2,Monday,167,STRUCK ANIMAL,2,298553,1,0,1,0,0,1,2,5,Not at intersection,2,60,Local Road,144.25776,-36.69726,20160104,BENDIGO
T20160000308,2016-01-05,13:30:00,1,Collision with vehicle,3,Tuesday,132,RIGHT REAR.,1,266473,2,0,0,1,1,2,1,5,Not at intersection,3,60,Arterial Highway,144.247161,-36.78427,20160105,BENDIGO
T20160000375,2016-01-06,16:50:00,4,Collision with a fixed object,4,Wednesday,175,OFF END OF ROAD/T-INTERSECTION.,1,20490,1,0,0,2,0,2,1,2,T intersection,3,100,Local Road,144.540445,-36.646458,20160106,BENDIGO
T20160000552,2016-01-06,08:00:00,8,No collision and no object struck,4,Wednesday,198,OTHER ACCIDENTS NOT CLASSIFIABLE ELSEWHERE,1,298294,1,0,1,0,1,2,2,5,Not at intersection,2,60,Local Road,144.292391,-36.76144,20160106,BENDIGO
T20160000392,2016-01-06,23:25:00,4,Collision with a fixed object,3,Wednesday,183,OFF LEFT BEND INTO OBJECT/PARKED VEHICLE,3,298423,1,0,1,1,0,2,1,5,Not at intersection,2,60,Arterial Other,144.29567,-36.769335,20160106,BENDIGO
T20160000526,2016-01-08,14:20:00,1,Collision with vehicle,6,Friday,130,REAR END(VEHICLES IN SAME LANE),1,298518,2,0,0,1,0,1,1,5,Not at intersection,3,70,Arterial Highway,144.315937,-36.70628,20160108,BENDIGO
T20160000978,2016-01-10,11:15:00,1,Collision with vehicle,1,Sunday,120,HEAD ON (NOT OVERTAKING),1,299573,2,0,0,1,1,2,2,5,Not at intersection,3,50,Local Road,144.304139,-36.777302,20160110,BENDIGO
T20160000993,2016-01-10,21:15:00,1,Collision with vehicle,1,Sunday,110,CROSS TRAFFIC(INTERSECTIONS ONLY),3,19424,2,0,0,1,1,2,1,1,Cross intersection,3,60,Arterial Other,144.274233,-36.743566,20160110,BENDIGO
T20160000931,2016-01-13,16:00:00,6,Vehicle overturned (no collision),3,Wednesday,180,OFF CARRIAGEWAY ON RIGHT BEND,1,358095,1,0,0,1,0,1,1,5,Not at intersection,3,100,,144.71798,-36.8904,20160113,BENDIGO
T20160006451,2016-01-14,15:30:00,1,Collision with vehicle,5,Thursday,113,RIGHT NEAR (INTERSECTIONS ONLY),1,51556,2,0,0,2,1,3,1,2,T intersection,3,60,Arterial Other,144.290258,-36.744434,20160114,BENDIGO
T20160000942,2016-01-14,16:30:00,1,Collision with vehicle,5,Thursday,130,REAR END(VEHICLES IN SAME LANE),1,59832,2,0,0,1,1,2,1,2,T intersection,3,60,,144.258931,-36.781353,20160114,BENDIGO
T20160001103,2016-01-16,22:15:00,1,Collision with vehicle,7,Saturday,121,RIGHT THROUGH,3,30031,2,0,0,4,1,5,1,1,Cross intersection,3,60,Arterial Highway,144.291933,-36.757373,20160116,BENDIGO
T20160001144,2016-01-17,16:50:00,1,Collision with vehicle,1,Sunday,121,RIGHT THROUGH,1,1254,2,0,0,4,1,5,1,1,Cross intersection,3,60,Arterial Highway,144.31743,-36.759626,20160117,BENDIGO
T20160001236,2016-01-18,16:00:00,1,Collision with vehicle,2,Monday,130,REAR END(VEHICLES IN SAME LANE),1,257900,2,0,0,1,1,2,2,5,Not at intersection,3,999,Arterial Highway,144.244362,-36.792634,20160118,BENDIGO
T20160001266,2016-01-19,11:05:00,4,Collision with a fixed object,3,Tuesday,181,OFF RIGHT BEND INTO OBJECT/PARKED VEHICLE,1,298744,1,0,1,0,0,1,1,5,Not at intersection,2,60,Arterial Other,144.261589,-36.781163,20160119,BENDIGO
T20160001502,2016-01-19,17:35:00,1,Collision with vehicle,3,Tuesday,130,REAR END(VEHICLES IN SAME LANE),1,49318,2,0,0,2,1,3,2,4,Multiple intersection,3,60,Arterial Highway,144.287376,-36.758373,20160119,BENDIGO
T20160001423,2016-01-21,13:00:00,4,Collision with a fixed object,5,Thursday,171,LEFT OFF CARRIAGEWAY INTO OBJECT/PARKED VEHICLE,1,298865,1,0,0,1,0,1,1,5,Not at intersection,3,100,Arterial Other,144.788468,-36.913889,20160121,BENDIGO
T20160001469,2016-01-22,10:40:00,1,Collision with vehicle,6,Friday,151,OUT OF CONTROL (OVERTAKING),1,301900,2,0,0,1,1,2,1,2,T intersection,3,60,Arterial Highway,144.321557,-36.75979,20160122,BENDIGO
T20160001591,2016-01-23,06:30:00,1,Collision with vehicle,6,Saturday,110,CROSS TRAFFIC(INTERSECTIONS ONLY),1,19689,2,0,0,2,2,4,1,1,Cross intersection,3,60,Arterial Highway,144.501997,-36.786944,20160123,BENDIGO
T20160001827,2016-01-26,05:20:00,8,No collision and no object struck,3,Tuesday,172,OFF CARRIAGEWAY TO RIGHT,2,299003,1,0,1,0,0,1,1,5,Not at intersection,2,100,Arterial Highway,144.463441,-36.778615,20160126,BENDIGO
T20160002015,2016-01-29,08:40:00,1,Collision with vehicle,6,Friday,130,REAR END(VEHICLES IN SAME LANE),1,299036,2,0,0,1,1,2,2,5,Not at intersection,3,60,Arterial Other,144.35895,-36.806742,20160129,BENDIGO
T20160005103,2016-01-29,04:15:00,3,Struck animal,6,Friday,167,STRUCK ANIMAL,5,300598,1,0,0,1,0,1,2,5,Not at intersection,3,100,Arterial Other,144.17028,-36.811012,20160129,BENDIGO
T20160002032,2016-01-29,14:55:00,2,Struck Pedestrian,6,Friday,100,PED NEAR SIDE. PED HIT BY VEHICLE FROM THE RIGHT.,1,44715,1,0,0,1,0,1,1,1,Cross intersection,3,60,Arterial Highway,144.253698,-36.718652,20160129,BENDIGO
T20160002119,2016-01-30,14:50:00,1,Collision with vehicle,7,Saturday,110,CROSS TRAFFIC(INTERSECTIONS ONLY),1,45005,2,0,1,0,1,2,2,1,Cross intersection,2,60,Arterial Other,144.315756,-36.766846,20160130,BENDIGO
T20160002363,2016-02-03,08:25:00,1,Collision with vehicle,4,Wednesday,121,RIGHT THROUGH,1,299243,2,0,0,2,1,3,1,2,T intersection,3,60,Local Road,144.276057,-36.719268,20160203,BENDIGO
T20160002483,2016-02-04,13:31:00,1,Collision with vehicle,5,Thursday,111,RIGHT FAR (INTERSECTIONS ONLY),1,299354,2,0,0,1,1,2,1,2,T intersection,3,100,Local Road,144.400301,-36.67427,20160204,BENDIGO
T20160009160,2016-02-04,08:20:00,3,Struck animal,5,Thursday,167,STRUCK ANIMAL,1,302861,1,0,0,1,0,1,2,5,Not at intersection,3,100,Local Road,144.31878,-36.846,20160204,BENDIGO
T20160002684,2016-02-06,10:15:00,1,Collision with vehicle,7,Saturday,121,RIGHT THROUGH,1,51593,2,0,1,2,0,3,1,1,Cross intersection,2,60,Arterial Other,144.274076,-36.755246,20160206,BENDIGO
T20160017044,2016-02-08,14:50:00,4,Collision with a fixed object,2,Monday,183,OFF LEFT BEND INTO OBJECT/PARKED VEHICLE,1,308741,2,0,0,1,0,1,1,5,Not at intersection,3,100,,144.555672,-36.836333,20160208,BENDIGO
T20160003195,2016-02-13,00:20:00,1,Collision with vehicle,7,Saturday,110,CROSS TRAFFIC(INTERSECTIONS ONLY),3,35812,2,0,0,1,0,1,1,1,Cross intersection,3,60,Arterial Highway,144.268039,-36.758417,20160213,BENDIGO
T20160003339,2016-02-15,09:00:00,1,Collision with vehicle,2,Monday,130,REAR END(VEHICLES IN SAME LANE),1,299715,2,0,1,0,1,2,1,5,Not at intersection,2,100,Local Road,144.199047,-36.689787,20160215,BENDIGO
T20160003417,2016-02-15,22:10:00,4,Collision with a fixed object,2,Monday,173,RIGHT OFF CARRIAGEWAY INTO OBJECT/PARKED VEHICLE,3,51521,2,0,0,1,4,5,1,1,Cross intersection,3,60,Arterial Highway,144.309004,-36.726132,20160215,BENDIGO
T20160004732,2016-02-15,17:40:00,1,Collision with vehicle,2,Monday,130,REAR END(VEHICLES IN SAME LANE),9,51561,2,0,0,1,1,2,2,1,Cross intersection,3,50,Arterial Highway,144.258109,-36.746919,20160215,BENDIGO
T20160003437,2016-02-16,09:00:00,1,Collision with vehicle,3,Tuesday,130,REAR END(VEHICLES IN SAME LANE),1,299759,5,0,0,2,7,9,1,5,Not at intersection,3,60,Arterial Highway,144.293499,-36.7462,20160216,BENDIGO
T20160003577,2016-02-17,16:53:00,1,Collision with vehicle,3,Wednesday,110,CROSS TRAFFIC(INTERSECTIONS ONLY),1,29980,2,0,0,2,1,3,1,1,Cross intersection,3,70,Arterial Highway,144.31319,-36.759376,20160217,BENDIGO
T20160003702,2016-02-17,13:50:00,1,Collision with vehicle,4,Wednesday,130,REAR END(VEHICLES IN SAME LANE),1,49318,2,0,0,1,1,2,2,4,Multiple intersection,3,60,Arterial Highway,144.287376,-36.758373,20160217,BENDIGO
T20160004199,2016-02-17,20:25:00,1,Collision with vehicle,4,Wednesday,110,CROSS TRAFFIC(INTERSECTIONS ONLY),3,51645,2,0,0,1,1,2,1,1,Cross intersection,3,60,Arterial Other,144.248056,-36.764191,20160217,BENDIGO
T20160003631,2016-02-18,09:20:00,1,Collision with vehicle,5,Thursday,110,CROSS TRAFFIC(INTERSECTIONS ONLY),1,51546,2,0,0,1,1,2,1,1,Cross intersection,3,50,Local Road,144.299855,-36.740214,20160218,BENDIGO
T20160003788,2016-02-20,14:00:00,1,Collision with vehicle,7,Saturday,130,REAR END(VEHICLES IN SAME LANE),1,19423,2,0,0,1,2,3,1,2,T intersection,3,60,Arterial Highway,144.258828,-36.740617,20160220,BENDIGO
T20160003966,2016-02-22,14:00:00,1,Collision with vehicle,2,Monday,113,RIGHT NEAR (INTERSECTIONS ONLY),1,299945,2,0,0,1,0,1,9,2,T intersection,3,60,Local Road,144.323933,-36.690196,20160222,BENDIGO
T20160004141,2016-02-24,17:55:00,1,Collision with vehicle,4,Wednesday,110,CROSS TRAFFIC(INTERSECTIONS ONLY),1,45005,2,0,0,2,1,3,1,1,Cross intersection,3,60,Arterial Other,144.315756,-36.766846,20160224,BENDIGO
T20160004208,2016-02-25,08:15:00,1,Collision with vehicle,5,Thursday,121,RIGHT THROUGH,1,300826,2,0,1,0,2,3,1,2,T intersection,2,60,Local Road,144.278368,-36.785342,20160225,BENDIGO
T20160004201,2016-02-25,06:55:00,3,Struck animal,4,Thursday,167,STRUCK ANIMAL,1,300825,1,0,0,1,0,1,1,1,Cross intersection,3,100,Arterial Highway,144.157396,-36.816935,20160225,BENDIGO
T20160004462,2016-02-26,20:15:00,3,Struck animal,6,Friday,167,STRUCK ANIMAL,2,300192,1,0,1,0,0,1,1,5,Not at intersection,2,100,,144.17726,-36.82886,20160226,BENDIGO
T20160004404,2016-02-27,13:50:00,4,Collision with a fixed object,7,Saturday,183,OFF LEFT BEND INTO OBJECT/PARKED VEHICLE,1,300193,1,0,0,1,0,1,1,5,Not at intersection,3,80,Local Road,144.334378,-36.692845,20160227,BENDIGO
T20160008075,2016-02-27,13:00:00,4,Collision with a fixed object,7,Saturday,173,RIGHT OFF CARRIAGEWAY INTO OBJECT/PARKED VEHICLE,1,302192,1,0,0,1,0,1,2,5,Not at intersection,3,100,,144.743261,-36.886211,20160227,BENDIGO