ACCIDENT_NO,ACCIDENT_DATE,ACCIDENT_TIME,ACCIDENT_TYPE,ACCIDENT_TYPE_DESC,DAY_OF_WEEK,DAY_WEEK_DESC,DCA_CODE,DCA_DESC,LIGHT_CONDITION,NODE_ID,NO_OF_VEHICLES,NO_PERSONS_KILLED,NO_PERSONS_INJ_2,NO_PERSONS_INJ_3,NO_PERSONS_NOT_INJ,NO_PERSONS,POLICE_ATTEND,ROAD_GEOMETRY,ROAD_GEOMETRY_DESC,SEVERITY,SPEED_ZONE,RMA, LAT, LONG, DATE, COUNCIL
T20160004455,2016-02-28,02:00:00,4,Collision with a fixed object,1,Sunday,171,LEFT OFF CARRIAGEWAY INTO OBJECT/PARKED VEHICLE,5,301137,1,0,0,1,0,1,1,5,Not at intersection,3,100,Local Road,144.131979,-36.905103,20160228,BENDIGO
T20160004719,2016-03-02,07:00:00,1,Collision with vehicle,4,Wednesday,147,VEHICLE STRIKES ANOTHER VEH WHILE EMERGING FROM DRIVEWAY,1,301197,2,0,0,1,1,2,1,5,Not at intersection,3,100,Arterial Highway,144.239211,-36.834526,20160302,BENDIGO
T20160021533,2016-03-03,10:30:00,2,Struck Pedestrian,5,Thursday,103,PED PLAYING/LYING/WORKING/STANDING ON CARRIAGEWAY.,1,309842,1,0,0,1,1,2,2,5,Not at intersection,3,50,,144.350474,-36.804661,20160303,BENDIGO
T20160004925,2016-03-03,18:10:00,1,Collision with vehicle,5,Thursday,113,RIGHT NEAR (INTERSECTIONS ONLY),1,51548,2,0,0,1,1,2,2,2,T intersection,3,60,Local Road,144.291212,-36.74131,20160303,BENDIGO
T20160004889,2016-03-03,20:20:00,4,Collision with a fixed object,5,Thursday,173,RIGHT OFF CARRIAGEWAY INTO OBJECT/PARKED VEHICLE,5,300556,1,0,2,0,0,2,1,5,Not at intersection,2,100,,144.60383,-37.003987,20160303,BENDIGO
T20160004895,2016-03-04,07:45:00,1,Collision with vehicle,6,Friday,130,REAR END(VEHICLES IN SAME LANE),1,301293,2,0,0,1,1,2,1,5,Not at intersection,3,100,Arterial Other,144.38853,-36.810568,20160304,BENDIGO
T20160005201,2016-03-06,11:00:00,1,Collision with vehicle,0,Sunday,110,CROSS TRAFFIC(INTERSECTIONS ONLY),1,51720,2,0,0,1,2,3,2,1,Cross intersection,3,60,Local Road,144.235831,-36.790972,20160306,BENDIGO
T20160005151,2016-03-07,18:03:00,4,Collision with a fixed object,2,Monday,183,OFF LEFT BEND INTO OBJECT/PARKED VEHICLE,1,300544,1,1,0,0,0,1,1,5,Not at intersection,1,100,Arterial Other,144.4966,-36.89674,20160307,BENDIGO
T20160005172,2016-03-08,09:00:00,1,Collision with vehicle,3,Tuesday,132,RIGHT REAR.,1,278433,2,0,0,2,3,5,1,2,T intersection,3,70,Arterial Highway,144.314034,-36.714628,20160308,BENDIGO
T20160005300,2016-03-09,16:50:00,2,Struck Pedestrian,4,Wednesday,102,FAR SIDE. PED HIT BY VEHICLE FROM THE LEFT,1,302178,1,0,1,0,1,2,1,5,Not at intersection,2,60,Arterial Highway,144.269216,-36.764687,20160309,BENDIGO
T20160010720,2016-03-10,08:50:00,1,Collision with vehicle,5,Thursday,140,U TURN,1,303657,2,0,0,1,1,2,1,5,Not at intersection,3,60,Arterial Other,144.248871,-36.779099,20160310,BENDIGO
T20160008906,2016-03-10,18:50:00,1,Collision with vehicle,4,Thursday,110,CROSS TRAFFIC(INTERSECTIONS ONLY),1,29977,2,0,0,1,1,2,2,1,Cross intersection,3,60,Arterial Other,144.283473,-36.750173,20160310,BENDIGO
T20160007648,2016-03-11,17:05:00,1,Collision with vehicle,5,Friday,113,RIGHT NEAR (INTERSECTIONS ONLY),1,51506,2,0,0,1,1,2,1,1,Cross intersection,3,60,,144.250189,-36.715597,20160311,BENDIGO
T20160005464,2016-03-11,10:19:00,1,Collision with vehicle,6,Friday,110,CROSS TRAFFIC(INTERSECTIONS ONLY),1,44856,2,0,1,1,0,2,1,1,Cross intersection,2,50,Local Road,144.240179,-36.772431,20160311,BENDIGO
T20160005623,2016-03-12,17:35:00,1,Collision with vehicle,7,Saturday,113,RIGHT NEAR (INTERSECTIONS ONLY),1,51533,2,0,0,2,0,2,1,1,Cross intersection,3,60,Arterial Highway,144.303434,-36.733329,20160312,BENDIGO
T20160006351,2016-03-13,15:00:00,4,Collision with a fixed object,1,Sunday,171,LEFT OFF CARRIAGEWAY INTO OBJECT/PARKED VEHICLE,1,301532,1,0,1,0,0,1,2,5,Not at intersection,2,999,Local Road,144.519359,-36.937927,20160313,BENDIGO
T20160005711,2016-03-14,11:10:00,4,Collision with a fixed object,2,Monday,183,OFF LEFT BEND INTO OBJECT/PARKED VEHICLE,1,300808,1,1,0,0,0,1,1,2,T intersection,1,100,,144.296942,-36.930198,20160314,BENDIGO
T20160009166,2016-03-14,17:30:00,6,Vehicle overturned (no collision),2,Monday,174,OUT OF CONTROL ON CARRIAGEWAY (ON STRAIGHT),1,303498,1,0,0,1,0,1,2,5,Not at intersection,3,60,,144.246989,-36.708287,20160314,BENDIGO
T20160005780,2016-03-15,10:10:00,1,Collision with vehicle,3,Tuesday,132,RIGHT REAR.,1,51709,2,0,0,1,1,2,2,2,T intersection,3,60,Arterial Highway,144.247599,-36.783389,20160315,BENDIGO
T20160005829,2016-03-15,21:40:00,4,Collision with a fixed object,2,Tuesday,173,RIGHT OFF CARRIAGEWAY INTO OBJECT/PARKED VEHICLE,5,358132,1,0,0,1,1,2,1,5,Not at intersection,3,100,Local Road,144.17057,-36.831414,20160315,BENDIGO
T20160006073,2016-03-16,18:50:00,1,Collision with vehicle,4,Wednesday,130,REAR END(VEHICLES IN SAME LANE),1,51544,2,0,1,0,0,1,2,2,T intersection,2,60,Arterial Highway,144.298615,-36.73958,20160316,BENDIGO
T20160006291,2016-03-16,14:45:00,1,Collision with vehicle,4,Wednesday,152,PULLING OUT (OVERTAKING),1,301952,2,0,0,1,2,3,2,5,Not at intersection,3,100,Local Road,144.177301,-36.730922,20160316,BENDIGO
T20160006143,2016-03-18,18:55:00,1,Collision with vehicle,6,Friday,134,LANE CHANGE RIGHT (NOT OVERTAKING),1,301198,2,0,0,1,4,5,1,5,Not at intersection,3,50,Arterial Highway,144.279585,-36.758894,20160318,BENDIGO
T20160009321,2016-03-21,21:30:00,3,Struck animal,1,Monday,167,STRUCK ANIMAL,5,357852,1,0,0,1,0,1,2,5,Not at intersection,3,100,Arterial Highway,144.18059,-36.740215,20160321,BENDIGO
T20160018853,2016-03-21,06:40:00,3,Struck animal,2,Monday,167,STRUCK ANIMAL,2,307706,1,0,0,1,0,1,2,5,Not at intersection,3,100,Local Road,144.394619,-36.675547,20160321,BENDIGO
T20160006284,2016-03-21,07:35:00,4,Collision with a fixed object,1,Monday,171,LEFT OFF CARRIAGEWAY INTO OBJECT/PARKED VEHICLE,1,51903,1,0,0,1,1,2,1,1,Cross intersection,3,70,Arterial Highway,144.317907,-36.695965,20160321,BENDIGO
T20160009129,2016-03-21,09:35:00,1,Collision with vehicle,2,Monday,110,CROSS TRAFFIC(INTERSECTIONS ONLY),1,261099,2,0,0,2,1,3,2,1,Cross intersection,3,50,,144.263006,-36.728112,20160321,BENDIGO
T20160006396,2016-03-22,16:30:00,8,No collision and no object struck,3,Tuesday,174,OUT OF CONTROL ON CARRIAGEWAY (ON STRAIGHT),1,51701,1,0,0,1,0,1,1,2,T intersection,3,60,Local Road,144.288192,-36.779965,20160322,BENDIGO
T20160006423,2016-03-23,00:03:00,3,Struck animal,4,Wednesday,167,STRUCK ANIMAL,5,357809,1,0,0,1,1,2,2,2,T intersection,3,100,Arterial Highway,144.711501,-36.826126,20160323,BENDIGO
T20160008366,2016-03-25,14:00:00,8,No collision and no object struck,5,Friday,174,OUT OF CONTROL ON CARRIAGEWAY (ON STRAIGHT),1,302309,1,0,0,1,0,1,2,2,T intersection,3,80,Local Road,144.258207,-36.695449,20160325,BENDIGO
T20160006621,2016-03-25,15:20:00,1,Collision with vehicle,6,Friday,130,REAR END(VEHICLES IN SAME LANE),1,244234,2,0,1,0,1,2,1,1,Cross intersection,2,80,Arterial Highway,144.204157,-36.742226,20160325,BENDIGO
T20160011075,2016-03-25,11:00:00,1,Collision with vehicle,6,Friday,130,REAR END(VEHICLES IN SAME LANE),1,303694,2,0,0,2,1,3,2,5,Not at intersection,3,60,Arterial Highway,144.259741,-36.752549,20160325,BENDIGO
T20160006673,2016-03-26,12:25:00,1,Collision with vehicle,7,Saturday,140,U TURN,1,301463,2,0,0,1,4,5,1,5,Not at intersection,3,50,Local Road,144.289923,-36.749187,20160326,BENDIGO
T20160006728,2016-03-27,04:05:00,1,Collision with vehicle,1,Sunday,160,VEHICLE COLLIDES WITH VEHICLE PARKED ON LEFT OF ROAD,3,309539,2,0,1,0,1,2,1,5,Not at intersection,2,50,,144.267502,-36.773361,20160327,BENDIGO
T20160006774,2016-03-27,17:55:00,4,Collision with a fixed object,1,Sunday,173,RIGHT OFF CARRIAGEWAY INTO OBJECT/PARKED VEHICLE,1,301462,1,0,0,1,0,1,1,5,Not at intersection,3,50,Arterial Highway,144.281564,-36.757423,20160327,BENDIGO
T20160006862,2016-03-29,11:40:00,1,Collision with vehicle,3,Tuesday,121,RIGHT THROUGH,1,278653,2,0,0,1,1,2,1,2,T intersection,3,60,Local Road,144.279164,-36.709511,20160329,BENDIGO
T20160007577,2016-03-30,22:45:00,1,Collision with vehicle,3,Wednesday,110,CROSS TRAFFIC(INTERSECTIONS ONLY),3,44648,2,0,0,1,1,2,2,1,Cross intersection,3,50,Local Road,144.274482,-36.764232,20160330,BENDIGO
T20160007023,2016-03-31,11:20:00,1,Collision with vehicle,5,Thursday,121,RIGHT THROUGH,1,35817,2,0,1,0,1,2,1,1,Cross intersection,2,60,Arterial Highway,144.261475,-36.771148,20160331,BENDIGO
T20160007105,2016-04-01,13:30:00,1,Collision with vehicle,6,Friday,130,REAR END(VEHICLES IN SAME LANE),1,301656,2,0,0,5,0,5,1,2,T intersection,3,60,Arterial Highway,144.336762,-36.662003,20160401,BENDIGO
T20160007130,2016-04-01,16:05:00,1,Collision with vehicle,6,Friday,111,RIGHT FAR (INTERSECTIONS ONLY),1,302008,2,0,0,1,1,2,1,2,T intersection,3,60,Local Road,144.24143,-36.802526,20160401,BENDIGO
T20160007185,2016-04-02,14:15:00,4,Collision with a fixed object,7,Saturday,171,LEFT OFF CARRIAGEWAY INTO OBJECT/PARKED VEHICLE,1,301960,1,0,2,1,0,3,1,5,Not at intersection,2,60,,144.30342,-36.80227,20160402,BENDIGO
T20160007306,2016-04-04,08:45:00,1,Collision with vehicle,2,Monday,130,REAR END(VEHICLES IN SAME LANE),1,51686,2,0,0,2,1,3,1,1,Cross intersection,3,60,Arterial Other,144.250038,-36.773612,20160404,BENDIGO
T20160007558,2016-04-05,17:30:00,4,Collision with a fixed object,3,Tuesday,179,OTHER ACCIDENTS-OFF STRAIGHT NOT INCLUDED IN DCAs 170-175,1,302052,1,0,1,0,0,1,2,1,Cross intersection,2,888,,144.38073,-36.72314,20160405,BENDIGO
T20160011416,2016-04-05,20:30:00,8,No collision and no object struck,3,Tuesday,182,OFF CARRIAGEWAY ON LEFT BEND,4,303814,2,0,0,1,0,1,2,5,Not at intersection,3,60,Local Road,144.27313,-36.775633,20160405,BENDIGO
T20160007418,2016-04-05,12:45:00,1,Collision with vehicle,3,Tuesday,134,LANE CHANGE RIGHT (NOT OVERTAKING),1,301911,3,0,2,1,3,6,1,5,Not at intersection,2,60,Arterial Highway,144.269433,-36.764492,20160405,BENDIGO
T20160007625,2016-04-07,18:55:00,1,Collision with vehicle,5,Thursday,135,LANE CHANGE LEFT (NOT OVERTAKING),3,301959,2,0,0,2,0,2,1,1,Cross intersection,3,60,Arterial Highway,144.268259,-36.765549,20160407,BENDIGO
T20160007656,2016-04-08,07:25:00,1,Collision with vehicle,6,Friday,111,RIGHT FAR (INTERSECTIONS ONLY),1,302042,2,0,1,0,1,2,1,2,T intersection,2,80,,144.212713,-36.885164,20160408,BENDIGO
T20160007734,2016-04-08,17:00:00,1,Collision with vehicle,5,Friday,130,REAR END(VEHICLES IN SAME LANE),1,302609,3,0,0,1,2,3,2,2,T intersection,3,60,Arterial Other,144.276013,-36.771819,20160408,BENDIGO
T20160011816,2016-04-10,12:30:00,6,Vehicle overturned (no collision),1,Sunday,174,OUT OF CONTROL ON CARRIAGEWAY (ON STRAIGHT),1,308020,2,0,0,1,0,1,2,5,Not at intersection,3,100,Local Road,144.52921,-36.90406,20160410,BENDIGO
T20160010851,2016-04-11,16:30:00,1,Collision with vehicle,1,Monday,130,REAR END(VEHICLES IN SAME LANE),1,51699,2,0,0,1,1,2,2,2,T intersection,3,50,Local Road,144.284628,-36.779678,20160411,BENDIGO
T20160008026,2016-04-12,13:40:00,8,No collision and no object struck,3,Tuesday,179,OTHER ACCIDENTS-OFF STRAIGHT NOT INCLUDED IN DCAs 170-175,1,302188,1,0,1,0,0,1,1,5,Not at intersection,2,100,,144.204379,-36.675879,20160412,BENDIGO
T20160008069,2016-04-13,12:50:00,8,No collision and no object struck,4,Wednesday,180,OFF CARRIAGEWAY ON RIGHT BEND,1,302194,1,0,1,0,0,1,1,5,Not at intersection,2,100,Local Road,144.263712,-36.816772,20160413,BENDIGO
T20160008155,2016-04-14,10:20:00,2,Struck Pedestrian,5,Thursday,101,PED EMERGES FROM IN FRONT OF PARKED OR STATIONARY VEHICLE,1,302353,1,0,1,0,1,2,1,5,Not at intersection,2,50,,144.271824,-36.773499,20160414,BENDIGO
T20160013675,2016-04-15,16:24:00,1,Collision with vehicle,5,Friday,130,REAR END(VEHICLES IN SAME LANE),1,51704,4,0,0,1,3,4,1,1,Cross intersection,3,60,Arterial Highway,144.248927,-36.781582,20160415,BENDIGO
T20160013664,2016-04-15,14:20:00,6,Vehicle overturned (no collision),6,Friday,174,OUT OF CONTROL ON CARRIAGEWAY (ON STRAIGHT),1,305008,1,0,0,1,0,1,1,2,T intersection,3,50,Arterial Other,144.314068,-36.770771,20160415,BENDIGO
T20160009062,2016-04-15,17:00:00,8,No collision and no object struck,6,Friday,174,OUT OF CONTROL ON CARRIAGEWAY (ON STRAIGHT),2,302711,1,0,1,0,0,1,2,5,Not at intersection,2,60,,144.299777,-36.803089,20160415,BENDIGO
T20160008310,2016-04-16,12:10:00,1,Collision with vehicle,7,Saturday,130,REAR END(VEHICLES IN SAME LANE),1,302358,2,0,1,0,3,4,1,5,Not at intersection,2,60,,144.306371,-36.729531,20160416,BENDIGO
T20160008378,2016-04-17,15:15:00,1,Collision with vehicle,0,Sunday,131,LEFT REAR,1,302307,2,0,0,1,1,2,1,5,Not at intersection,3,90,Arterial Highway,144.3485,-36.7711,20160417,BENDIGO
T20160008404,2016-04-17,23:20:00,4,Collision with a fixed object,1,Sunday,171,LEFT OFF CARRIAGEWAY INTO OBJECT/PARKED VEHICLE,5,305523,1,0,1,0,0,1,1,5,Not at intersection,2,100,,144.23576,-36.583531,20160417,BENDIGO
T20160010728,2016-04-17,12:50:00,1,Collision with vehicle,1,Sunday,130,REAR END(VEHICLES IN SAME LANE),1,303523,2,0,0,1,5,6,2,5,Not at intersection,3,50,Arterial Highway,144.243834,-36.79711,20160417,BENDIGO
T20160014588,2016-04-17,18:30:00,1,Collision with vehicle,1,Sunday,119,OTHER ADJACENT (INTERSECTIONS ONLY),9,59756,2,0,0,1,0,1,2,1,Cross intersection,3,60,Arterial Highway,144.265425,-36.768103,20160417,BENDIGO
T20160008412,2016-04-18,08:15:00,1,Collision with vehicle,2,Monday,121,RIGHT THROUGH,1,51640,2,0,0,1,1,2,1,1,Cross intersection,3,50,Local Road,144.273974,-36.763077,20160418,BENDIGO
T20160008851,2016-04-23,14:00:00,1,Collision with vehicle,6,Saturday,121,RIGHT THROUGH,1,51593,2,0,0,1,1,2,1,1,Cross intersection,3,60,Arterial Other,144.274076,-36.755246,20160423,BENDIGO
T20160009004,2016-04-25,10:30:00,1,Collision with vehicle,2,Monday,110,CROSS TRAFFIC(INTERSECTIONS ONLY),1,51589,2,0,0,1,2,3,2,1,Cross intersection,3,60,Arterial Highway,144.28617,-36.754117,20160425,BENDIGO
T20160008977,2016-04-25,02:25:00,4,Collision with a fixed object,2,Monday,183,OFF LEFT BEND INTO OBJECT/PARKED VEHICLE,5,304817,1,0,1,0,0,1,1,5,Not at intersection,2,100,Arterial Other,144.489083,-36.956069,20160425,BENDIGO
T20160009304,2016-04-28,22:40:00,4,Collision with a fixed object,5,Thursday,146,REVERSING INTO FIXED OBJECT/PARKED VEHICLE,3,303900,1,0,1,0,0,1,1,2,T intersection,2,60,Local Road,144.710412,-36.926352,20160428,BENDIGO
T20160009369,2016-04-29,21:10:00,1,Collision with vehicle,6,Friday,110,CROSS TRAFFIC(INTERSECTIONS ONLY),3,51563,2,0,0,1,2,3,1,1,Cross intersection,3,50,Local Road,144.260979,-36.747367,20160429,BENDIGO
T20160009417,2016-04-30,15:20:00,1,Collision with vehicle,7,Saturday,120,HEAD ON (NOT OVERTAKING),1,303363,2,0,1,1,0,2,1,5,Not at intersection,2,50,Local Road,144.24944,-36.79119,20160430,BENDIGO
T20160009513,2016-05-01,22:56:00,1,Collision with vehicle,1,Sunday,160,VEHICLE COLLIDES WITH VEHICLE PARKED ON LEFT OF ROAD,3,304677,3,0,0,1,0,1,1,5,Not at intersection,3,60,Local Road,144.288559,-36.76598,20160501,BENDIGO
T20160009588,2016-05-02,22:10:00,4,Collision with a fixed object,2,Monday,181,OFF RIGHT BEND INTO OBJECT/PARKED VEHICLE,5,303136,1,0,0,2,2,4,1,5,Not at intersection,3,60,,144.303421,-36.80055,20160502,BENDIGO
T20160009734,2016-05-04,11:08:00,2,Struck Pedestrian,3,Wednesday,106,VEH STRIKES PED ON FOOTPATH/MEDIAN/TRAFFIC ISLAND.,1,303137,1,0,1,0,1,2,1,5,Not at intersection,2,50,Local Road,144.238552,-36.801031,20160504,BENDIGO
T20160009911,2016-05-05,19:45:00,1,Collision with vehicle,5,Thursday,171,LEFT OFF CARRIAGEWAY INTO OBJECT/PARKED VEHICLE,3,304676,2,0,1,0,0,1,1,5,Not at intersection,2,60,Local Road,144.278968,-36.71004,20160505,BENDIGO
T20160009948,2016-05-06,20:45:00,4,Collision with a fixed object,5,Friday,173,RIGHT OFF CARRIAGEWAY INTO OBJECT/PARKED VEHICLE,5,303190,1,0,1,0,0,1,1,5,Not at intersection,2,80,Local Road,144.324761,-36.68601,20160506,BENDIGO
T20160009882,2016-05-06,08:20:00,1,Collision with vehicle,5,Friday,110,CROSS TRAFFIC(INTERSECTIONS ONLY),1,51566,2,0,0,1,2,3,1,1,Cross intersection,3,60,Arterial Other,144.285205,-36.748604,20160506,BENDIGO
T20160010449,2016-05-09,16:00:00,1,Collision with vehicle,1,Monday,113,RIGHT NEAR (INTERSECTIONS ONLY),1,51883,2,0,0,1,1,2,2,2,T intersection,3,80,Arterial Highway,144.220182,-36.75406,20160509,BENDIGO
T20160012764,2016-05-09,17:30:00,3,Struck animal,1,Monday,167,STRUCK ANIMAL,2,304832,1,0,1,0,0,1,1,5,Not at intersection,2,100,,144.29582,-36.93034,20160509,BENDIGO
T20160010175,2016-05-09,13:50:00,1,Collision with vehicle,2,Monday,130,REAR END(VEHICLES IN SAME LANE),1,303287,3,0,0,1,3,4,1,5,Not at intersection,3,70,Arterial Highway,144.302818,-36.734129,20160509,BENDIGO
T20160010254,2016-05-09,10:12:00,1,Collision with vehicle,1,Monday,143,ENTERING PARKING,1,303292,2,0,0,1,1,2,2,5,Not at intersection,3,50,Local Road,144.281543,-36.759788,20160509,BENDIGO
T20160010542,2016-05-13,17:55:00,2,Struck Pedestrian,6,Friday,100,PED NEAR SIDE. PED HIT BY VEHICLE FROM THE RIGHT.,5,303660,1,0,1,0,1,2,1,5,Not at intersection,2,100,Arterial Highway,144.23984,-36.83258,20160513,BENDIGO
T20160015815,2016-05-14,15:00:00,4,Collision with a fixed object,7,Saturday,171,LEFT OFF CARRIAGEWAY INTO OBJECT/PARKED VEHICLE,1,306063,1,0,0,2,0,2,2,5,Not at intersection,3,60,Local Road,144.219259,-36.812141,20160514,BENDIGO
T20160010668,2016-05-15,13:50:00,8,No collision and no object struck,1,Sunday,182,OFF CARRIAGEWAY ON LEFT BEND,1,303656,1,0,1,0,0,1,1,5,Not at intersection,2,100,,144.349144,-36.84143,20160515,BENDIGO
T20160010667,2016-05-15,14:15:00,8,No collision and no object struck,1,Sunday,174,OUT OF CONTROL ON CARRIAGEWAY (ON STRAIGHT),1,44642,1,0,0,1,0,1,1,4,Multiple intersection,3,50,Local Road,144.281972,-36.76016,20160515,BENDIGO
T20160010819,2016-05-17,11:40:00,4,Collision with a fixed object,3,Tuesday,183,OFF LEFT BEND INTO OBJECT/PARKED VEHICLE,1,303954,1,0,1,0,0,1,1,5,Not at intersection,2,100,Local Road,144.280638,-36.845444,20160517,BENDIGO
T20160011204,2016-05-19,19:10:00,1,Collision with vehicle,5,Thursday,140,U TURN,3,303955,2,0,0,2,0,2,1,5,Not at intersection,3,60,Arterial Highway,144.272292,-36.761921,20160519,BENDIGO
T20160011077,2016-05-20,12:50:00,4,Collision with a fixed object,6,Friday,181,OFF RIGHT BEND INTO OBJECT/PARKED VEHICLE,1,303953,1,0,1,0,0,1,1,2,T intersection,2,100,Arterial Highway,144.536014,-36.60482,20160520,BENDIGO
T20160014313,2016-05-20,14:00:00,1,Collision with vehicle,6,Friday,137,LEFT TURN SIDESWIPE,1,51593,2,0,0,1,1,2,2,1,Cross intersection,3,60,Arterial Other,144.274076,-36.755246,20160520,BENDIGO
T20160011197,2016-05-21,22:00:00,1,Collision with vehicle,7,Saturday,130,REAR END(VEHICLES IN SAME LANE),3,51544,2,0,0,3,1,4,1,2,T intersection,3,60,Arterial Highway,144.298615,-36.73958,20160521,BENDIGO
T20160011150,2016-05-21,08:30:00,1,Collision with vehicle,7,Saturday,159,OTHER OVERTAKING MANOEUVRES NOT INCLUDED IN DCAs 150-154,1,316458,4,0,1,2,0,3,2,5,Not at intersection,2,60,Local Road,144.327448,-36.74602,20160521,BENDIGO
T20160011363,2016-05-23,23:50:00,4,Collision with a fixed object,2,Monday,171,LEFT OFF CARRIAGEWAY INTO OBJECT/PARKED VEHICLE,5,304154,1,0,1,1,0,2,1,5,Not at intersection,2,100,,144.212922,-36.8865,20160523,BENDIGO
T20160011422,2016-05-24,18:45:00,1,Collision with vehicle,2,Tuesday,121,RIGHT THROUGH,3,19431,2,0,0,2,1,3,1,1,Cross intersection,3,60,Arterial Highway,144.284313,-36.75549,20160524,BENDIGO
T20160011441,2016-05-24,20:27:00,1,Collision with vehicle,2,Tuesday,120,HEAD ON (NOT OVERTAKING),5,358190,2,0,0,1,1,2,1,5,Not at intersection,3,100,Local Road,144.641083,-36.878616,20160524,BENDIGO
T20160025303,2016-05-24,18:00:00,1,Collision with vehicle,3,Tuesday,130,REAR END(VEHICLES IN SAME LANE),9,59589,2,0,0,2,1,3,2,2,T intersection,3,60,Arterial Highway,144.25826,-36.742992,20160524,BENDIGO
T20160011635,2016-05-27,13:50:00,1,Collision with vehicle,6,Friday,121,RIGHT THROUGH,1,35770,2,0,0,1,1,2,1,1,Cross intersection,3,50,Arterial Highway,144.278595,-36.7597,20160527,BENDIGO
T20160011648,2016-05-27,19:15:00,4,Collision with a fixed object,6,Friday,181,OFF RIGHT BEND INTO OBJECT/PARKED VEHICLE,3,303952,1,0,0,1,1,2,1,5,Not at intersection,3,60,Arterial Other,144.274846,-36.772505,20160527,BENDIGO
T20160013411,2016-05-28,11:30:00,1,Collision with vehicle,7,Saturday,121,RIGHT THROUGH,1,30031,2,0,1,2,1,4,1,1,Cross intersection,2,60,Arterial Highway,144.291933,-36.757373,20160528,BENDIGO
T20160016067,2016-05-30,23:10:00,4,Collision with a fixed object,2,Monday,173,RIGHT OFF CARRIAGEWAY INTO OBJECT/PARKED VEHICLE,5,306175,1,0,0,1,0,1,1,5,Not at intersection,3,999,,144.274506,-36.669011,20160530,BENDIGO
T20160012634,2016-05-30,18:00:00,3,Struck animal,2,Monday,167,STRUCK ANIMAL,1,304748,1,0,0,1,0,1,2,5,Not at intersection,3,100,Arterial Highway,144.694493,-36.87841,20160530,BENDIGO
T20160015390,2016-06-01,09:00:00,1,Collision with vehicle,4,Wednesday,113,RIGHT NEAR (INTERSECTIONS ONLY),1,59754,2,0,0,1,1,2,2,2,T intersection,3,60,,144.290887,-36.768067,20160601,BENDIGO
T20160012326,2016-06-04,13:20:00,8,No collision and no object struck,7,Saturday,174,OUT OF CONTROL ON CARRIAGEWAY (ON STRAIGHT),1,304441,1,0,0,1,0,1,1,5,Not at intersection,3,100,Local Road,144.381669,-36.78694,20160604,BENDIGO
T20160012787,2016-06-05,11:30:00,4,Collision with a fixed object,1,Sunday,181,OFF RIGHT BEND INTO OBJECT/PARKED VEHICLE,1,304644,1,0,1,0,0,1,2,5,Not at intersection,2,888,Local Road,144.666569,-36.89179,20160605,BENDIGO
T20160012518,2016-06-07,09:35:00,1,Collision with vehicle,3,Tuesday,140,U TURN,1,304678,2,0,0,2,2,4,1,5,Not at intersection,3,60,Local Road,144.278851,-36.73259,20160607,BENDIGO
T20160012561,2016-06-07,17:35:00,1,Collision with vehicle,3,Tuesday,121,RIGHT THROUGH,3,51628,2,0,0,2,2,4,1,1,Cross intersection,3,50,Arterial Other,144.283385,-36.761424,20160607,BENDIGO
T20160012659,2016-06-08,19:15:00,2,Struck Pedestrian,4,Wednesday,100,PED NEAR SIDE. PED HIT BY VEHICLE FROM THE RIGHT.,3,51635,1,0,0,1,0,1,1,2,T intersection,3,50,Arterial Other,144.281857,-36.762547,20160608,BENDIGO
T20160012720,2016-06-09,17:18:00,1,Collision with vehicle,5,Thursday,121,RIGHT THROUGH,2,44780,2,0,0,2,0,2,1,1,Cross intersection,3,60,Arterial Highway,144.700797,-36.914763,20160609,BENDIGO
T20160020870,2016-06-09,17:50:00,1,Collision with vehicle,4,Thursday,121,RIGHT THROUGH,3,29976,2,0,0,1,3,4,1,1,Cross intersection,3,60,Arterial Other,144.286925,-36.747039,20160609,BENDIGO
T20160012808,2016-06-10,18:45:00,1,Collision with vehicle,5,Friday,110,CROSS TRAFFIC(INTERSECTIONS ONLY),3,35811,2,0,0,2,1,3,1,1,Cross intersection,3,50,Local Road,144.28715,-36.754995,20160610,BENDIGO
T20160012754,2016-06-10,01:30:00,4,Collision with a fixed object,5,Friday,171,LEFT OFF CARRIAGEWAY INTO OBJECT/PARKED VEHICLE,3,51587,1,0,0,1,4,5,1,2,T intersection,3,60,Arterial Highway,144.260987,-36.753968,20160610,BENDIGO
T20160013029,2016-06-13,23:23:00,4,Collision with a fixed object,1,Monday,183,OFF LEFT BEND INTO OBJECT/PARKED VEHICLE,3,307515,2,0,0,2,2,4,1,5,Not at intersection,3,60,,144.24945,-36.72955,20160613,BENDIGO