ACCIDENT_NO,ACCIDENT_DATE,ACCIDENT_TIME,ACCIDENT_TYPE,ACCIDENT_TYPE_DESC,DAY_OF_WEEK,DAY_WEEK_DESC,DCA_CODE,DCA_DESC,LIGHT_CONDITION,NODE_ID,NO_OF_VEHICLES,NO_PERSONS_KILLED,NO_PERSONS_INJ_2,NO_PERSONS_INJ_3,NO_PERSONS_NOT_INJ,NO_PERSONS,POLICE_ATTEND,ROAD_GEOMETRY,ROAD_GEOMETRY_DESC,SEVERITY,SPEED_ZONE,RMA, LAT, LONG, DATE, COUNCIL
T20160013060,2016-06-14,10:35:00,1,Collision with vehicle,3,Tuesday,120,HEAD ON (NOT OVERTAKING),1,306065,2,0,0,2,0,2,1,5,Not at intersection,3,100,Arterial Highway,144.740961,-36.952799,20160614,BENDIGO
T20160013098,2016-06-14,20:20:00,2,Struck Pedestrian,2,Tuesday,102,FAR SIDE. PED HIT BY VEHICLE FROM THE LEFT,3,304731,1,0,0,2,1,3,1,5,Not at intersection,3,60,Arterial Other,144.281913,-36.749048,20160614,BENDIGO
T20160013200,2016-06-16,07:00:00,1,Collision with vehicle,5,Thursday,121,RIGHT THROUGH,3,51546,2,0,1,0,1,2,1,1,Cross intersection,2,50,Local Road,144.299855,-36.740214,20160616,BENDIGO
T20160013278,2016-06-16,20:00:00,1,Collision with vehicle,5,Thursday,113,RIGHT NEAR (INTERSECTIONS ONLY),3,51561,2,0,0,2,1,3,1,1,Cross intersection,3,60,Arterial Highway,144.258109,-36.746919,20160616,BENDIGO
T20160013567,2016-06-21,04:00:00,4,Collision with a fixed object,3,Tuesday,173,RIGHT OFF CARRIAGEWAY INTO OBJECT/PARKED VEHICLE,5,304948,1,0,1,0,0,1,1,5,Not at intersection,2,100,Local Road,144.369552,-36.683492,20160621,BENDIGO
T20160013730,2016-06-23,07:00:00,1,Collision with vehicle,5,Thursday,110,CROSS TRAFFIC(INTERSECTIONS ONLY),2,59464,2,0,1,0,1,2,1,1,Cross intersection,2,60,Local Road,144.322687,-36.696551,20160623,BENDIGO
T20160013788,2016-06-23,18:00:00,2,Struck Pedestrian,5,Thursday,100,PED NEAR SIDE. PED HIT BY VEHICLE FROM THE RIGHT.,3,306271,1,0,1,0,1,2,2,5,Not at intersection,2,60,Arterial Other,144.282,-36.74911,20160623,BENDIGO
T20160014191,2016-06-24,05:43:00,1,Collision with vehicle,6,Friday,160,VEHICLE COLLIDES WITH VEHICLE PARKED ON LEFT OF ROAD,3,305393,2,0,0,1,0,1,1,5,Not at intersection,3,60,Arterial Other,144.248171,-36.76456,20160624,BENDIGO
T20160014175,2016-06-24,17:50:00,1,Collision with vehicle,6,Friday,121,RIGHT THROUGH,3,29983,2,0,0,1,1,2,1,1,Cross intersection,3,60,Arterial Highway,144.266509,-36.767121,20160624,BENDIGO
T20160013967,2016-06-26,01:00:00,4,Collision with a fixed object,1,Sunday,173,RIGHT OFF CARRIAGEWAY INTO OBJECT/PARKED VEHICLE,5,305783,1,0,1,0,0,1,2,1,Cross intersection,2,100,Arterial Other,144.154859,-36.851361,20160626,BENDIGO
T20160013983,2016-06-26,11:05:00,1,Collision with vehicle,0,Sunday,120,HEAD ON (NOT OVERTAKING),1,358221,2,0,0,2,3,5,1,5,Not at intersection,3,100,Arterial Highway,144.156702,-36.626769,20160626,BENDIGO
T20160014105,2016-06-28,05:00:00,4,Collision with a fixed object,3,Tuesday,181,OFF RIGHT BEND INTO OBJECT/PARKED VEHICLE,5,305314,1,0,1,0,0,1,1,5,Not at intersection,2,100,Arterial Highway,144.230555,-36.842742,20160628,BENDIGO
T20160014177,2016-06-29,06:05:00,4,Collision with a fixed object,4,Wednesday,183,OFF LEFT BEND INTO OBJECT/PARKED VEHICLE,3,305857,1,0,1,0,0,1,1,5,Not at intersection,2,100,Arterial Highway,144.350691,-36.650381,20160629,BENDIGO
T20160017050,2016-06-30,19:45:00,1,Collision with vehicle,4,Thursday,130,REAR END(VEHICLES IN SAME LANE),3,306752,2,0,0,1,0,1,2,5,Not at intersection,3,60,Arterial Highway,144.277812,-36.759782,20160630,BENDIGO
T20160014406,2016-07-02,14:05:00,1,Collision with vehicle,6,Saturday,130,REAR END(VEHICLES IN SAME LANE),1,305371,2,0,0,1,3,4,1,2,T intersection,3,50,Local Road,144.258626,-36.746862,20160702,BENDIGO
T20160014535,2016-07-02,13:00:00,1,Collision with vehicle,6,Saturday,132,RIGHT REAR.,1,305784,2,0,0,2,1,3,2,5,Not at intersection,3,60,Arterial Highway,144.267761,-36.765991,20160702,BENDIGO
T20160015323,2016-07-06,16:00:00,6,Vehicle overturned (no collision),4,Wednesday,174,OUT OF CONTROL ON CARRIAGEWAY (ON STRAIGHT),2,305856,1,0,1,0,0,1,9,5,Not at intersection,2,50,Local Road,144.270801,-36.75243,20160706,BENDIGO
T20160015016,2016-07-07,12:25:00,1,Collision with vehicle,5,Thursday,130,REAR END(VEHICLES IN SAME LANE),1,35676,2,0,0,1,2,3,1,1,Cross intersection,3,50,Arterial Highway,144.280104,-36.758517,20160707,BENDIGO
T20160016830,2016-07-07,15:00:00,4,Collision with a fixed object,5,Thursday,173,RIGHT OFF CARRIAGEWAY INTO OBJECT/PARKED VEHICLE,1,19676,1,0,0,1,1,2,2,2,T intersection,3,999,Local Road,144.280846,-36.706218,20160707,BENDIGO
T20160014833,2016-07-07,16:50:00,1,Collision with vehicle,5,Thursday,159,OTHER OVERTAKING MANOEUVRES NOT INCLUDED IN DCAs 150-154,1,305782,3,0,1,0,5,6,1,5,Not at intersection,2,80,,144.213743,-36.877171,20160707,BENDIGO
T20160014835,2016-07-07,21:00:00,1,Collision with vehicle,5,Thursday,121,RIGHT THROUGH,3,51667,2,0,1,0,1,2,1,1,Cross intersection,2,60,Arterial Other,144.286174,-36.769304,20160707,BENDIGO
T20160014979,2016-07-09,18:50:00,4,Collision with a fixed object,6,Saturday,175,OFF END OF ROAD/T-INTERSECTION.,5,236011,1,0,0,1,0,1,1,2,T intersection,3,80,Local Road,144.356553,-36.776275,20160709,BENDIGO
T20160014992,2016-07-10,00:50:00,2,Struck Pedestrian,1,Sunday,101,PED EMERGES FROM IN FRONT OF PARKED OR STATIONARY VEHICLE,6,306382,1,0,1,0,1,2,1,5,Not at intersection,2,50,,144.281597,-36.758059,20160710,BENDIGO
T20160015002,2016-07-10,00:40:00,4,Collision with a fixed object,1,Sunday,173,RIGHT OFF CARRIAGEWAY INTO OBJECT/PARKED VEHICLE,5,305632,1,1,0,0,0,1,1,5,Not at intersection,1,80,,144.651059,-36.43257,20160710,BENDIGO
T20160015065,2016-07-11,08:25:00,1,Collision with vehicle,2,Monday,130,REAR END(VEHICLES IN SAME LANE),1,51684,2,0,0,3,3,6,1,1,Cross intersection,3,60,Arterial Highway,144.257285,-36.773597,20160711,BENDIGO
T20160015199,2016-07-12,18:00:00,1,Collision with vehicle,3,Tuesday,120,HEAD ON (NOT OVERTAKING),5,306745,2,0,0,1,1,2,1,2,T intersection,3,80,Arterial Highway,144.694637,-36.907962,20160712,BENDIGO
T20160015253,2016-07-13,15:58:00,1,Collision with vehicle,4,Wednesday,137,LEFT TURN SIDESWIPE,1,305820,2,0,0,2,3,5,1,1,Cross intersection,3,100,Arterial Highway,144.492247,-36.783074,20160713,BENDIGO
T20160015400,2016-07-14,15:50:00,1,Collision with vehicle,5,Thursday,130,REAR END(VEHICLES IN SAME LANE),1,51621,2,0,0,1,2,3,2,2,T intersection,3,60,Arterial Highway,144.324975,-36.760116,20160714,BENDIGO
T20160015356,2016-07-14,17:45:00,1,Collision with vehicle,5,Thursday,110,CROSS TRAFFIC(INTERSECTIONS ONLY),3,59727,2,0,0,1,2,3,1,1,Cross intersection,3,50,Local Road,144.276418,-36.76282,20160714,BENDIGO
T20160015380,2016-07-15,08:15:00,4,Collision with a fixed object,6,Friday,173,RIGHT OFF CARRIAGEWAY INTO OBJECT/PARKED VEHICLE,1,51529,1,0,0,1,0,1,1,1,Cross intersection,3,60,Arterial Highway,144.258361,-36.729924,20160715,BENDIGO
T20160015542,2016-07-17,01:20:00,4,Collision with a fixed object,0,Sunday,183,OFF LEFT BEND INTO OBJECT/PARKED VEHICLE,3,305946,1,0,0,4,1,5,1,5,Not at intersection,3,60,Arterial Other,144.283169,-36.754651,20160717,BENDIGO
T20160015635,2016-07-18,10:40:00,2,Struck Pedestrian,2,Monday,102,FAR SIDE. PED HIT BY VEHICLE FROM THE LEFT,1,305961,1,0,1,0,1,2,1,5,Not at intersection,2,50,Arterial Highway,144.277748,-36.760056,20160718,BENDIGO
T20160015964,2016-07-21,19:30:00,1,Collision with vehicle,5,Thursday,120,HEAD ON (NOT OVERTAKING),5,307985,2,0,2,0,0,2,1,5,Not at intersection,2,60,Arterial Highway,144.143779,-36.736633,20160721,BENDIGO
T20160015941,2016-07-21,15:55:00,2,Struck Pedestrian,5,Thursday,101,PED EMERGES FROM IN FRONT OF PARKED OR STATIONARY VEHICLE,1,306117,1,0,1,0,1,2,1,5,Not at intersection,2,50,Local Road,144.268321,-36.723848,20160721,BENDIGO
T20160016207,2016-07-22,14:45:00,1,Collision with vehicle,6,Friday,120,HEAD ON (NOT OVERTAKING),1,309027,3,0,0,2,2,4,1,5,Not at intersection,3,100,Arterial Highway,144.623208,-36.859361,20160722,BENDIGO
T20160016517,2016-07-29,11:45:00,1,Collision with vehicle,6,Friday,110,CROSS TRAFFIC(INTERSECTIONS ONLY),1,59730,2,0,0,1,1,2,1,1,Cross intersection,3,60,Local Road,144.292334,-36.763694,20160729,BENDIGO
T20160016598,2016-07-30,06:50:00,4,Collision with a fixed object,7,Saturday,171,LEFT OFF CARRIAGEWAY INTO OBJECT/PARKED VEHICLE,5,306780,1,0,0,1,0,1,1,5,Not at intersection,3,80,Local Road,144.222382,-36.75937,20160730,BENDIGO
T20160018013,2016-08-01,02:05:00,4,Collision with a fixed object,2,Monday,171,LEFT OFF CARRIAGEWAY INTO OBJECT/PARKED VEHICLE,5,307227,1,0,0,1,0,1,2,5,Not at intersection,3,999,Arterial Other,144.541818,-37.015489,20160801,BENDIGO
T20160016861,2016-08-01,16:45:00,1,Collision with vehicle,1,Monday,130,REAR END(VEHICLES IN SAME LANE),1,307428,3,0,0,1,2,3,2,5,Not at intersection,3,60,Arterial Highway,144.308666,-36.726568,20160801,BENDIGO
T20160016848,2016-08-02,05:15:00,1,Collision with vehicle,3,Tuesday,110,CROSS TRAFFIC(INTERSECTIONS ONLY),3,19689,2,0,0,1,2,3,1,1,Cross intersection,3,60,Arterial Highway,144.501997,-36.786944,20160802,BENDIGO
T20160017628,2016-08-02,15:15:00,6,Vehicle overturned (no collision),3,Tuesday,184,OUT OF CONTROL ON CARRIAGEWAY (ON BEND),1,307126,1,0,1,0,0,1,2,5,Not at intersection,2,50,Local Road,144.28823,-36.73923,20160802,BENDIGO
T20160016927,2016-08-03,08:30:00,1,Collision with vehicle,4,Wednesday,130,REAR END(VEHICLES IN SAME LANE),1,306673,2,0,1,0,1,2,1,5,Not at intersection,2,50,Arterial Other,144.283317,-36.754782,20160803,BENDIGO
T20160016928,2016-08-03,08:10:00,1,Collision with vehicle,3,Wednesday,110,CROSS TRAFFIC(INTERSECTIONS ONLY),1,29978,2,0,0,1,1,2,1,1,Cross intersection,3,60,Arterial Highway,144.285187,-36.756439,20160803,BENDIGO
T20160017079,2016-08-04,15:45:00,1,Collision with vehicle,5,Thursday,130,REAR END(VEHICLES IN SAME LANE),1,56138,2,0,0,1,1,2,1,1,Cross intersection,3,60,Arterial Other,144.289069,-36.769368,20160804,BENDIGO
T20160017072,2016-08-04,14:15:00,4,Collision with a fixed object,5,Thursday,171,LEFT OFF CARRIAGEWAY INTO OBJECT/PARKED VEHICLE,1,308097,1,0,1,1,0,2,2,1,Cross intersection,2,60,Local Road,144.61216,-36.49221,20160804,BENDIGO
T20160017357,2016-08-07,19:05:00,1,Collision with vehicle,1,Sunday,110,CROSS TRAFFIC(INTERSECTIONS ONLY),3,51494,2,0,0,1,2,3,1,1,Cross intersection,3,60,Arterial Highway,144.329601,-36.668035,20160807,BENDIGO
T20160017564,2016-08-08,21:45:00,1,Collision with vehicle,2,Monday,121,RIGHT THROUGH,3,19418,2,0,0,1,1,2,2,1,Cross intersection,3,60,Arterial Highway,144.132975,-36.735691,20160808,BENDIGO
T20160017502,2016-08-09,22:15:00,1,Collision with vehicle,2,Tuesday,110,CROSS TRAFFIC(INTERSECTIONS ONLY),5,59464,2,0,0,2,0,2,1,1,Cross intersection,3,50,Local Road,144.322687,-36.696551,20160809,BENDIGO
T20160017655,2016-08-12,17:20:00,1,Collision with vehicle,6,Friday,130,REAR END(VEHICLES IN SAME LANE),2,307130,2,0,0,1,1,2,1,5,Not at intersection,3,60,Arterial Other,144.275014,-36.766817,20160812,BENDIGO
T20160017626,2016-08-12,08:00:00,1,Collision with vehicle,6,Friday,113,RIGHT NEAR (INTERSECTIONS ONLY),1,243933,2,0,1,1,1,3,1,2,T intersection,2,80,Arterial Highway,144.227707,-36.76004,20160812,BENDIGO
T20160017774,2016-08-14,03:00:00,2,Struck Pedestrian,1,Sunday,104,PED WALKING WITH TRAFFIC,5,307115,1,1,0,0,1,2,1,5,Not at intersection,1,80,Arterial Highway,144.321319,-36.6789,20160814,BENDIGO
T20160017791,2016-08-14,13:07:00,4,Collision with a fixed object,1,Sunday,171,LEFT OFF CARRIAGEWAY INTO OBJECT/PARKED VEHICLE,1,308330,2,0,0,1,5,6,1,2,T intersection,3,50,Local Road,144.298105,-36.725809,20160814,BENDIGO
T20160021282,2016-08-15,07:40:00,1,Collision with vehicle,1,Monday,130,REAR END(VEHICLES IN SAME LANE),2,358298,2,0,0,2,1,3,1,5,Not at intersection,3,100,,144.19361,-36.80914,20160815,BENDIGO
T20160018234,2016-08-15,08:50:00,1,Collision with vehicle,1,Monday,111,RIGHT FAR (INTERSECTIONS ONLY),1,19418,2,0,0,1,3,4,2,1,Cross intersection,3,60,Arterial Highway,144.132975,-36.735691,20160815,BENDIGO
T20160020564,2016-08-18,15:30:00,1,Collision with vehicle,5,Thursday,116,LEFT NEAR (INTERSECTIONS ONLY),1,51526,2,0,0,2,3,5,1,1,Cross intersection,3,60,Arterial Other,144.261881,-36.728705,20160818,BENDIGO
T20160018193,2016-08-19,18:35:00,1,Collision with vehicle,6,Friday,110,CROSS TRAFFIC(INTERSECTIONS ONLY),3,51700,2,0,0,2,13,15,1,1,Cross intersection,3,60,Arterial Highway,144.250247,-36.779793,20160819,BENDIGO
T20160020689,2016-08-20,11:30:00,8,No collision and no object struck,7,Saturday,174,OUT OF CONTROL ON CARRIAGEWAY (ON STRAIGHT),1,308709,1,0,0,1,0,1,2,2,T intersection,3,60,Local Road,144.330838,-36.694618,20160820,BENDIGO
T20160018423,2016-08-22,08:56:00,1,Collision with vehicle,2,Monday,137,LEFT TURN SIDESWIPE,1,263625,2,0,0,1,1,2,2,5,Not at intersection,3,60,Arterial Highway,144.299362,-36.738611,20160822,BENDIGO
T20160021299,2016-08-23,11:00:00,1,Collision with vehicle,3,Tuesday,135,LANE CHANGE LEFT (NOT OVERTAKING),1,311068,2,0,0,1,1,2,2,5,Not at intersection,3,60,Arterial Other,144.289191,-36.7454,20160823,BENDIGO
T20160018546,2016-08-24,22:00:00,1,Collision with vehicle,4,Wednesday,110,CROSS TRAFFIC(INTERSECTIONS ONLY),3,51570,3,0,1,0,2,3,1,1,Cross intersection,2,60,Arterial Highway,144.290752,-36.749779,20160824,BENDIGO
T20160018564,2016-08-25,07:30:00,1,Collision with vehicle,5,Thursday,120,HEAD ON (NOT OVERTAKING),1,307516,3,0,0,2,1,3,1,5,Not at intersection,3,40,Local Road,144.322386,-36.698099,20160825,BENDIGO
T20160018618,2016-08-25,16:40:00,4,Collision with a fixed object,5,Thursday,173,RIGHT OFF CARRIAGEWAY INTO OBJECT/PARKED VEHICLE,1,307986,1,0,1,0,0,1,1,5,Not at intersection,2,100,Arterial Highway,144.4805,-36.782469,20160825,BENDIGO
T20160019167,2016-09-01,18:11:00,1,Collision with vehicle,5,Thursday,132,RIGHT REAR.,2,59790,2,0,1,0,1,2,1,2,T intersection,2,100,Arterial Highway,144.36751,-36.772962,20160901,BENDIGO
T20160023320,2016-09-03,17:20:00,1,Collision with vehicle,7,Saturday,130,REAR END(VEHICLES IN SAME LANE),1,310020,2,0,0,1,1,2,1,5,Not at intersection,3,60,Arterial Highway,144.258403,-36.772753,20160903,BENDIGO
T20160019289,2016-09-03,18:35:00,1,Collision with vehicle,7,Saturday,147,VEHICLE STRIKES ANOTHER VEH WHILE EMERGING FROM DRIVEWAY,3,307924,2,0,0,1,1,2,1,5,Not at intersection,3,80,Arterial Highway,144.240366,-36.810193,20160903,BENDIGO
T20160019277,2016-09-03,12:15:00,6,Vehicle overturned (no collision),7,Saturday,180,OFF CARRIAGEWAY ON RIGHT BEND,1,307925,1,0,0,1,0,1,1,2,T intersection,3,60,Arterial Other,144.310934,-36.776849,20160903,BENDIGO
T20160019548,2016-09-06,16:00:00,1,Collision with vehicle,3,Tuesday,143,ENTERING PARKING,1,308843,2,0,0,1,1,2,2,5,Not at intersection,3,50,Local Road,144.264811,-36.767309,20160906,BENDIGO
T20160019529,2016-09-07,06:00:00,4,Collision with a fixed object,3,Wednesday,171,LEFT OFF CARRIAGEWAY INTO OBJECT/PARKED VEHICLE,2,308699,1,0,1,0,0,1,1,5,Not at intersection,2,60,Local Road,144.35576,-36.798522,20160907,BENDIGO
T20160022775,2016-09-08,13:00:00,2,Struck Pedestrian,5,Thursday,101,PED EMERGES FROM IN FRONT OF PARKED OR STATIONARY VEHICLE,1,44715,1,0,0,1,0,1,9,1,Cross intersection,3,50,Arterial Highway,144.253698,-36.718652,20160908,BENDIGO
T20160019715,2016-09-09,06:15:00,5,collision with some other object,6,Friday,166,STRUCK OBJECT ON CARRIAGEWAY,5,308171,1,0,1,0,0,1,1,5,Not at intersection,2,100,Local Road,144.561468,-36.96763,20160909,BENDIGO
T20160020077,2016-09-13,18:06:00,1,Collision with vehicle,2,Tuesday,111,RIGHT FAR (INTERSECTIONS ONLY),3,51574,2,0,0,1,1,2,2,2,T intersection,3,60,Local Road,144.292008,-36.750677,20160913,BENDIGO
T20160021673,2016-09-18,16:57:00,1,Collision with vehicle,1,Sunday,130,REAR END(VEHICLES IN SAME LANE),1,51728,2,0,0,1,1,2,1,1,Cross intersection,3,50,Arterial Highway,144.243898,-36.796822,20160918,BENDIGO
T20160020381,2016-09-18,17:43:00,1,Collision with vehicle,1,Sunday,120,HEAD ON (NOT OVERTAKING),1,310337,2,0,1,0,2,3,1,5,Not at intersection,2,50,Local Road,144.24335,-36.79462,20160918,BENDIGO
T20160020563,2016-09-21,07:15:00,1,Collision with vehicle,3,Wednesday,110,CROSS TRAFFIC(INTERSECTIONS ONLY),2,19689,2,0,0,1,2,3,1,1,Cross intersection,3,60,Arterial Highway,144.501997,-36.786944,20160921,BENDIGO
T20160020839,2016-09-24,19:35:00,1,Collision with vehicle,7,Saturday,121,RIGHT THROUGH,3,44715,2,0,1,1,4,6,1,1,Cross intersection,2,50,Arterial Highway,144.253698,-36.718652,20160924,BENDIGO
T20170022734,2016-09-24,20:00:00,1,Collision with vehicle,6,Saturday,199,UNKNOWN-NO DETAILS ON MANOEUVRES OF ROAD-USERS IN ACCIDENT,5,359580,2,0,0,1,0,1,2,5,Not at intersection,3,999,,144.26231,-36.68907,20160924,BENDIGO
T20160020920,2016-09-26,09:25:00,1,Collision with vehicle,1,Monday,110,CROSS TRAFFIC(INTERSECTIONS ONLY),1,59464,2,0,1,0,2,3,1,1,Cross intersection,2,60,Local Road,144.322687,-36.696551,20160926,BENDIGO
T20160024566,2016-09-27,22:00:00,1,Collision with vehicle,3,Tuesday,121,RIGHT THROUGH,3,51667,2,0,0,1,2,3,1,1,Cross intersection,3,60,Arterial Other,144.286174,-36.769304,20160927,BENDIGO
T20160021135,2016-09-28,21:20:00,1,Collision with vehicle,4,Wednesday,140,U TURN,3,19431,2,0,0,1,2,3,1,1,Cross intersection,3,60,Arterial Highway,144.284313,-36.75549,20160928,BENDIGO
T20160021211,2016-09-29,17:55:00,1,Collision with vehicle,5,Thursday,132,RIGHT REAR.,1,309192,2,0,0,1,1,2,2,2,T intersection,3,100,Arterial Other,144.204221,-36.810183,20160929,BENDIGO
T20160021293,2016-09-30,12:20:00,1,Collision with vehicle,6,Friday,130,REAR END(VEHICLES IN SAME LANE),1,309193,3,0,0,1,5,6,1,5,Not at intersection,3,80,Arterial Highway,144.240717,-36.80886,20160930,BENDIGO
T20160021249,2016-09-30,11:30:00,1,Collision with vehicle,6,Friday,131,LEFT REAR,1,309333,2,0,0,1,1,2,2,5,Not at intersection,3,50,Local Road,144.283558,-36.759811,20160930,BENDIGO
T20160021312,2016-10-01,20:00:00,2,Struck Pedestrian,7,Saturday,102,FAR SIDE. PED HIT BY VEHICLE FROM THE LEFT,3,51570,1,0,0,2,1,3,1,1,Cross intersection,3,60,Arterial Highway,144.290752,-36.749779,20161001,BENDIGO
T20170001405,2016-10-02,18:00:00,4,Collision with a fixed object,0,Sunday,175,OFF END OF ROAD/T-INTERSECTION.,1,313467,1,0,0,1,2,3,1,2,T intersection,3,100,Arterial Other,144.097442,-36.81478,20161002,BENDIGO
T20160021381,2016-10-02,23:13:00,1,Collision with vehicle,1,Sunday,110,CROSS TRAFFIC(INTERSECTIONS ONLY),3,288498,2,0,0,2,3,5,1,1,Cross intersection,3,50,Arterial Highway,144.278355,-36.75947,20161002,BENDIGO
T20160021511,2016-10-04,18:05:00,5,collision with some other object,3,Tuesday,191,LOAD OR MISSILE STRUCK VEHICLE,1,309169,1,0,0,1,0,1,1,5,Not at intersection,3,100,Local Road,144.6414,-36.732541,20161004,BENDIGO
T20160022524,2016-10-04,15:50:00,1,Collision with vehicle,3,Tuesday,132,RIGHT REAR.,1,51646,2,0,0,1,1,2,1,1,Cross intersection,3,60,Arterial Highway,144.269306,-36.764606,20161004,BENDIGO
T20160023393,2016-10-04,21:00:00,5,collision with some other object,3,Tuesday,166,STRUCK OBJECT ON CARRIAGEWAY,5,310010,1,0,0,1,2,3,2,2,T intersection,3,80,Arterial Highway,144.159202,-36.799434,20161004,BENDIGO
T20160021555,2016-10-05,15:15:00,2,Struck Pedestrian,4,Wednesday,100,PED NEAR SIDE. PED HIT BY VEHICLE FROM THE RIGHT.,1,309287,1,0,1,0,1,2,1,5,Not at intersection,2,50,,144.279976,-36.761063,20161005,BENDIGO
T20160021621,2016-10-06,11:00:00,5,collision with some other object,5,Thursday,198,OTHER ACCIDENTS NOT CLASSIFIABLE ELSEWHERE,1,309168,1,0,1,1,0,2,1,5,Not at intersection,2,100,Arterial Other,144.614661,-36.969563,20161006,BENDIGO
T20160021842,2016-10-07,12:30:00,1,Collision with vehicle,6,Friday,171,LEFT OFF CARRIAGEWAY INTO OBJECT/PARKED VEHICLE,1,309288,2,0,0,1,1,2,1,5,Not at intersection,3,60,,144.292243,-36.76692,20161007,BENDIGO
T20160023186,2016-10-09,14:15:00,4,Collision with a fixed object,1,Sunday,173,RIGHT OFF CARRIAGEWAY INTO OBJECT/PARKED VEHICLE,1,309912,1,0,0,1,0,1,2,5,Not at intersection,3,60,,144.41167,-36.870051,20161009,BENDIGO
T20160021899,2016-10-09,16:25:00,1,Collision with vehicle,0,Sunday,110,CROSS TRAFFIC(INTERSECTIONS ONLY),1,59864,2,0,0,1,1,2,1,1,Cross intersection,3,50,Arterial Other,144.239379,-36.79623,20161009,BENDIGO
T20160021946,2016-10-10,15:50:00,1,Collision with vehicle,2,Monday,121,RIGHT THROUGH,1,309291,2,0,0,2,1,3,1,4,Multiple intersection,3,60,Arterial Other,144.240715,-36.708132,20161010,BENDIGO
T20160022383,2016-10-16,01:00:00,3,Struck animal,1,Sunday,167,STRUCK ANIMAL,5,309454,1,0,1,0,0,1,1,5,Not at intersection,2,100,Arterial Other,144.491106,-36.961222,20161016,BENDIGO
T20160022665,2016-10-18,12:30:00,1,Collision with vehicle,3,Tuesday,130,REAR END(VEHICLES IN SAME LANE),1,309727,4,0,0,1,3,4,1,5,Not at intersection,3,60,Arterial Highway,144.275109,-36.760926,20161018,BENDIGO
T20160025000,2016-10-19,20:30:00,1,Collision with vehicle,3,Wednesday,111,RIGHT FAR (INTERSECTIONS ONLY),3,51568,2,0,0,1,1,2,1,2,T intersection,3,60,Arterial Other,144.315793,-36.749597,20161019,BENDIGO
T20160022788,2016-10-21,13:15:00,1,Collision with vehicle,6,Friday,132,RIGHT REAR.,1,51568,2,0,1,1,1,3,1,2,T intersection,2,60,Arterial Other,144.315793,-36.749597,20161021,BENDIGO
T20160022968,2016-10-23,17:40:00,1,Collision with vehicle,1,Sunday,121,RIGHT THROUGH,1,19418,2,0,1,1,0,2,1,1,Cross intersection,2,60,Arterial Highway,144.132975,-36.735691,20161023,BENDIGO
T20160022950,2016-10-23,12:35:00,4,Collision with a fixed object,1,Sunday,171,LEFT OFF CARRIAGEWAY INTO OBJECT/PARKED VEHICLE,1,309728,1,0,0,3,0,3,1,5,Not at intersection,3,100,,144.235692,-36.645701,20161023,BENDIGO
T20160023275,2016-10-27,16:40:00,2,Struck Pedestrian,5,Thursday,101,PED EMERGES FROM IN FRONT OF PARKED OR STATIONARY VEHICLE,1,309956,1,0,0,1,1,2,1,5,Not at intersection,3,50,Local Road,144.234467,-36.786906,20161027,BENDIGO
T20160023438,2016-10-29,12:01:00,1,Collision with vehicle,7,Saturday,119,OTHER ADJACENT (INTERSECTIONS ONLY),1,56839,3,0,0,1,2,3,1,2,T intersection,3,60,Local Road,144.341989,-36.810501,20161029,BENDIGO
T20160023837,2016-10-30,19:05:00,1,Collision with vehicle,1,Sunday,110,CROSS TRAFFIC(INTERSECTIONS ONLY),1,51505,2,0,0,2,0,2,1,1,Cross intersection,3,60,Arterial Other,144.249386,-36.714006,20161030,BENDIGO
T20160023530,2016-10-31,11:01:00,1,Collision with vehicle,1,Monday,130,REAR END(VEHICLES IN SAME LANE),1,51735,3,0,0,1,3,4,1,2,T intersection,3,80,Arterial Highway,144.242322,-36.802638,20161031,BENDIGO
T20160023553,2016-10-31,14:10:00,4,Collision with a fixed object,2,Monday,173,RIGHT OFF CARRIAGEWAY INTO OBJECT/PARKED VEHICLE,1,310459,1,0,0,1,0,1,1,5,Not at intersection,3,50,Local Road,144.281239,-36.762171,20161031,BENDIGO
T20160023641,2016-11-01,16:20:00,1,Collision with vehicle,2,Tuesday,113,RIGHT NEAR (INTERSECTIONS ONLY),1,59646,2,0,0,2,1,3,1,1,Cross intersection,3,50,,144.266615,-36.751389,20161101,BENDIGO
T20160023745,2016-11-03,11:55:00,1,Collision with vehicle,5,Thursday,110,CROSS TRAFFIC(INTERSECTIONS ONLY),1,310511,2,0,0,3,1,4,1,4,Multiple intersection,3,60,Local Road,144.319289,-36.743119,20161103,BENDIGO