ACCIDENT_NO,ACCIDENT_DATE,ACCIDENT_TIME,ACCIDENT_TYPE,ACCIDENT_TYPE_DESC,DAY_OF_WEEK,DAY_WEEK_DESC,DCA_CODE,DCA_DESC,LIGHT_CONDITION,NODE_ID,NO_OF_VEHICLES,NO_PERSONS_KILLED,NO_PERSONS_INJ_2,NO_PERSONS_INJ_3,NO_PERSONS_NOT_INJ,NO_PERSONS,POLICE_ATTEND,ROAD_GEOMETRY,ROAD_GEOMETRY_DESC,SEVERITY,SPEED_ZONE,RMA, LAT, LONG, DATE, COUNCIL
T20160023804,2016-11-03,20:30:00,4,Collision with a fixed object,5,Thursday,173,RIGHT OFF CARRIAGEWAY INTO OBJECT/PARKED VEHICLE,2,310189,1,0,2,0,0,2,1,5,Not at intersection,2,100,Local Road,144.498701,-36.844517,20161103,BENDIGO
T20160023903,2016-11-05,15:35:00,1,Collision with vehicle,7,Saturday,120,HEAD ON (NOT OVERTAKING),1,312402,2,0,1,1,0,2,1,5,Not at intersection,2,100,Arterial Highway,144.41119,-36.771931,20161105,BENDIGO
T20160027760,2016-11-07,15:30:00,4,Collision with a fixed object,1,Monday,171,LEFT OFF CARRIAGEWAY INTO OBJECT/PARKED VEHICLE,1,358526,1,0,0,1,0,1,1,5,Not at intersection,3,100,Arterial Other,144.112122,-36.815141,20161107,BENDIGO
T20160024123,2016-11-08,19:20:00,1,Collision with vehicle,3,Tuesday,121,RIGHT THROUGH,1,59609,2,0,0,2,0,2,1,1,Cross intersection,3,50,Local Road,144.267448,-36.746817,20161108,BENDIGO
T20160024189,2016-11-09,12:20:00,4,Collision with a fixed object,4,Wednesday,171,LEFT OFF CARRIAGEWAY INTO OBJECT/PARKED VEHICLE,1,310361,1,1,0,0,0,1,1,5,Not at intersection,1,100,Local Road,144.168971,-36.731874,20161109,BENDIGO
T20160025481,2016-11-15,15:30:00,2,Struck Pedestrian,2,Tuesday,107,PED ON FOOTHPATH STRUCK BY VEHENTERING/LEAVING DRIVEWAY.,1,311278,1,0,0,1,1,2,2,5,Not at intersection,3,999,Arterial Highway,144.26628,-36.75603,20161115,BENDIGO
T20160024754,2016-11-17,01:30:00,4,Collision with a fixed object,5,Thursday,171,LEFT OFF CARRIAGEWAY INTO OBJECT/PARKED VEHICLE,5,313320,1,0,0,1,0,1,1,5,Not at intersection,3,100,Arterial Highway,144.38692,-36.652319,20161117,BENDIGO
T20160024844,2016-11-17,16:30:00,8,No collision and no object struck,5,Thursday,174,OUT OF CONTROL ON CARRIAGEWAY (ON STRAIGHT),1,51594,2,0,0,1,1,2,2,2,T intersection,3,50,Local Road,144.292106,-36.755783,20161117,BENDIGO
T20160024957,2016-11-19,15:00:00,1,Collision with vehicle,7,Saturday,130,REAR END(VEHICLES IN SAME LANE),1,311172,4,0,0,3,4,7,1,5,Not at intersection,3,50,Arterial Highway,144.244194,-36.795601,20161119,BENDIGO
T20170005318,2016-11-19,14:50:00,1,Collision with vehicle,6,Saturday,130,REAR END(VEHICLES IN SAME LANE),1,358578,3,0,0,1,2,3,2,5,Not at intersection,3,999,Arterial Highway,144.695128,-36.908681,20161119,BENDIGO
T20160025350,2016-11-19,17:30:00,4,Collision with a fixed object,7,Saturday,171,LEFT OFF CARRIAGEWAY INTO OBJECT/PARKED VEHICLE,2,311047,1,0,0,1,0,1,2,5,Not at intersection,3,100,Local Road,144.24627,-36.61308,20161119,BENDIGO
T20160025159,2016-11-22,03:52:00,6,Vehicle overturned (no collision),3,Tuesday,170,OFF CARRIAGEWAY TO LEFT,3,311743,1,0,0,1,0,1,1,5,Not at intersection,3,60,Arterial Other,144.279329,-36.747681,20161122,BENDIGO
T20160025302,2016-11-22,20:15:00,4,Collision with a fixed object,2,Tuesday,151,OUT OF CONTROL (OVERTAKING),3,311062,1,0,0,1,0,1,1,5,Not at intersection,3,60,Arterial Highway,144.290508,-36.757645,20161122,BENDIGO
T20160026921,2016-11-23,17:15:00,1,Collision with vehicle,3,Wednesday,130,REAR END(VEHICLES IN SAME LANE),1,51700,3,0,0,1,3,4,1,1,Cross intersection,3,60,Arterial Highway,144.250247,-36.779793,20161123,BENDIGO
T20160025290,2016-11-23,09:22:00,1,Collision with vehicle,3,Wednesday,130,REAR END(VEHICLES IN SAME LANE),1,51717,3,0,1,0,2,3,1,1,Cross intersection,2,60,,144.240831,-36.788699,20161123,BENDIGO
T20160025739,2016-11-24,07:15:00,1,Collision with vehicle,5,Thursday,130,REAR END(VEHICLES IN SAME LANE),1,51573,2,0,0,1,1,2,2,2,T intersection,3,999,Arterial Other,144.317591,-36.750497,20161124,BENDIGO
T20160025455,2016-11-25,09:10:00,4,Collision with a fixed object,5,Friday,181,OFF RIGHT BEND INTO OBJECT/PARKED VEHICLE,1,311064,1,0,1,0,0,1,1,5,Not at intersection,2,100,,144.16824,-36.76545,20161125,BENDIGO
T20170004565,2016-11-26,21:00:00,1,Collision with vehicle,7,Saturday,110,CROSS TRAFFIC(INTERSECTIONS ONLY),3,51717,2,0,0,1,1,2,1,1,Cross intersection,3,60,,144.240831,-36.788699,20161126,BENDIGO
T20160026577,2016-11-26,20:50:00,4,Collision with a fixed object,6,Saturday,171,LEFT OFF CARRIAGEWAY INTO OBJECT/PARKED VEHICLE,2,312654,1,0,0,1,1,2,2,5,Not at intersection,3,999,,144.49206,-36.885659,20161126,BENDIGO
T20160025563,2016-11-26,11:45:00,8,No collision and no object struck,7,Saturday,180,OFF CARRIAGEWAY ON RIGHT BEND,1,311173,1,0,1,1,0,2,1,2,T intersection,2,100,Local Road,144.276064,-36.825138,20161126,BENDIGO
T20160025745,2016-11-29,07:25:00,1,Collision with vehicle,3,Tuesday,110,CROSS TRAFFIC(INTERSECTIONS ONLY),1,261099,2,0,0,1,1,2,1,1,Cross intersection,3,60,,144.263006,-36.728112,20161129,BENDIGO
T20160025761,2016-11-29,09:20:00,8,No collision and no object struck,3,Tuesday,174,OUT OF CONTROL ON CARRIAGEWAY (ON STRAIGHT),1,35815,1,0,1,0,0,1,1,4,Multiple intersection,2,60,Arterial Other,144.292096,-36.769124,20161129,BENDIGO
T20160025903,2016-12-01,04:20:00,4,Collision with a fixed object,5,Thursday,181,OFF RIGHT BEND INTO OBJECT/PARKED VEHICLE,5,311342,1,0,1,0,0,1,1,5,Not at intersection,2,100,Arterial Other,144.216866,-36.664592,20161201,BENDIGO
T20160025924,2016-12-01,13:30:00,2,Struck Pedestrian,5,Thursday,105,PED WALKING AGAINST TRAFFIC.,1,55388,1,0,1,0,1,2,1,1,Cross intersection,2,60,Arterial Highway,144.305307,-36.758903,20161201,BENDIGO
T20160026012,2016-12-02,13:40:00,1,Collision with vehicle,6,Friday,130,REAR END(VEHICLES IN SAME LANE),1,312115,2,0,0,1,2,3,1,2,T intersection,3,100,Arterial Highway,144.352111,-36.771732,20161202,BENDIGO
T20160026018,2016-12-02,14:50:00,1,Collision with vehicle,5,Friday,119,OTHER ADJACENT (INTERSECTIONS ONLY),1,314555,2,0,1,0,1,2,1,2,T intersection,2,100,Local Road,144.376399,-36.679735,20161202,BENDIGO
T20160028141,2016-12-05,17:45:00,1,Collision with vehicle,1,Monday,110,CROSS TRAFFIC(INTERSECTIONS ONLY),1,29975,2,0,0,1,1,2,2,1,Cross intersection,3,50,,144.254326,-36.736315,20161205,BENDIGO
T20160026242,2016-12-05,14:00:00,1,Collision with vehicle,2,Monday,136,RIGHT TURN SIDESWIPE,1,59490,2,0,1,0,1,2,1,2,T intersection,2,60,Arterial Highway,144.250408,-36.717676,20161205,BENDIGO
T20160026650,2016-12-10,15:45:00,8,No collision and no object struck,6,Saturday,174,OUT OF CONTROL ON CARRIAGEWAY (ON STRAIGHT),1,51623,2,0,0,1,0,1,1,1,Cross intersection,3,60,Local Road,144.26476,-36.760141,20161210,BENDIGO
T20160026671,2016-12-10,19:45:00,1,Collision with vehicle,7,Saturday,110,CROSS TRAFFIC(INTERSECTIONS ONLY),2,19409,2,0,2,0,1,3,1,1,Cross intersection,2,100,Local Road,144.522812,-36.65015,20161210,BENDIGO
T20160026716,2016-12-11,14:55:00,4,Collision with a fixed object,1,Sunday,171,LEFT OFF CARRIAGEWAY INTO OBJECT/PARKED VEHICLE,1,312117,1,0,0,1,0,1,1,5,Not at intersection,3,100,Arterial Other,144.343129,-36.797511,20161211,BENDIGO
T20160026723,2016-12-11,18:00:00,1,Collision with vehicle,0,Sunday,132,RIGHT REAR.,1,51704,2,0,0,1,1,2,1,1,Cross intersection,3,60,Arterial Highway,144.248927,-36.781582,20161211,BENDIGO
T20160026817,2016-12-12,17:00:00,1,Collision with vehicle,1,Monday,113,RIGHT NEAR (INTERSECTIONS ONLY),1,311825,2,0,0,2,1,3,1,2,T intersection,3,60,Local Road,144.248931,-36.793053,20161212,BENDIGO
T20160026937,2016-12-13,12:55:00,6,Vehicle overturned (no collision),3,Tuesday,180,OFF CARRIAGEWAY ON RIGHT BEND,1,311856,1,0,0,1,0,1,1,5,Not at intersection,3,100,,144.50964,-36.85295,20161213,BENDIGO
T20170001419,2016-12-13,10:30:00,1,Collision with vehicle,3,Tuesday,132,RIGHT REAR.,1,49320,2,0,0,1,1,2,2,2,T intersection,3,50,Local Road,144.287541,-36.761579,20161213,BENDIGO
T20160027229,2016-12-17,23:30:00,8,No collision and no object struck,7,Saturday,174,OUT OF CONTROL ON CARRIAGEWAY (ON STRAIGHT),3,312023,1,0,0,1,0,1,1,5,Not at intersection,3,80,,144.337759,-36.772711,20161217,BENDIGO
T20160027208,2016-12-17,17:15:00,4,Collision with a fixed object,7,Saturday,171,LEFT OFF CARRIAGEWAY INTO OBJECT/PARKED VEHICLE,1,312119,1,0,1,0,1,2,1,5,Not at intersection,2,60,Arterial Highway,144.246034,-36.786771,20161217,BENDIGO
T20160027357,2016-12-19,17:10:00,1,Collision with vehicle,2,Monday,140,U TURN,1,312038,2,0,0,1,3,4,2,5,Not at intersection,3,60,Arterial Other,144.251497,-36.748441,20161219,BENDIGO
T20170000993,2016-12-19,05:15:00,3,Struck animal,2,Monday,167,STRUCK ANIMAL,2,19450,1,0,1,0,0,1,2,5,Not at intersection,2,100,Local Road,144.237941,-36.837183,20161219,BENDIGO
T20170003744,2016-12-20,18:00:00,1,Collision with vehicle,2,Tuesday,121,RIGHT THROUGH,1,51642,2,0,0,1,2,3,2,1,Cross intersection,3,50,Arterial Other,144.282891,-36.763372,20161220,BENDIGO
T20160027700,2016-12-22,08:00:00,4,Collision with a fixed object,4,Thursday,171,LEFT OFF CARRIAGEWAY INTO OBJECT/PARKED VEHICLE,1,358522,1,0,0,1,0,1,2,5,Not at intersection,3,100,,144.34979,-36.487255,20161222,BENDIGO
T20160028040,2016-12-22,20:10:00,6,Vehicle overturned (no collision),5,Thursday,180,OFF CARRIAGEWAY ON RIGHT BEND,2,19678,1,0,1,0,0,1,2,2,T intersection,2,80,Local Road,144.227589,-36.718638,20161222,BENDIGO
T20170000102,2016-12-24,17:30:00,1,Collision with vehicle,7,Saturday,147,VEHICLE STRIKES ANOTHER VEH WHILE EMERGING FROM DRIVEWAY,1,359429,2,0,0,1,1,2,1,5,Not at intersection,3,80,Local Road,144.779562,-36.927069,20161224,BENDIGO
T20160027754,2016-12-25,03:45:00,4,Collision with a fixed object,1,Sunday,175,OFF END OF ROAD/T-INTERSECTION.,3,51746,1,0,1,0,0,1,2,2,T intersection,2,80,Local Road,144.292655,-36.812626,20161225,BENDIGO
T20160027920,2016-12-27,17:40:00,1,Collision with vehicle,3,Tuesday,110,CROSS TRAFFIC(INTERSECTIONS ONLY),1,51611,2,0,1,0,4,5,1,4,Multiple intersection,2,50,Local Road,144.284187,-36.758561,20161227,BENDIGO
T20160028010,2016-12-29,09:56:00,3,Struck animal,4,Thursday,167,STRUCK ANIMAL,1,312343,1,0,0,1,2,3,1,5,Not at intersection,3,100,,144.246046,-36.59946,20161229,BENDIGO
T20160028112,2016-12-30,19:00:00,4,Collision with a fixed object,6,Friday,173,RIGHT OFF CARRIAGEWAY INTO OBJECT/PARKED VEHICLE,1,312659,1,0,0,1,0,1,1,1,Cross intersection,3,100,,144.57598,-36.442977,20161230,BENDIGO
T20160028118,2016-12-30,21:30:00,4,Collision with a fixed object,6,Friday,181,OFF RIGHT BEND INTO OBJECT/PARKED VEHICLE,5,313900,1,0,1,0,0,1,1,5,Not at intersection,2,100,Arterial Highway,144.543279,-36.59925,20161230,BENDIGO
T20170000132,2017-01-03,21:30:00,1,Collision with vehicle,3,Tuesday,130,REAR END(VEHICLES IN SAME LANE),3,51639,2,0,0,1,0,1,2,1,Cross intersection,3,888,Arterial Other,144.246839,-36.762926,20170103,BENDIGO
T20170000247,2017-01-05,15:30:00,1,Collision with vehicle,5,Thursday,110,CROSS TRAFFIC(INTERSECTIONS ONLY),1,59295,2,0,1,0,2,3,1,1,Cross intersection,2,100,Arterial Other,144.380423,-36.48718,20170105,BENDIGO
T20170000396,2017-01-08,11:50:00,1,Collision with vehicle,0,Sunday,140,U TURN,1,312724,3,0,1,0,1,2,1,5,Not at intersection,2,60,Arterial Other,144.265252,-36.734178,20170108,BENDIGO
T20170000463,2017-01-09,13:40:00,1,Collision with vehicle,2,Monday,110,CROSS TRAFFIC(INTERSECTIONS ONLY),1,59498,2,0,0,1,1,2,1,1,Cross intersection,3,60,Local Road,144.252311,-36.720395,20170109,BENDIGO
T20170000533,2017-01-10,19:20:00,1,Collision with vehicle,3,Tuesday,110,CROSS TRAFFIC(INTERSECTIONS ONLY),1,59730,2,0,0,3,0,3,1,1,Cross intersection,3,50,Local Road,144.292334,-36.763694,20170110,BENDIGO
T20170002337,2017-01-10,16:00:00,1,Collision with vehicle,3,Tuesday,160,VEHICLE COLLIDES WITH VEHICLE PARKED ON LEFT OF ROAD,1,313716,2,0,1,0,0,1,2,5,Not at intersection,2,60,Arterial Other,144.272972,-36.755823,20170110,BENDIGO
T20170000710,2017-01-13,08:50:00,8,No collision and no object struck,6,Friday,170,OFF CARRIAGEWAY TO LEFT,1,51628,1,0,0,1,0,1,1,1,Cross intersection,3,50,Arterial Other,144.283385,-36.761424,20170113,BENDIGO
T20170000818,2017-01-14,15:15:00,1,Collision with vehicle,7,Saturday,111,RIGHT FAR (INTERSECTIONS ONLY),1,59526,2,0,0,1,1,2,1,2,T intersection,3,50,Local Road,144.306143,-36.732036,20170114,BENDIGO
T20170000904,2017-01-15,16:50:00,1,Collision with vehicle,1,Sunday,110,CROSS TRAFFIC(INTERSECTIONS ONLY),1,59295,2,1,2,0,0,3,1,1,Cross intersection,1,100,Arterial Other,144.380423,-36.48718,20170115,BENDIGO
T20170000898,2017-01-15,04:40:00,4,Collision with a fixed object,1,Sunday,173,RIGHT OFF CARRIAGEWAY INTO OBJECT/PARKED VEHICLE,3,51610,1,0,1,1,1,3,1,1,Cross intersection,2,60,Arterial Highway,144.298155,-36.758555,20170115,BENDIGO
T20170000934,2017-01-15,15:00:00,1,Collision with vehicle,1,Sunday,120,HEAD ON (NOT OVERTAKING),1,313367,2,0,0,1,1,2,1,5,Not at intersection,3,100,Arterial Highway,144.228879,-36.84881,20170115,BENDIGO
T20170000894,2017-01-15,20:45:00,1,Collision with vehicle,1,Sunday,160,VEHICLE COLLIDES WITH VEHICLE PARKED ON LEFT OF ROAD,1,312968,2,0,0,1,1,2,1,5,Not at intersection,3,50,,144.259351,-36.710701,20170115,BENDIGO
T20170000936,2017-01-16,13:15:00,1,Collision with vehicle,2,Monday,113,RIGHT NEAR (INTERSECTIONS ONLY),1,313011,2,0,0,1,3,4,1,2,T intersection,3,60,Arterial Highway,144.24691,-36.784831,20170116,BENDIGO
T20170001056,2017-01-18,07:15:00,1,Collision with vehicle,4,Wednesday,130,REAR END(VEHICLES IN SAME LANE),1,313372,2,0,1,0,1,2,1,5,Not at intersection,2,100,Local Road,144.37573,-36.68004,20170118,BENDIGO
T20170001054,2017-01-18,09:07:00,1,Collision with vehicle,4,Wednesday,130,REAR END(VEHICLES IN SAME LANE),1,313586,2,0,0,1,1,2,1,5,Not at intersection,3,60,,144.293982,-36.745581,20170118,BENDIGO
T20170002048,2017-01-20,03:50:00,8,No collision and no object struck,6,Friday,180,OFF CARRIAGEWAY ON RIGHT BEND,6,313630,1,0,1,0,0,1,2,5,Not at intersection,2,999,Local Road,144.25962,-36.730101,20170120,BENDIGO
T20170001557,2017-01-25,10:15:00,8,No collision and no object struck,4,Wednesday,174,OUT OF CONTROL ON CARRIAGEWAY (ON STRAIGHT),1,313306,1,0,0,1,0,1,2,5,Not at intersection,3,60,Arterial Other,144.301502,-36.772077,20170125,BENDIGO
T20170001602,2017-01-26,12:45:00,1,Collision with vehicle,5,Thursday,121,RIGHT THROUGH,1,19431,2,0,0,2,6,8,1,1,Cross intersection,3,50,Arterial Highway,144.284313,-36.75549,20170126,BENDIGO
T20170001696,2017-01-27,15:45:00,1,Collision with vehicle,6,Friday,113,RIGHT NEAR (INTERSECTIONS ONLY),1,59889,2,0,0,2,3,5,1,2,T intersection,3,100,Local Road,144.263417,-36.82154,20170127,BENDIGO
T20170004524,2017-01-28,21:40:00,1,Collision with vehicle,7,Saturday,130,REAR END(VEHICLES IN SAME LANE),6,50485,2,0,0,3,1,4,2,2,T intersection,3,60,Arterial Highway,144.158348,-36.844421,20170128,BENDIGO
T20170002286,2017-02-05,13:00:00,1,Collision with vehicle,1,Sunday,120,HEAD ON (NOT OVERTAKING),1,314872,2,0,2,0,0,2,1,5,Not at intersection,2,100,Arterial Highway,144.437758,-36.639278,20170205,BENDIGO
T20170002296,2017-02-05,19:45:00,4,Collision with a fixed object,1,Sunday,181,OFF RIGHT BEND INTO OBJECT/PARKED VEHICLE,5,315266,1,0,1,0,0,1,1,5,Not at intersection,2,100,Arterial Other,144.217043,-36.664869,20170205,BENDIGO
T20170002506,2017-02-08,16:00:00,1,Collision with vehicle,4,Wednesday,110,CROSS TRAFFIC(INTERSECTIONS ONLY),1,59821,2,0,0,6,4,10,1,1,Cross intersection,3,50,Local Road,144.242914,-36.77831,20170208,BENDIGO
T20170002581,2017-02-09,15:15:00,1,Collision with vehicle,5,Thursday,110,CROSS TRAFFIC(INTERSECTIONS ONLY),1,54256,3,0,0,1,1,2,1,1,Cross intersection,3,50,Local Road,144.264673,-36.762666,20170209,BENDIGO
T20170002676,2017-02-10,15:10:00,1,Collision with vehicle,6,Friday,110,CROSS TRAFFIC(INTERSECTIONS ONLY),1,29983,2,0,1,0,1,2,1,1,Cross intersection,2,60,Arterial Highway,144.266509,-36.767121,20170210,BENDIGO
T20170002724,2017-02-10,20:30:00,3,Struck animal,6,Friday,167,STRUCK ANIMAL,5,313937,1,0,2,0,0,2,2,5,Not at intersection,2,100,Arterial Other,144.481433,-36.842029,20170210,BENDIGO
T20170002751,2017-02-11,16:45:00,8,No collision and no object struck,7,Saturday,174,OUT OF CONTROL ON CARRIAGEWAY (ON STRAIGHT),1,313944,1,0,1,0,0,1,1,5,Not at intersection,2,100,Local Road,144.263059,-36.8112,20170211,BENDIGO
T20170002728,2017-02-11,08:45:00,4,Collision with a fixed object,7,Saturday,173,RIGHT OFF CARRIAGEWAY INTO OBJECT/PARKED VEHICLE,1,316733,1,0,0,1,0,1,1,5,Not at intersection,3,100,Arterial Highway,144.139594,-36.778897,20170211,BENDIGO
T20170003216,2017-02-17,14:30:00,1,Collision with vehicle,6,Friday,121,RIGHT THROUGH,1,30031,2,0,0,1,1,2,1,1,Cross intersection,3,60,Arterial Highway,144.291933,-36.757373,20170217,BENDIGO
T20170003187,2017-02-17,08:45:00,1,Collision with vehicle,6,Friday,130,REAR END(VEHICLES IN SAME LANE),1,314251,3,0,0,1,3,4,1,5,Not at intersection,3,60,Arterial Highway,144.29346,-36.74625,20170217,BENDIGO
T20170003273,2017-02-18,14:50:00,1,Collision with vehicle,7,Saturday,121,RIGHT THROUGH,1,226675,2,0,1,0,2,3,1,2,T intersection,2,60,Local Road,144.309724,-36.704363,20170218,BENDIGO
T20170003316,2017-02-18,23:15:00,4,Collision with a fixed object,6,Saturday,181,OFF RIGHT BEND INTO OBJECT/PARKED VEHICLE,6,359440,1,0,0,1,0,1,1,5,Not at intersection,3,50,,144.70491,-36.91318,20170218,BENDIGO
T20170007717,2017-02-19,16:00:00,6,Vehicle overturned (no collision),1,Sunday,174,OUT OF CONTROL ON CARRIAGEWAY (ON STRAIGHT),9,316457,1,0,0,1,0,1,2,5,Not at intersection,3,80,Local Road,144.367525,-36.77315,20170219,BENDIGO
T20170003541,2017-02-22,08:40:00,1,Collision with vehicle,4,Wednesday,130,REAR END(VEHICLES IN SAME LANE),1,314372,2,0,1,0,2,3,2,5,Not at intersection,2,100,Arterial Highway,144.589395,-36.522332,20170222,BENDIGO
T20170003631,2017-02-22,12:00:00,1,Collision with vehicle,3,Wednesday,121,RIGHT THROUGH,1,51589,2,0,0,1,1,2,2,1,Cross intersection,3,60,Arterial Highway,144.28617,-36.754117,20170222,BENDIGO
T20170003661,2017-02-23,13:15:00,4,Collision with a fixed object,5,Thursday,183,OFF LEFT BEND INTO OBJECT/PARKED VEHICLE,1,316006,1,0,0,1,0,1,1,5,Not at intersection,3,100,,144.229411,-36.84582,20170223,BENDIGO
T20170007967,2017-02-26,12:45:00,1,Collision with vehicle,0,Sunday,121,RIGHT THROUGH,1,300826,2,0,0,1,1,2,2,2,T intersection,3,60,Local Road,144.278368,-36.785342,20170226,BENDIGO
T20170006648,2017-02-27,07:00:00,4,Collision with a fixed object,2,Monday,171,LEFT OFF CARRIAGEWAY INTO OBJECT/PARKED VEHICLE,1,315760,1,1,0,0,0,1,2,5,Not at intersection,1,100,,144.58445,-36.56,20170227,BENDIGO
T20170003961,2017-02-27,13:00:00,1,Collision with vehicle,1,Monday,110,CROSS TRAFFIC(INTERSECTIONS ONLY),1,51677,2,0,0,1,1,2,1,1,Cross intersection,3,60,Arterial Highway,144.259259,-36.772197,20170227,BENDIGO
T20170004028,2017-02-28,00:30:00,4,Collision with a fixed object,3,Tuesday,171,LEFT OFF CARRIAGEWAY INTO OBJECT/PARKED VEHICLE,3,49321,1,0,0,1,0,1,1,1,Cross intersection,3,50,Arterial Other,144.305216,-36.773247,20170228,BENDIGO
T20170007972,2017-03-03,11:00:00,8,No collision and no object struck,5,Friday,179,OTHER ACCIDENTS-OFF STRAIGHT NOT INCLUDED IN DCAs 170-175,1,316563,1,0,0,1,0,1,2,5,Not at intersection,3,100,Arterial Highway,144.39471,-36.771378,20170303,BENDIGO
T20170005407,2017-03-04,07:45:00,8,No collision and no object struck,7,Saturday,174,OUT OF CONTROL ON CARRIAGEWAY (ON STRAIGHT),1,51674,1,0,0,1,0,1,2,1,Cross intersection,3,50,Arterial Other,144.278493,-36.77098,20170304,BENDIGO
T20170004625,2017-03-07,10:50:00,4,Collision with a fixed object,2,Tuesday,175,OFF END OF ROAD/T-INTERSECTION.,1,51502,1,0,1,0,0,1,1,2,T intersection,2,60,Local Road,144.266154,-36.713177,20170307,BENDIGO
T20170004735,2017-03-08,18:20:00,1,Collision with vehicle,3,Wednesday,140,U TURN,1,358771,2,0,0,1,1,2,1,5,Not at intersection,3,50,Arterial Highway,144.28266,-36.75665,20170308,BENDIGO
T20170011064,2017-03-10,19:30:00,8,No collision and no object struck,6,Friday,170,OFF CARRIAGEWAY TO LEFT,2,318240,2,0,0,1,1,2,2,5,Not at intersection,3,100,,144.655657,-36.425859,20170310,BENDIGO
T20170004950,2017-03-11,12:15:00,1,Collision with vehicle,7,Saturday,130,REAR END(VEHICLES IN SAME LANE),1,59524,3,0,1,0,3,4,1,1,Cross intersection,2,60,Arterial Highway,144.304867,-36.731458,20170311,BENDIGO
T20170005191,2017-03-13,21:00:00,5,collision with some other object,2,Monday,166,STRUCK OBJECT ON CARRIAGEWAY,5,315133,1,0,0,1,1,2,1,5,Not at intersection,3,100,Arterial Highway,144.543709,-36.598769,20170313,BENDIGO
T20170005151,2017-03-14,13:30:00,4,Collision with a fixed object,3,Tuesday,183,OFF LEFT BEND INTO OBJECT/PARKED VEHICLE,1,318772,1,0,1,0,0,1,1,2,T intersection,2,100,,144.136487,-36.775811,20170314,BENDIGO
T20170005235,2017-03-15,17:30:00,1,Collision with vehicle,4,Wednesday,121,RIGHT THROUGH,1,49322,2,0,1,0,1,2,1,2,T intersection,2,60,Local Road,144.289085,-36.777052,20170315,BENDIGO
T20170005290,2017-03-16,09:47:00,1,Collision with vehicle,4,Thursday,121,RIGHT THROUGH,1,51603,2,0,2,0,0,2,1,4,Multiple intersection,2,60,Arterial Other,144.271231,-36.756737,20170316,BENDIGO
T20170005671,2017-03-17,06:40:00,4,Collision with a fixed object,6,Friday,183,OFF LEFT BEND INTO OBJECT/PARKED VEHICLE,2,316804,1,0,1,0,0,1,2,5,Not at intersection,2,100,,144.518963,-36.627058,20170317,BENDIGO
T20170005596,2017-03-20,08:00:00,1,Collision with vehicle,2,Monday,110,CROSS TRAFFIC(INTERSECTIONS ONLY),1,51922,2,0,1,0,1,2,1,1,Cross intersection,2,60,Arterial Other,144.346269,-36.801,20170320,BENDIGO
T20170005715,2017-03-21,17:25:00,4,Collision with a fixed object,3,Tuesday,171,LEFT OFF CARRIAGEWAY INTO OBJECT/PARKED VEHICLE,1,317075,1,0,4,0,0,4,1,5,Not at intersection,2,80,Arterial Highway,144.218782,-36.751849,20170321,BENDIGO
T20170005714,2017-03-21,17:40:00,1,Collision with vehicle,3,Tuesday,121,RIGHT THROUGH,1,51729,2,0,0,1,2,3,1,1,Cross intersection,3,50,Local Road,144.245383,-36.797048,20170321,BENDIGO
T20170006082,2017-03-26,08:30:00,1,Collision with vehicle,1,Sunday,121,RIGHT THROUGH,1,51610,2,0,0,1,1,2,2,1,Cross intersection,3,50,Arterial Highway,144.298155,-36.758555,20170326,BENDIGO
T20170006183,2017-03-27,14:25:00,2,Struck Pedestrian,2,Monday,101,PED EMERGES FROM IN FRONT OF PARKED OR STATIONARY VEHICLE,1,315910,1,0,1,0,1,2,1,5,Not at intersection,2,60,Local Road,144.290238,-36.749412,20170327,BENDIGO
T20170006182,2017-03-27,18:10:00,3,Struck animal,2,Monday,167,STRUCK ANIMAL,1,51916,1,0,0,1,2,3,1,1,Cross intersection,3,60,Arterial Highway,144.316158,-36.705155,20170327,BENDIGO
T20170006309,2017-03-29,04:00:00,4,Collision with a fixed object,4,Wednesday,181,OFF RIGHT BEND INTO OBJECT/PARKED VEHICLE,5,316455,1,0,0,1,0,1,1,5,Not at intersection,3,100,Local Road,144.403439,-36.654899,20170329,BENDIGO
T20170006565,2017-03-29,06:50:00,1,Collision with vehicle,3,Wednesday,111,RIGHT FAR (INTERSECTIONS ONLY),3,51527,2,0,0,1,1,2,2,1,Cross intersection,3,40,Local Road,144.304989,-36.729089,20170329,BENDIGO
T20170006622,2017-04-02,10:25:00,1,Collision with vehicle,1,Sunday,120,HEAD ON (NOT OVERTAKING),1,316017,2,0,1,0,1,2,1,5,Not at intersection,2,60,Arterial Highway,144.24759,-36.759596,20170402,BENDIGO