ACCIDENT_NO,ACCIDENT_DATE,ACCIDENT_TIME,ACCIDENT_TYPE,ACCIDENT_TYPE_DESC,DAY_OF_WEEK,DAY_WEEK_DESC,DCA_CODE,DCA_DESC,LIGHT_CONDITION,NODE_ID,NO_OF_VEHICLES,NO_PERSONS_KILLED,NO_PERSONS_INJ_2,NO_PERSONS_INJ_3,NO_PERSONS_NOT_INJ,NO_PERSONS,POLICE_ATTEND,ROAD_GEOMETRY,ROAD_GEOMETRY_DESC,SEVERITY,SPEED_ZONE,RMA, LAT, LONG, DATE, COUNCIL
T20170006665,2017-04-03,05:45:00,1,Collision with vehicle,2,Monday,113,RIGHT NEAR (INTERSECTIONS ONLY),3,243933,2,0,0,1,1,2,1,2,T intersection,3,60,Arterial Highway,144.227707,-36.76004,20170403,BENDIGO
T20170006692,2017-04-03,12:25:00,1,Collision with vehicle,2,Monday,113,RIGHT NEAR (INTERSECTIONS ONLY),1,51621,2,0,0,1,1,2,1,2,T intersection,3,80,Arterial Highway,144.324975,-36.760116,20170403,BENDIGO
T20170006832,2017-04-05,12:20:00,1,Collision with vehicle,4,Wednesday,113,RIGHT NEAR (INTERSECTIONS ONLY),1,51726,2,0,0,2,1,3,1,2,T intersection,3,50,Local Road,144.245839,-36.794992,20170405,BENDIGO
T20170006903,2017-04-06,07:20:00,1,Collision with vehicle,4,Thursday,112,LEFT FAR (INTERSECTIONS ONLY),1,776851,2,0,0,1,2,3,1,2,T intersection,3,50,Local Road,144.366864,-36.805715,20170406,BENDIGO
T20170006924,2017-04-06,14:10:00,1,Collision with vehicle,5,Thursday,121,RIGHT THROUGH,1,59716,2,0,1,3,0,4,1,2,T intersection,2,50,Local Road,144.286557,-36.760708,20170406,BENDIGO
T20170006987,2017-04-07,14:30:00,2,Struck Pedestrian,5,Friday,100,PED NEAR SIDE. PED HIT BY VEHICLE FROM THE RIGHT.,1,320118,1,0,1,0,1,2,1,5,Not at intersection,2,60,Arterial Highway,144.70573,-36.9191,20170407,BENDIGO
T20170007838,2017-04-07,14:45:00,2,Struck Pedestrian,6,Friday,100,PED NEAR SIDE. PED HIT BY VEHICLE FROM THE RIGHT.,1,318658,1,0,0,1,1,2,1,5,Not at intersection,3,60,Arterial Other,144.24303,-36.708262,20170407,BENDIGO
T20170007152,2017-04-09,12:02:00,4,Collision with a fixed object,1,Sunday,181,OFF RIGHT BEND INTO OBJECT/PARKED VEHICLE,1,316061,1,0,0,1,0,1,1,5,Not at intersection,3,100,Arterial Other,144.48962,-36.92477,20170409,BENDIGO
T20170007901,2017-04-09,00:12:00,4,Collision with a fixed object,1,Sunday,183,OFF LEFT BEND INTO OBJECT/PARKED VEHICLE,3,316603,1,0,0,1,0,1,1,5,Not at intersection,3,60,Arterial Highway,144.27276,-36.7615,20170409,BENDIGO
T20170007360,2017-04-11,22:43:00,4,Collision with a fixed object,3,Tuesday,181,OFF RIGHT BEND INTO OBJECT/PARKED VEHICLE,3,59589,1,0,0,1,1,2,1,2,T intersection,3,60,Arterial Highway,144.25826,-36.742992,20170411,BENDIGO
T20170007733,2017-04-11,07:45:00,3,Struck animal,3,Tuesday,167,STRUCK ANIMAL,1,316459,1,0,1,0,0,1,2,5,Not at intersection,2,80,Local Road,144.291911,-36.840301,20170411,BENDIGO
T20170007328,2017-04-11,16:00:00,1,Collision with vehicle,3,Tuesday,121,RIGHT THROUGH,1,316337,2,0,1,0,1,2,1,1,Cross intersection,2,60,,144.245145,-36.759813,20170411,BENDIGO
T20170007467,2017-04-13,13:39:00,4,Collision with a fixed object,5,Thursday,179,OTHER ACCIDENTS-OFF STRAIGHT NOT INCLUDED IN DCAs 170-175,1,316338,1,0,1,0,0,1,1,5,Not at intersection,2,50,Local Road,144.278813,-36.76658,20170413,BENDIGO
T20170008885,2017-04-14,12:30:00,4,Collision with a fixed object,5,Friday,181,OFF RIGHT BEND INTO OBJECT/PARKED VEHICLE,1,317145,1,0,0,2,0,2,2,2,T intersection,3,100,Local Road,144.76486,-36.953335,20170414,BENDIGO
T20170007539,2017-04-14,15:35:00,1,Collision with vehicle,6,Friday,110,CROSS TRAFFIC(INTERSECTIONS ONLY),1,19409,2,0,1,2,5,8,1,1,Cross intersection,2,100,Local Road,144.522812,-36.65015,20170414,BENDIGO
T20170007608,2017-04-15,21:55:00,4,Collision with a fixed object,6,Saturday,171,LEFT OFF CARRIAGEWAY INTO OBJECT/PARKED VEHICLE,3,317752,1,0,0,1,0,1,1,5,Not at intersection,3,60,Arterial Highway,144.297064,-36.741592,20170415,BENDIGO
T20170007884,2017-04-18,11:00:00,6,Vehicle overturned (no collision),3,Tuesday,172,OFF CARRIAGEWAY TO RIGHT,1,316714,1,0,1,0,0,1,2,5,Not at intersection,2,60,,144.488831,-36.559605,20170418,BENDIGO
T20170009120,2017-04-18,08:36:00,4,Collision with a fixed object,3,Tuesday,171,LEFT OFF CARRIAGEWAY INTO OBJECT/PARKED VEHICLE,1,317262,2,0,0,1,1,2,1,5,Not at intersection,3,100,Arterial Highway,144.751044,-36.960567,20170418,BENDIGO
T20170007860,2017-04-19,04:30:00,6,Vehicle overturned (no collision),4,Wednesday,170,OFF CARRIAGEWAY TO LEFT,5,316483,1,0,0,1,0,1,1,5,Not at intersection,3,100,Arterial Highway,144.12943,-36.7504,20170419,BENDIGO
T20170007804,2017-04-19,08:40:00,1,Collision with vehicle,4,Wednesday,130,REAR END(VEHICLES IN SAME LANE),1,316456,3,0,1,0,2,3,1,5,Not at intersection,2,40,Arterial Highway,144.302331,-36.73476,20170419,BENDIGO
T20170007943,2017-04-21,09:48:00,1,Collision with vehicle,6,Friday,143,ENTERING PARKING,1,316561,2,0,1,0,1,2,1,5,Not at intersection,2,60,Arterial Highway,144.29351,-36.757611,20170421,BENDIGO
T20170007992,2017-04-21,13:45:00,1,Collision with vehicle,6,Friday,120,HEAD ON (NOT OVERTAKING),1,316508,3,1,1,0,1,3,1,5,Not at intersection,1,100,Arterial Highway,144.498709,-36.617178,20170421,BENDIGO
T20170008332,2017-04-22,12:15:00,6,Vehicle overturned (no collision),7,Saturday,174,OUT OF CONTROL ON CARRIAGEWAY (ON STRAIGHT),1,51626,1,0,0,1,0,1,2,1,Cross intersection,3,40,Local Road,144.263182,-36.760969,20170422,BENDIGO
T20170008064,2017-04-22,19:15:00,1,Collision with vehicle,7,Saturday,120,HEAD ON (NOT OVERTAKING),3,317036,2,0,0,1,1,2,1,1,Cross intersection,3,60,Arterial Highway,144.248882,-36.781641,20170422,BENDIGO
T20170009225,2017-04-23,20:30:00,6,Vehicle overturned (no collision),1,Sunday,174,OUT OF CONTROL ON CARRIAGEWAY (ON STRAIGHT),2,317220,1,0,1,0,0,1,2,5,Not at intersection,2,50,Local Road,144.28778,-36.76179,20170423,BENDIGO
T20170008100,2017-04-23,10:40:00,2,Struck Pedestrian,1,Sunday,107,PED ON FOOTHPATH STRUCK BY VEHENTERING/LEAVING DRIVEWAY.,1,316841,1,0,1,0,1,2,1,5,Not at intersection,2,60,Local Road,144.718368,-36.937071,20170423,BENDIGO
T20170008185,2017-04-24,15:40:00,4,Collision with a fixed object,2,Monday,173,RIGHT OFF CARRIAGEWAY INTO OBJECT/PARKED VEHICLE,1,318662,1,0,1,0,0,1,1,5,Not at intersection,2,60,Local Road,144.389345,-36.839889,20170424,BENDIGO
T20170008270,2017-04-26,08:38:00,3,Struck animal,4,Wednesday,167,STRUCK ANIMAL,1,316853,1,0,1,0,0,1,1,5,Not at intersection,2,100,Local Road,144.31171,-36.814564,20170426,BENDIGO
T20170008313,2017-04-26,14:50:00,4,Collision with a fixed object,4,Wednesday,173,RIGHT OFF CARRIAGEWAY INTO OBJECT/PARKED VEHICLE,1,316735,2,0,1,0,2,3,1,5,Not at intersection,2,100,Local Road,144.37933,-36.678979,20170426,BENDIGO
T20170008372,2017-04-27,09:25:00,1,Collision with vehicle,5,Thursday,110,CROSS TRAFFIC(INTERSECTIONS ONLY),1,29980,2,0,1,0,1,2,1,1,Cross intersection,2,70,Arterial Highway,144.31319,-36.759376,20170427,BENDIGO
T20170008376,2017-04-27,10:40:00,4,Collision with a fixed object,5,Thursday,181,OFF RIGHT BEND INTO OBJECT/PARKED VEHICLE,1,317076,1,0,0,1,0,1,1,5,Not at intersection,3,60,Local Road,144.229551,-36.81735,20170427,BENDIGO
T20170008396,2017-04-27,18:15:00,4,Collision with a fixed object,5,Thursday,171,LEFT OFF CARRIAGEWAY INTO OBJECT/PARKED VEHICLE,3,317057,1,0,2,1,0,3,1,5,Not at intersection,2,60,Arterial Highway,144.334015,-36.664316,20170427,BENDIGO
T20170008594,2017-04-28,10:40:00,1,Collision with vehicle,6,Friday,130,REAR END(VEHICLES IN SAME LANE),1,316875,2,0,0,1,1,2,1,5,Not at intersection,3,60,Arterial Highway,144.248711,-36.781871,20170428,BENDIGO
T20170008428,2017-04-28,12:00:00,8,No collision and no object struck,6,Friday,174,OUT OF CONTROL ON CARRIAGEWAY (ON STRAIGHT),1,49318,1,0,0,1,0,1,1,4,Multiple intersection,3,60,Arterial Highway,144.287376,-36.758373,20170428,BENDIGO
T20170008532,2017-04-29,16:50:00,4,Collision with a fixed object,7,Saturday,183,OFF LEFT BEND INTO OBJECT/PARKED VEHICLE,1,318341,1,0,0,1,0,1,1,5,Not at intersection,3,100,Arterial Other,144.744223,-36.767371,20170429,BENDIGO
T20170008621,2017-05-01,18:10:00,4,Collision with a fixed object,2,Monday,181,OFF RIGHT BEND INTO OBJECT/PARKED VEHICLE,5,317037,1,0,1,0,0,1,1,5,Not at intersection,2,80,,144.46523,-36.927461,20170501,BENDIGO
T20170008901,2017-05-02,21:22:00,1,Collision with vehicle,3,Tuesday,121,RIGHT THROUGH,3,51700,2,0,2,0,1,3,1,1,Cross intersection,2,60,Arterial Highway,144.250247,-36.779793,20170502,BENDIGO
T20170010635,2017-05-02,08:45:00,1,Collision with vehicle,2,Tuesday,130,REAR END(VEHICLES IN SAME LANE),1,318657,4,0,0,1,4,5,1,5,Not at intersection,3,60,Arterial Highway,144.302609,-36.734399,20170502,BENDIGO
T20170008859,2017-05-04,19:45:00,8,No collision and no object struck,5,Thursday,182,OFF CARRIAGEWAY ON LEFT BEND,3,317105,1,0,1,0,0,1,1,2,T intersection,2,60,Arterial Other,144.283159,-36.754641,20170504,BENDIGO
T20170008802,2017-05-04,08:20:00,2,Struck Pedestrian,5,Thursday,100,PED NEAR SIDE. PED HIT BY VEHICLE FROM THE RIGHT.,1,317077,1,0,1,0,2,3,1,5,Not at intersection,2,60,Arterial Highway,144.258311,-36.74423,20170504,BENDIGO
T20170008921,2017-05-05,18:57:00,1,Collision with vehicle,6,Friday,130,REAR END(VEHICLES IN SAME LANE),3,51684,4,0,0,1,3,4,1,1,Cross intersection,3,60,Arterial Highway,144.257285,-36.773597,20170505,BENDIGO
T20170009112,2017-05-08,23:15:00,1,Collision with vehicle,2,Monday,119,OTHER ADJACENT (INTERSECTIONS ONLY),3,233303,2,0,0,1,0,1,1,2,T intersection,3,60,,144.264847,-36.712077,20170508,BENDIGO
T20170009113,2017-05-09,01:40:00,1,Collision with vehicle,3,Tuesday,110,CROSS TRAFFIC(INTERSECTIONS ONLY),3,51713,2,0,1,0,1,2,1,1,Cross intersection,2,60,Arterial Highway,144.246673,-36.785355,20170509,BENDIGO
T20170009258,2017-05-10,22:50:00,1,Collision with vehicle,4,Wednesday,121,RIGHT THROUGH,4,51593,2,0,0,1,2,3,1,1,Cross intersection,3,60,Arterial Other,144.274076,-36.755246,20170510,BENDIGO
T20170009216,2017-05-10,08:40:00,1,Collision with vehicle,3,Wednesday,113,RIGHT NEAR (INTERSECTIONS ONLY),1,59589,2,0,1,3,0,4,1,2,T intersection,2,60,Arterial Highway,144.25826,-36.742992,20170510,BENDIGO
T20170010330,2017-05-12,14:00:00,1,Collision with vehicle,5,Friday,130,REAR END(VEHICLES IN SAME LANE),1,51561,2,0,0,1,1,2,2,1,Cross intersection,3,60,Arterial Highway,144.258109,-36.746919,20170512,BENDIGO
T20170009364,2017-05-12,15:35:00,2,Struck Pedestrian,6,Friday,109,ANY MANOEUVRE INVOLVING PED NOT INCLUDED IN DCAs 100-108.,1,51584,2,0,0,1,6,7,1,2,T intersection,3,60,Local Road,144.294246,-36.752285,20170512,BENDIGO
T20170012231,2017-05-15,15:00:00,4,Collision with a fixed object,2,Monday,181,OFF RIGHT BEND INTO OBJECT/PARKED VEHICLE,1,320126,1,0,1,0,0,1,1,5,Not at intersection,2,100,Arterial Other,144.557672,-37.013212,20170515,BENDIGO
T20170009639,2017-05-16,18:50:00,1,Collision with vehicle,2,Tuesday,132,RIGHT REAR.,3,51725,2,0,0,2,2,4,1,1,Cross intersection,3,50,Arterial Highway,144.244408,-36.794778,20170516,BENDIGO
T20170009913,2017-05-19,17:30:00,1,Collision with vehicle,6,Friday,130,REAR END(VEHICLES IN SAME LANE),2,35812,3,0,0,1,2,3,2,1,Cross intersection,3,60,Arterial Highway,144.268039,-36.758417,20170519,BENDIGO
T20170013154,2017-05-21,01:00:00,2,Struck Pedestrian,0,Sunday,109,ANY MANOEUVRE INVOLVING PED NOT INCLUDED IN DCAs 100-108.,3,319151,1,0,0,1,1,2,2,5,Not at intersection,3,50,Local Road,144.284632,-36.756832,20170521,BENDIGO
T20170009990,2017-05-22,11:08:00,2,Struck Pedestrian,2,Monday,102,FAR SIDE. PED HIT BY VEHICLE FROM THE LEFT,1,30031,1,0,1,0,1,2,1,1,Cross intersection,2,60,Arterial Highway,144.291933,-36.757373,20170522,BENDIGO
T20170010705,2017-05-24,10:00:00,1,Collision with vehicle,4,Wednesday,110,CROSS TRAFFIC(INTERSECTIONS ONLY),1,51750,2,0,0,1,1,2,2,1,Cross intersection,3,100,Local Road,144.302781,-36.826515,20170524,BENDIGO
T20170010261,2017-05-25,13:30:00,1,Collision with vehicle,5,Thursday,130,REAR END(VEHICLES IN SAME LANE),1,51627,4,0,1,0,3,4,2,1,Cross intersection,2,60,Arterial Highway,144.273591,-36.761102,20170525,BENDIGO
T20170010336,2017-05-26,18:05:00,1,Collision with vehicle,5,Friday,121,RIGHT THROUGH,3,51916,2,0,0,1,1,2,1,1,Cross intersection,3,60,Arterial Highway,144.316158,-36.705155,20170526,BENDIGO
T20170010342,2017-05-27,11:10:00,1,Collision with vehicle,7,Saturday,116,LEFT NEAR (INTERSECTIONS ONLY),1,59798,2,0,2,2,1,5,1,1,Cross intersection,2,50,Local Road,144.260144,-36.773124,20170527,BENDIGO
T20170011023,2017-05-28,20:05:00,4,Collision with a fixed object,1,Sunday,173,RIGHT OFF CARRIAGEWAY INTO OBJECT/PARKED VEHICLE,5,318166,1,0,0,1,0,1,1,5,Not at intersection,3,50,Local Road,144.332555,-36.709426,20170528,BENDIGO
T20170010396,2017-05-28,07:15:00,4,Collision with a fixed object,1,Sunday,171,LEFT OFF CARRIAGEWAY INTO OBJECT/PARKED VEHICLE,5,317880,1,0,0,1,0,1,2,5,Not at intersection,3,100,,144.640201,-36.44631,20170528,BENDIGO
T20170010530,2017-05-29,21:15:00,6,Vehicle overturned (no collision),2,Monday,184,OUT OF CONTROL ON CARRIAGEWAY (ON BEND),5,303953,1,0,1,0,0,1,1,2,T intersection,2,100,Arterial Highway,144.536014,-36.60482,20170529,BENDIGO
T20170010581,2017-05-30,16:30:00,2,Struck Pedestrian,2,Tuesday,100,PED NEAR SIDE. PED HIT BY VEHICLE FROM THE RIGHT.,2,358821,1,0,0,1,2,3,1,5,Not at intersection,3,60,Arterial Other,144.281761,-36.748939,20170530,BENDIGO
T20170010650,2017-05-31,15:01:00,1,Collision with vehicle,4,Wednesday,130,REAR END(VEHICLES IN SAME LANE),1,318746,4,0,0,6,4,10,1,5,Not at intersection,3,60,Arterial Highway,144.302887,-36.734039,20170531,BENDIGO
T20170010711,2017-06-01,08:30:00,1,Collision with vehicle,5,Thursday,160,VEHICLE COLLIDES WITH VEHICLE PARKED ON LEFT OF ROAD,1,319473,2,0,1,0,0,1,2,2,T intersection,2,50,Local Road,144.270295,-36.751798,20170601,BENDIGO
T20170010910,2017-06-03,17:00:00,2,Struck Pedestrian,6,Saturday,105,PED WALKING AGAINST TRAFFIC.,1,318122,1,0,0,1,1,2,1,5,Not at intersection,3,60,Arterial Other,144.252026,-36.749521,20170603,BENDIGO
T20170010860,2017-06-03,16:40:00,2,Struck Pedestrian,7,Saturday,102,FAR SIDE. PED HIT BY VEHICLE FROM THE LEFT,1,318165,1,0,1,0,1,2,1,5,Not at intersection,2,60,Local Road,144.303809,-36.775159,20170603,BENDIGO
T20170010994,2017-06-05,11:15:00,6,Vehicle overturned (no collision),2,Monday,174,OUT OF CONTROL ON CARRIAGEWAY (ON STRAIGHT),1,318307,1,0,1,0,0,1,2,5,Not at intersection,2,100,Local Road,144.785134,-36.846277,20170605,BENDIGO
T20170011092,2017-06-06,18:47:00,1,Collision with vehicle,3,Tuesday,113,RIGHT NEAR (INTERSECTIONS ONLY),3,51746,2,0,1,1,0,2,1,2,T intersection,2,100,Local Road,144.292655,-36.812626,20170606,BENDIGO
T20170011165,2017-06-07,10:55:00,2,Struck Pedestrian,4,Wednesday,102,FAR SIDE. PED HIT BY VEHICLE FROM THE LEFT,1,44715,1,0,0,1,1,2,1,1,Cross intersection,3,60,Arterial Highway,144.253698,-36.718652,20170607,BENDIGO
T20170011343,2017-06-09,18:30:00,4,Collision with a fixed object,5,Friday,171,LEFT OFF CARRIAGEWAY INTO OBJECT/PARKED VEHICLE,5,319548,1,0,0,1,0,1,1,5,Not at intersection,3,100,,144.201669,-36.821465,20170609,BENDIGO
T20170011317,2017-06-09,15:40:00,1,Collision with vehicle,6,Friday,130,REAR END(VEHICLES IN SAME LANE),1,319781,2,0,0,1,1,2,1,5,Not at intersection,3,40,Arterial Highway,144.285123,-36.754882,20170609,BENDIGO
T20170011310,2017-06-09,15:00:00,1,Collision with vehicle,6,Friday,110,CROSS TRAFFIC(INTERSECTIONS ONLY),1,59498,2,0,1,2,0,3,1,1,Cross intersection,2,60,Local Road,144.252311,-36.720395,20170609,BENDIGO
T20170012056,2017-06-10,17:00:00,4,Collision with a fixed object,6,Saturday,189,OTHER ACCIDENTS ON CURVE NOT INCLUDED IN DCAs 180-184,2,599747,1,0,1,0,0,1,2,5,Not at intersection,2,888,Local Road,144.489992,-36.901895,20170610,BENDIGO
T20170011511,2017-06-11,21:00:00,6,Vehicle overturned (no collision),1,Sunday,172,OFF CARRIAGEWAY TO RIGHT,5,318395,1,0,0,1,0,1,1,5,Not at intersection,3,100,,144.115801,-36.74234,20170611,BENDIGO
T20170011513,2017-06-12,16:50:00,1,Collision with vehicle,2,Monday,133,LANE SIDE SWIPE (VEHICLES IN PARALLEL LANES),1,318450,2,0,1,0,1,2,1,2,T intersection,2,80,Local Road,144.297136,-36.702756,20170612,BENDIGO
T20170011581,2017-06-13,18:57:00,1,Collision with vehicle,2,Tuesday,147,VEHICLE STRIKES ANOTHER VEH WHILE EMERGING FROM DRIVEWAY,3,307924,2,0,0,1,2,3,1,5,Not at intersection,3,70,Arterial Highway,144.240366,-36.810193,20170613,BENDIGO
T20170011752,2017-06-15,19:20:00,3,Struck animal,5,Thursday,167,STRUCK ANIMAL,5,318649,1,0,0,1,0,1,2,2,T intersection,3,100,Arterial Other,144.169552,-36.810927,20170615,BENDIGO
T20170011829,2017-06-16,20:20:00,1,Collision with vehicle,6,Friday,171,LEFT OFF CARRIAGEWAY INTO OBJECT/PARKED VEHICLE,3,359485,3,0,0,2,1,3,1,5,Not at intersection,3,50,Local Road,144.272119,-36.725511,20170616,BENDIGO
T20170013721,2017-06-17,09:30:00,1,Collision with vehicle,7,Saturday,130,REAR END(VEHICLES IN SAME LANE),1,50485,2,0,0,1,1,2,2,2,T intersection,3,100,Arterial Highway,144.158348,-36.844421,20170617,BENDIGO
T20170012094,2017-06-20,18:10:00,1,Collision with vehicle,3,Tuesday,160,VEHICLE COLLIDES WITH VEHICLE PARKED ON LEFT OF ROAD,3,318690,2,0,0,1,0,1,1,5,Not at intersection,3,60,,144.26219,-36.72921,20170620,BENDIGO
T20170012112,2017-06-20,20:45:00,1,Collision with vehicle,3,Tuesday,120,HEAD ON (NOT OVERTAKING),5,318698,2,0,2,0,0,2,1,5,Not at intersection,2,100,Arterial Other,144.206351,-36.65254,20170620,BENDIGO
T20170012078,2017-06-20,15:00:00,1,Collision with vehicle,3,Tuesday,121,RIGHT THROUGH,1,19431,2,0,0,3,1,4,1,1,Cross intersection,3,60,Arterial Highway,144.284313,-36.75549,20170620,BENDIGO
T20170012189,2017-06-21,21:35:00,2,Struck Pedestrian,3,Wednesday,100,PED NEAR SIDE. PED HIT BY VEHICLE FROM THE RIGHT.,3,318860,1,0,0,1,1,2,1,5,Not at intersection,3,50,Local Road,144.273283,-36.744203,20170621,BENDIGO
T20170012160,2017-06-21,17:45:00,2,Struck Pedestrian,4,Wednesday,102,FAR SIDE. PED HIT BY VEHICLE FROM THE LEFT,3,318744,1,0,0,1,1,2,1,1,Cross intersection,3,60,Local Road,144.2938,-36.761624,20170621,BENDIGO
T20170012376,2017-06-24,14:15:00,1,Collision with vehicle,7,Saturday,160,VEHICLE COLLIDES WITH VEHICLE PARKED ON LEFT OF ROAD,1,319786,3,0,0,3,0,3,1,5,Not at intersection,3,50,Local Road,144.292272,-36.78276,20170624,BENDIGO
T20170012563,2017-06-27,13:04:00,1,Collision with vehicle,3,Tuesday,113,RIGHT NEAR (INTERSECTIONS ONLY),1,59866,2,0,0,1,1,2,1,2,T intersection,3,60,Arterial Other,144.242379,-36.79659,20170627,BENDIGO
T20170012602,2017-06-27,22:25:00,4,Collision with a fixed object,3,Tuesday,175,OFF END OF ROAD/T-INTERSECTION.,5,311173,1,0,1,0,0,1,1,2,T intersection,2,80,Local Road,144.276064,-36.825138,20170627,BENDIGO
T20170012740,2017-06-30,01:00:00,4,Collision with a fixed object,6,Friday,173,RIGHT OFF CARRIAGEWAY INTO OBJECT/PARKED VEHICLE,5,318959,1,0,0,1,0,1,1,5,Not at intersection,3,100,Arterial Highway,144.085129,-36.693021,20170630,BENDIGO
T20170013181,2017-07-01,03:00:00,2,Struck Pedestrian,7,Saturday,100,PED NEAR SIDE. PED HIT BY VEHICLE FROM THE RIGHT.,6,319162,1,0,0,1,0,1,2,5,Not at intersection,3,60,Arterial Other,144.275039,-36.744371,20170701,BENDIGO
T20170012857,2017-07-01,18:25:00,1,Collision with vehicle,6,Saturday,113,RIGHT NEAR (INTERSECTIONS ONLY),3,51556,2,0,0,1,1,2,1,2,T intersection,3,60,Arterial Other,144.290258,-36.744434,20170701,BENDIGO
T20170012869,2017-07-01,17:45:00,4,Collision with a fixed object,7,Saturday,171,LEFT OFF CARRIAGEWAY INTO OBJECT/PARKED VEHICLE,5,319135,1,0,1,0,0,1,1,5,Not at intersection,2,100,Arterial Other,144.11051,-36.815008,20170701,BENDIGO
T20170013151,2017-07-04,17:45:00,1,Collision with vehicle,2,Tuesday,120,HEAD ON (NOT OVERTAKING),3,319161,2,0,0,1,1,2,2,5,Not at intersection,3,50,,144.28136,-36.74086,20170704,BENDIGO
T20170013303,2017-07-08,08:20:00,4,Collision with a fixed object,7,Saturday,175,OFF END OF ROAD/T-INTERSECTION.,1,319603,1,0,0,4,0,4,1,2,T intersection,3,100,Arterial Other,144.598721,-36.486776,20170708,BENDIGO
T20180005219,2017-07-12,19:00:00,6,Vehicle overturned (no collision),4,Wednesday,174,OUT OF CONTROL ON CARRIAGEWAY (ON STRAIGHT),3,59620,1,0,1,0,0,1,2,2,T intersection,2,60,Arterial Other,144.281181,-36.748624,20170712,BENDIGO
T20170013758,2017-07-15,11:30:00,1,Collision with vehicle,7,Saturday,110,CROSS TRAFFIC(INTERSECTIONS ONLY),1,51903,2,0,1,0,2,3,1,1,Cross intersection,2,80,Arterial Highway,144.317907,-36.695965,20170715,BENDIGO
T20170014887,2017-07-15,07:50:00,4,Collision with a fixed object,7,Saturday,171,LEFT OFF CARRIAGEWAY INTO OBJECT/PARKED VEHICLE,1,320205,1,0,0,1,0,1,1,5,Not at intersection,3,100,Arterial Highway,144.581077,-36.535639,20170715,BENDIGO
T20170013791,2017-07-15,23:10:00,1,Collision with vehicle,7,Saturday,110,CROSS TRAFFIC(INTERSECTIONS ONLY),3,19424,2,0,1,0,1,2,1,1,Cross intersection,2,60,Arterial Other,144.274233,-36.743566,20170715,BENDIGO
T20170014417,2017-07-16,15:34:00,1,Collision with vehicle,1,Sunday,110,CROSS TRAFFIC(INTERSECTIONS ONLY),1,59726,2,0,0,1,0,1,1,1,Cross intersection,3,50,Local Road,144.278612,-36.762577,20170716,BENDIGO
T20170014561,2017-07-16,02:48:00,2,Struck Pedestrian,1,Sunday,103,PED PLAYING/LYING/WORKING/STANDING ON CARRIAGEWAY.,3,29977,1,0,0,1,0,1,1,1,Cross intersection,3,60,Arterial Other,144.283473,-36.750173,20170716,BENDIGO
T20170013918,2017-07-17,18:50:00,1,Collision with vehicle,2,Monday,130,REAR END(VEHICLES IN SAME LANE),6,319515,2,0,1,0,1,2,2,5,Not at intersection,2,60,Arterial Highway,144.37632,-36.772413,20170717,BENDIGO
T20170013954,2017-07-18,18:11:00,1,Collision with vehicle,3,Tuesday,110,CROSS TRAFFIC(INTERSECTIONS ONLY),3,45005,2,0,1,0,1,2,1,1,Cross intersection,2,60,Arterial Other,144.315756,-36.766846,20170718,BENDIGO
T20170018377,2017-07-22,20:30:00,1,Collision with vehicle,6,Saturday,121,RIGHT THROUGH,3,51584,2,0,0,1,2,3,2,2,T intersection,3,60,Local Road,144.294246,-36.752285,20170722,BENDIGO
T20170014361,2017-07-24,17:23:00,1,Collision with vehicle,1,Monday,130,REAR END(VEHICLES IN SAME LANE),2,44714,2,0,0,1,1,2,1,1,Cross intersection,3,60,Arterial Highway,144.246714,-36.716986,20170724,BENDIGO
T20170014679,2017-07-29,12:10:00,4,Collision with a fixed object,7,Saturday,171,LEFT OFF CARRIAGEWAY INTO OBJECT/PARKED VEHICLE,1,320015,1,0,1,2,0,3,1,5,Not at intersection,2,100,,144.43536,-36.41344,20170729,BENDIGO
T20170014731,2017-07-30,12:00:00,1,Collision with vehicle,1,Sunday,130,REAR END(VEHICLES IN SAME LANE),1,51735,2,0,0,1,1,2,2,2,T intersection,3,70,Arterial Highway,144.242322,-36.802638,20170730,BENDIGO
T20170014732,2017-07-30,12:30:00,2,Struck Pedestrian,1,Sunday,109,ANY MANOEUVRE INVOLVING PED NOT INCLUDED IN DCAs 100-108.,1,321021,1,0,1,0,2,3,1,5,Not at intersection,2,100,,144.134489,-36.78466,20170730,BENDIGO
T20170014843,2017-08-01,06:55:00,3,Struck animal,3,Tuesday,167,STRUCK ANIMAL,2,319937,1,0,1,0,0,1,1,5,Not at intersection,2,100,,144.291848,-36.835409,20170801,BENDIGO
T20170015268,2017-08-03,20:00:00,1,Collision with vehicle,5,Thursday,110,CROSS TRAFFIC(INTERSECTIONS ONLY),3,55826,2,0,0,1,1,2,1,1,Cross intersection,3,50,Local Road,144.247782,-36.792862,20170803,BENDIGO