ACCIDENT_NO,ACCIDENT_DATE,ACCIDENT_TIME,ACCIDENT_TYPE,ACCIDENT_TYPE_DESC,DAY_OF_WEEK,DAY_WEEK_DESC,DCA_CODE,DCA_DESC,LIGHT_CONDITION,NODE_ID,NO_OF_VEHICLES,NO_PERSONS_KILLED,NO_PERSONS_INJ_2,NO_PERSONS_INJ_3,NO_PERSONS_NOT_INJ,NO_PERSONS,POLICE_ATTEND,ROAD_GEOMETRY,ROAD_GEOMETRY_DESC,SEVERITY,SPEED_ZONE,RMA, LAT, LONG, DATE, COUNCIL
T20170015066,2017-08-04,08:20:00,4,Collision with a fixed object,6,Friday,171,LEFT OFF CARRIAGEWAY INTO OBJECT/PARKED VEHICLE,1,321083,1,0,1,0,0,1,1,5,Not at intersection,2,100,,144.603721,-36.841488,20170804,BENDIGO
T20170015252,2017-08-07,08:15:00,4,Collision with a fixed object,2,Monday,183,OFF LEFT BEND INTO OBJECT/PARKED VEHICLE,1,321024,1,0,2,0,0,2,1,5,Not at intersection,2,100,Local Road,144.532108,-36.646935,20170807,BENDIGO
T20170015250,2017-08-07,07:30:00,4,Collision with a fixed object,2,Monday,171,LEFT OFF CARRIAGEWAY INTO OBJECT/PARKED VEHICLE,1,321022,1,0,1,0,0,1,1,5,Not at intersection,2,50,Local Road,144.296607,-36.761914,20170807,BENDIGO
T20170016382,2017-08-08,16:15:00,1,Collision with vehicle,2,Tuesday,121,RIGHT THROUGH,1,51529,2,0,0,1,1,2,2,1,Cross intersection,3,60,Arterial Highway,144.258361,-36.729924,20170808,BENDIGO
T20170015497,2017-08-10,17:15:00,1,Collision with vehicle,5,Thursday,113,RIGHT NEAR (INTERSECTIONS ONLY),1,51556,2,0,0,1,1,2,1,2,T intersection,3,60,Arterial Other,144.290258,-36.744434,20170810,BENDIGO
T20170016968,2017-08-10,21:30:00,4,Collision with a fixed object,5,Thursday,171,LEFT OFF CARRIAGEWAY INTO OBJECT/PARKED VEHICLE,5,321565,1,0,0,2,0,2,2,5,Not at intersection,3,100,,144.148406,-36.812393,20170810,BENDIGO
T20170015509,2017-08-11,06:20:00,1,Collision with vehicle,6,Friday,111,RIGHT FAR (INTERSECTIONS ONLY),5,321406,2,0,0,2,1,3,1,2,T intersection,3,100,Freeway,144.222009,-36.917733,20170811,BENDIGO
T20170015534,2017-08-11,13:42:00,1,Collision with vehicle,6,Friday,132,RIGHT REAR.,1,320364,2,0,0,1,3,4,1,2,T intersection,3,70,Arterial Highway,144.314385,-36.713198,20170811,BENDIGO
T20170015676,2017-08-13,15:30:00,1,Collision with vehicle,1,Sunday,114,TWO RIGHT TURNING (INTERSECTIONS ONLY),1,320397,2,0,0,2,1,3,1,2,T intersection,3,80,Local Road,144.302266,-36.703476,20170813,BENDIGO
T20170015735,2017-08-14,13:00:00,4,Collision with a fixed object,2,Monday,171,LEFT OFF CARRIAGEWAY INTO OBJECT/PARKED VEHICLE,1,321023,1,0,1,0,0,1,1,5,Not at intersection,2,100,Local Road,144.196991,-36.678249,20170814,BENDIGO
T20170015883,2017-08-16,16:20:00,1,Collision with vehicle,4,Wednesday,132,RIGHT REAR.,1,320610,3,0,1,0,3,4,1,2,T intersection,2,100,,144.457694,-36.777776,20170816,BENDIGO
T20170015991,2017-08-18,11:00:00,1,Collision with vehicle,6,Friday,163,VEHICLE STRIKES DOOR OF PARKED/STATIONARY VEHICLE,1,320614,2,0,1,0,1,2,1,5,Not at intersection,2,60,Local Road,144.283317,-36.753437,20170818,BENDIGO
T20170015976,2017-08-18,08:40:00,1,Collision with vehicle,6,Friday,130,REAR END(VEHICLES IN SAME LANE),1,320606,2,0,1,1,2,4,1,5,Not at intersection,2,50,Local Road,144.277004,-36.758363,20170818,BENDIGO
T20170016181,2017-08-21,12:50:00,1,Collision with vehicle,2,Monday,137,LEFT TURN SIDESWIPE,1,321310,2,0,1,0,1,2,1,5,Not at intersection,2,60,Local Road,144.265299,-36.783202,20170821,BENDIGO
T20170016411,2017-08-24,18:05:00,1,Collision with vehicle,5,Thursday,110,CROSS TRAFFIC(INTERSECTIONS ONLY),2,320804,2,0,0,2,2,4,1,1,Cross intersection,3,50,Local Road,144.133825,-36.733707,20170824,BENDIGO
T20170016500,2017-08-26,06:30:00,4,Collision with a fixed object,7,Saturday,181,OFF RIGHT BEND INTO OBJECT/PARKED VEHICLE,1,320848,1,0,0,1,0,1,1,5,Not at intersection,3,100,,144.32146,-36.910601,20170826,BENDIGO
T20170016656,2017-08-28,20:44:00,1,Collision with vehicle,1,Monday,121,RIGHT THROUGH,3,51593,2,0,0,1,1,2,1,1,Cross intersection,3,60,Arterial Other,144.274076,-36.755246,20170828,BENDIGO
T20170016898,2017-09-01,16:30:00,1,Collision with vehicle,6,Friday,110,CROSS TRAFFIC(INTERSECTIONS ONLY),1,19447,2,0,2,0,0,2,1,1,Cross intersection,2,100,Arterial Other,144.39501,-36.811389,20170901,BENDIGO
T20170019341,2017-09-02,11:00:00,1,Collision with vehicle,7,Saturday,160,VEHICLE COLLIDES WITH VEHICLE PARKED ON LEFT OF ROAD,1,324523,2,0,1,0,0,1,1,5,Not at intersection,2,50,Local Road,144.26093,-36.734178,20170902,BENDIGO
T20170016990,2017-09-03,13:08:00,1,Collision with vehicle,1,Sunday,113,RIGHT NEAR (INTERSECTIONS ONLY),1,19681,2,0,0,2,1,3,1,2,T intersection,3,60,Arterial Other,144.252507,-36.747379,20170903,BENDIGO
T20170017054,2017-09-04,15:46:00,4,Collision with a fixed object,2,Monday,181,OFF RIGHT BEND INTO OBJECT/PARKED VEHICLE,9,322995,1,0,0,1,1,2,2,5,Not at intersection,3,50,Local Road,144.281209,-36.708572,20170904,BENDIGO
T20170017349,2017-09-09,09:45:00,1,Collision with vehicle,7,Saturday,133,LANE SIDE SWIPE (VEHICLES IN PARALLEL LANES),1,321368,2,0,1,0,1,2,1,5,Not at intersection,2,80,Arterial Highway,144.225477,-36.758994,20170909,BENDIGO
T20170017355,2017-09-09,12:00:00,1,Collision with vehicle,7,Saturday,121,RIGHT THROUGH,1,44715,2,0,0,1,2,3,1,1,Cross intersection,3,50,Arterial Highway,144.253698,-36.718652,20170909,BENDIGO
T20170017351,2017-09-09,09:43:00,1,Collision with vehicle,7,Saturday,111,RIGHT FAR (INTERSECTIONS ONLY),1,321613,2,0,0,1,1,2,1,2,T intersection,3,100,Arterial Highway,144.122158,-36.726628,20170909,BENDIGO
T20170017442,2017-09-10,18:00:00,6,Vehicle overturned (no collision),1,Sunday,180,OFF CARRIAGEWAY ON RIGHT BEND,5,322522,1,0,0,2,0,2,1,5,Not at intersection,3,100,,144.303303,-36.802452,20170910,BENDIGO
T20170017675,2017-09-14,14:02:00,1,Collision with vehicle,5,Thursday,113,RIGHT NEAR (INTERSECTIONS ONLY),1,323076,2,0,1,1,0,2,1,2,T intersection,2,60,Local Road,144.322982,-36.695047,20170914,BENDIGO
T20170017691,2017-09-14,20:20:00,1,Collision with vehicle,5,Thursday,110,CROSS TRAFFIC(INTERSECTIONS ONLY),5,244234,2,0,2,0,1,3,1,1,Cross intersection,2,80,Arterial Highway,144.204157,-36.742226,20170914,BENDIGO
T20170017633,2017-09-14,08:15:00,1,Collision with vehicle,5,Thursday,130,REAR END(VEHICLES IN SAME LANE),1,59930,2,0,0,1,1,2,1,1,Cross intersection,3,90,Arterial Highway,144.731113,-36.945847,20170914,BENDIGO
T20170017762,2017-09-15,14:40:00,1,Collision with vehicle,6,Friday,110,CROSS TRAFFIC(INTERSECTIONS ONLY),1,321924,2,0,1,1,2,4,1,1,Cross intersection,2,60,Arterial Highway,144.604477,-36.500367,20170915,BENDIGO
T20170017811,2017-09-16,17:45:00,4,Collision with a fixed object,7,Saturday,173,RIGHT OFF CARRIAGEWAY INTO OBJECT/PARKED VEHICLE,1,322301,1,0,1,0,0,1,1,5,Not at intersection,2,100,Local Road,144.34177,-36.69756,20170916,BENDIGO
T20170017846,2017-09-17,06:20:00,4,Collision with a fixed object,1,Sunday,173,RIGHT OFF CARRIAGEWAY INTO OBJECT/PARKED VEHICLE,1,321604,1,0,1,0,0,1,1,2,T intersection,2,50,Local Road,144.262098,-36.717521,20170917,BENDIGO
T20170017931,2017-09-18,18:15:00,1,Collision with vehicle,2,Monday,121,RIGHT THROUGH,3,29976,2,0,0,1,1,2,1,1,Cross intersection,3,60,Arterial Other,144.286925,-36.747039,20170918,BENDIGO
T20170017939,2017-09-18,21:45:00,2,Struck Pedestrian,2,Monday,100,PED NEAR SIDE. PED HIT BY VEHICLE FROM THE RIGHT.,3,35676,1,0,0,1,2,3,1,1,Cross intersection,3,50,Arterial Highway,144.280104,-36.758517,20170918,BENDIGO
T20170021541,2017-09-18,16:00:00,1,Collision with vehicle,1,Monday,130,REAR END(VEHICLES IN SAME LANE),1,51573,2,0,0,1,1,2,2,2,T intersection,3,60,Arterial Other,144.317591,-36.750497,20170918,BENDIGO
T20170018100,2017-09-21,07:10:00,4,Collision with a fixed object,5,Thursday,183,OFF LEFT BEND INTO OBJECT/PARKED VEHICLE,1,322436,1,0,1,0,0,1,1,5,Not at intersection,2,60,Arterial Highway,144.262128,-36.755151,20170921,BENDIGO
T20170018162,2017-09-22,00:50:00,4,Collision with a fixed object,6,Friday,173,RIGHT OFF CARRIAGEWAY INTO OBJECT/PARKED VEHICLE,5,322302,1,0,1,0,0,1,1,5,Not at intersection,2,100,Arterial Highway,144.51656,-36.61148,20170922,BENDIGO
T20170018573,2017-09-28,18:18:00,1,Collision with vehicle,5,Thursday,121,RIGHT THROUGH,3,44630,2,0,1,2,1,4,1,1,Cross intersection,2,60,Arterial Highway,144.270579,-36.763471,20170928,BENDIGO
T20170018542,2017-09-28,07:50:00,1,Collision with vehicle,5,Thursday,142,LEAVING PARKING,1,297565,2,0,0,1,1,2,1,5,Not at intersection,3,50,Arterial Highway,144.244271,-36.79521,20170928,BENDIGO
T20170018679,2017-09-30,11:55:00,1,Collision with vehicle,6,Saturday,130,REAR END(VEHICLES IN SAME LANE),1,35815,2,0,0,1,2,3,1,4,Multiple intersection,3,60,Arterial Other,144.292096,-36.769124,20170930,BENDIGO
T20170019203,2017-10-01,10:00:00,6,Vehicle overturned (no collision),1,Sunday,170,OFF CARRIAGEWAY TO LEFT,1,322490,1,0,0,1,0,1,2,5,Not at intersection,3,100,,144.406873,-36.868447,20171001,BENDIGO
T20170018884,2017-10-04,11:57:00,1,Collision with vehicle,4,Wednesday,130,REAR END(VEHICLES IN SAME LANE),1,322240,2,0,2,0,0,2,1,2,T intersection,2,60,Arterial Other,144.241904,-36.708239,20171004,BENDIGO
T20170018958,2017-10-05,11:15:00,1,Collision with vehicle,4,Thursday,121,RIGHT THROUGH,1,59866,3,0,1,0,2,3,1,1,Cross intersection,2,60,Arterial Other,144.242379,-36.79659,20171005,BENDIGO
T20170019043,2017-10-06,17:40:00,8,No collision and no object struck,5,Friday,172,OFF CARRIAGEWAY TO RIGHT,1,324655,1,0,1,0,0,1,1,5,Not at intersection,2,100,,144.442018,-36.87674,20171006,BENDIGO
T20170019026,2017-10-06,14:05:00,1,Collision with vehicle,5,Friday,134,LANE CHANGE RIGHT (NOT OVERTAKING),1,322600,4,0,1,0,2,3,1,1,Cross intersection,2,50,,144.28026,-36.76131,20171006,BENDIGO
T20170019573,2017-10-10,16:25:00,1,Collision with vehicle,3,Tuesday,140,U TURN,1,323593,2,0,0,1,1,2,1,5,Not at intersection,3,50,Local Road,144.30314,-36.76668,20171010,BENDIGO
T20170019415,2017-10-12,10:40:00,1,Collision with vehicle,5,Thursday,121,RIGHT THROUGH,1,35812,2,0,1,2,0,3,1,1,Cross intersection,2,60,Arterial Highway,144.268039,-36.758417,20171012,BENDIGO
T20170019533,2017-10-14,05:00:00,1,Collision with vehicle,7,Saturday,160,VEHICLE COLLIDES WITH VEHICLE PARKED ON LEFT OF ROAD,5,323065,2,0,1,1,2,4,1,5,Not at intersection,2,60,Arterial Other,144.274302,-36.77385,20171014,BENDIGO
T20170019843,2017-10-18,13:55:00,1,Collision with vehicle,4,Wednesday,160,VEHICLE COLLIDES WITH VEHICLE PARKED ON LEFT OF ROAD,1,322963,2,0,1,0,2,3,1,5,Not at intersection,2,50,Local Road,144.259781,-36.730061,20171018,BENDIGO
T20170020257,2017-10-22,15:00:00,1,Collision with vehicle,0,Sunday,121,RIGHT THROUGH,9,49321,2,0,0,1,1,2,2,1,Cross intersection,3,999,Arterial Other,144.305216,-36.773247,20171022,BENDIGO
T20170020398,2017-10-26,02:30:00,4,Collision with a fixed object,5,Thursday,175,OFF END OF ROAD/T-INTERSECTION.,4,299354,1,0,4,0,0,4,1,2,T intersection,2,100,Local Road,144.400301,-36.67427,20171026,BENDIGO
T20170020432,2017-10-26,14:35:00,1,Collision with vehicle,4,Thursday,110,CROSS TRAFFIC(INTERSECTIONS ONLY),1,35812,2,0,0,1,2,3,1,1,Cross intersection,3,60,Arterial Highway,144.268039,-36.758417,20171026,BENDIGO
T20170020643,2017-10-29,08:15:00,4,Collision with a fixed object,1,Sunday,173,RIGHT OFF CARRIAGEWAY INTO OBJECT/PARKED VEHICLE,1,323078,1,0,1,0,0,1,1,5,Not at intersection,2,100,,144.367479,-36.81207,20171029,BENDIGO
T20170020894,2017-11-01,14:18:00,1,Collision with vehicle,4,Wednesday,120,HEAD ON (NOT OVERTAKING),1,324271,3,0,1,1,1,3,1,5,Not at intersection,2,70,,144.237764,-36.82074,20171101,BENDIGO
T20180002274,2017-11-03,15:00:00,4,Collision with a fixed object,6,Friday,171,LEFT OFF CARRIAGEWAY INTO OBJECT/PARKED VEHICLE,1,326813,1,0,0,1,0,1,2,5,Not at intersection,3,60,Local Road,144.370589,-36.546944,20171103,BENDIGO
T20170021091,2017-11-05,10:10:00,1,Collision with vehicle,1,Sunday,110,CROSS TRAFFIC(INTERSECTIONS ONLY),1,19689,2,0,1,0,3,4,1,1,Cross intersection,2,60,Arterial Highway,144.501997,-36.786944,20171105,BENDIGO
T20170021411,2017-11-08,09:30:00,1,Collision with vehicle,4,Wednesday,110,CROSS TRAFFIC(INTERSECTIONS ONLY),1,49316,2,0,2,1,0,3,1,1,Cross intersection,2,60,Arterial Other,144.283699,-36.752597,20171108,BENDIGO
T20170021393,2017-11-10,02:19:00,1,Collision with vehicle,6,Friday,120,HEAD ON (NOT OVERTAKING),5,324550,2,1,0,0,1,2,1,5,Not at intersection,1,100,,144.211428,-36.810666,20171110,BENDIGO
T20170021419,2017-11-10,12:30:00,1,Collision with vehicle,6,Friday,130,REAR END(VEHICLES IN SAME LANE),1,51735,2,0,0,1,1,2,2,2,T intersection,3,70,Arterial Highway,144.242322,-36.802638,20171110,BENDIGO
T20170021675,2017-11-14,09:45:00,1,Collision with vehicle,2,Tuesday,140,U TURN,1,59570,2,0,0,1,2,3,1,1,Cross intersection,3,40,Local Road,144.283183,-36.741937,20171114,BENDIGO
T20170021911,2017-11-15,15:15:00,1,Collision with vehicle,3,Wednesday,130,REAR END(VEHICLES IN SAME LANE),1,324886,2,0,0,1,1,2,1,5,Not at intersection,3,40,Arterial Highway,144.309758,-36.725159,20171115,BENDIGO
T20170022445,2017-11-18,13:30:00,1,Collision with vehicle,7,Saturday,135,LANE CHANGE LEFT (NOT OVERTAKING),1,324337,2,0,1,0,1,2,2,5,Not at intersection,2,60,Arterial Other,144.283894,-36.749793,20171118,BENDIGO
T20170022143,2017-11-20,16:05:00,2,Struck Pedestrian,2,Monday,105,PED WALKING AGAINST TRAFFIC.,1,324599,1,0,1,0,1,2,1,5,Not at intersection,2,60,Local Road,144.31726,-36.705291,20171120,BENDIGO
T20170022245,2017-11-20,17:15:00,1,Collision with vehicle,2,Monday,132,RIGHT REAR.,1,324004,2,0,0,1,1,2,1,5,Not at intersection,3,70,Arterial Highway,144.314176,-36.714049,20171120,BENDIGO
T20170022170,2017-11-20,23:22:00,4,Collision with a fixed object,1,Monday,181,OFF RIGHT BEND INTO OBJECT/PARKED VEHICLE,3,323858,1,0,0,1,0,1,1,5,Not at intersection,3,60,Arterial Other,144.250725,-36.772568,20171120,BENDIGO
T20170022163,2017-11-20,19:10:00,1,Collision with vehicle,2,Monday,121,RIGHT THROUGH,1,51593,2,0,0,1,1,2,1,1,Cross intersection,3,60,Arterial Other,144.274076,-36.755246,20171120,BENDIGO
T20170022233,2017-11-21,16:40:00,1,Collision with vehicle,3,Tuesday,114,TWO RIGHT TURNING (INTERSECTIONS ONLY),1,324961,2,0,0,1,1,2,1,2,T intersection,3,60,Local Road,144.319099,-36.713785,20171121,BENDIGO
T20170022226,2017-11-21,16:04:00,1,Collision with vehicle,3,Tuesday,120,HEAD ON (NOT OVERTAKING),2,323893,2,0,0,1,1,2,1,5,Not at intersection,3,100,Arterial Highway,144.37726,-36.77236,20171121,BENDIGO
T20170022275,2017-11-22,09:30:00,1,Collision with vehicle,4,Wednesday,147,VEHICLE STRIKES ANOTHER VEH WHILE EMERGING FROM DRIVEWAY,1,307924,3,0,0,2,2,4,1,2,T intersection,3,70,Arterial Highway,144.240366,-36.810193,20171122,BENDIGO
T20170022502,2017-11-24,23:35:00,4,Collision with a fixed object,6,Friday,173,RIGHT OFF CARRIAGEWAY INTO OBJECT/PARKED VEHICLE,5,324083,1,0,0,1,0,1,1,5,Not at intersection,3,40,Local Road,144.2798,-36.737171,20171124,BENDIGO
T20170022488,2017-11-24,19:17:00,6,Vehicle overturned (no collision),6,Friday,180,OFF CARRIAGEWAY ON RIGHT BEND,1,325289,1,0,1,0,0,1,1,5,Not at intersection,2,80,Local Road,144.262575,-36.821418,20171124,BENDIGO
T20170022790,2017-11-24,16:45:00,1,Collision with vehicle,5,Friday,130,REAR END(VEHICLES IN SAME LANE),1,44628,2,0,0,1,2,3,1,1,Cross intersection,3,60,Arterial Highway,144.255389,-36.775029,20171124,BENDIGO
T20170023858,2017-11-27,14:50:00,2,Struck Pedestrian,2,Monday,102,FAR SIDE. PED HIT BY VEHICLE FROM THE LEFT,1,19423,1,0,0,1,1,2,2,2,T intersection,3,60,Arterial Highway,144.258828,-36.740617,20171127,BENDIGO
T20170022773,2017-11-28,18:20:00,8,No collision and no object struck,3,Tuesday,174,OUT OF CONTROL ON CARRIAGEWAY (ON STRAIGHT),1,51523,2,0,0,1,1,2,1,1,Cross intersection,3,50,Local Road,144.264611,-36.72718,20171128,BENDIGO
T20170022828,2017-11-29,12:50:00,6,Vehicle overturned (no collision),4,Wednesday,170,OFF CARRIAGEWAY TO LEFT,1,50482,1,0,0,1,0,1,1,1,Cross intersection,3,40,Local Road,144.294552,-36.777578,20171129,BENDIGO
T20170023310,2017-11-30,15:35:00,8,No collision and no object struck,5,Thursday,174,OUT OF CONTROL ON CARRIAGEWAY (ON STRAIGHT),1,324548,1,0,1,0,0,1,2,5,Not at intersection,2,100,,144.403122,-36.65604,20171130,BENDIGO
T20170023235,2017-12-04,13:15:00,8,No collision and no object struck,2,Monday,184,OUT OF CONTROL ON CARRIAGEWAY (ON BEND),1,324490,1,0,0,1,0,1,2,5,Not at intersection,3,50,,144.273798,-36.723725,20171204,BENDIGO
T20170023151,2017-12-04,09:00:00,5,collision with some other object,2,Monday,166,STRUCK OBJECT ON CARRIAGEWAY,1,324887,1,0,0,1,0,1,1,5,Not at intersection,3,60,Local Road,144.237561,-36.793439,20171204,BENDIGO
T20170023241,2017-12-05,18:30:00,6,Vehicle overturned (no collision),3,Tuesday,182,OFF CARRIAGEWAY ON LEFT BEND,1,326738,1,0,1,0,0,1,1,5,Not at intersection,2,80,Local Road,144.219977,-36.722826,20171205,BENDIGO
T20170023256,2017-12-05,10:15:00,1,Collision with vehicle,3,Tuesday,132,RIGHT REAR.,1,51659,2,0,0,1,1,2,2,1,Cross intersection,3,50,Local Road,144.271212,-36.766605,20171205,BENDIGO
T20170023483,2017-12-08,20:00:00,1,Collision with vehicle,6,Friday,120,HEAD ON (NOT OVERTAKING),1,325959,2,0,2,1,0,3,1,5,Not at intersection,2,80,Local Road,144.23748,-36.72622,20171208,BENDIGO
T20170023999,2017-12-08,15:20:00,1,Collision with vehicle,5,Friday,160,VEHICLE COLLIDES WITH VEHICLE PARKED ON LEFT OF ROAD,1,325235,3,0,0,1,1,2,2,5,Not at intersection,3,40,Local Road,144.26172,-36.72094,20171208,BENDIGO
T20170023571,2017-12-09,16:10:00,5,collision with some other object,7,Saturday,173,RIGHT OFF CARRIAGEWAY INTO OBJECT/PARKED VEHICLE,1,335622,1,0,2,2,4,8,1,5,Not at intersection,2,100,,144.380332,-36.52115,20171209,BENDIGO
T20170023716,2017-12-11,08:45:00,1,Collision with vehicle,1,Monday,130,REAR END(VEHICLES IN SAME LANE),1,324885,2,0,0,1,1,2,2,5,Not at intersection,3,40,Arterial Highway,144.258061,-36.72414,20171211,BENDIGO
T20170023748,2017-12-12,13:35:00,1,Collision with vehicle,3,Tuesday,130,REAR END(VEHICLES IN SAME LANE),1,324877,4,0,2,1,1,4,1,5,Not at intersection,2,60,Arterial Highway,144.324159,-36.67266,20171212,BENDIGO
T20170023983,2017-12-15,19:40:00,6,Vehicle overturned (no collision),6,Friday,184,OUT OF CONTROL ON CARRIAGEWAY (ON BEND),1,324957,1,0,1,0,0,1,1,5,Not at intersection,2,100,Local Road,144.747808,-36.883169,20171215,BENDIGO
T20170024451,2017-12-17,01:50:00,5,collision with some other object,1,Sunday,166,STRUCK OBJECT ON CARRIAGEWAY,5,325172,1,0,1,1,0,2,1,5,Not at intersection,2,100,Arterial Highway,144.37449,-36.772509,20171217,BENDIGO
T20170024081,2017-12-17,11:00:00,4,Collision with a fixed object,1,Sunday,181,OFF RIGHT BEND INTO OBJECT/PARKED VEHICLE,1,325591,1,0,0,1,0,1,1,5,Not at intersection,3,100,Local Road,144.332353,-36.913186,20171217,BENDIGO
T20170024166,2017-12-18,13:10:00,1,Collision with vehicle,2,Monday,132,RIGHT REAR.,1,312115,2,0,1,1,0,2,1,2,T intersection,2,100,Arterial Highway,144.352111,-36.771732,20171218,BENDIGO
T20170024283,2017-12-19,23:52:00,4,Collision with a fixed object,3,Tuesday,183,OFF LEFT BEND INTO OBJECT/PARKED VEHICLE,5,325082,1,0,1,1,2,4,1,5,Not at intersection,2,100,,144.263097,-36.677969,20171219,BENDIGO
T20170024270,2017-12-19,14:00:00,6,Vehicle overturned (no collision),3,Tuesday,174,OUT OF CONTROL ON CARRIAGEWAY (ON STRAIGHT),1,51559,2,0,0,1,1,2,2,1,Cross intersection,3,50,Local Road,144.30418,-36.746762,20171219,BENDIGO
T20180006320,2017-12-20,08:30:00,1,Collision with vehicle,3,Wednesday,116,LEFT NEAR (INTERSECTIONS ONLY),1,329474,2,0,0,1,0,1,2,2,T intersection,3,60,Arterial Highway,144.320524,-36.759802,20171220,BENDIGO
T20180018497,2017-12-20,01:30:00,4,Collision with a fixed object,4,Wednesday,173,RIGHT OFF CARRIAGEWAY INTO OBJECT/PARKED VEHICLE,3,338402,1,0,0,1,0,1,1,5,Not at intersection,3,60,Local Road,144.237499,-36.793351,20171220,BENDIGO
T20170024389,2017-12-21,12:19:00,1,Collision with vehicle,5,Thursday,110,CROSS TRAFFIC(INTERSECTIONS ONLY),1,19409,2,1,2,1,0,4,1,1,Cross intersection,1,100,Local Road,144.522812,-36.65015,20171221,BENDIGO
T20170024691,2017-12-21,19:30:00,8,No collision and no object struck,5,Thursday,170,OFF CARRIAGEWAY TO LEFT,2,326347,1,0,1,0,0,1,2,5,Not at intersection,2,60,,144.302909,-36.78656,20171221,BENDIGO
T20170024467,2017-12-22,10:15:00,1,Collision with vehicle,6,Friday,130,REAR END(VEHICLES IN SAME LANE),1,325105,2,1,0,1,0,2,1,5,Not at intersection,1,100,,144.31225,-36.841989,20171222,BENDIGO
T20170024739,2017-12-27,10:15:00,4,Collision with a fixed object,4,Wednesday,183,OFF LEFT BEND INTO OBJECT/PARKED VEHICLE,1,325386,1,0,0,1,1,2,2,5,Not at intersection,3,100,,144.48698,-36.88664,20171227,BENDIGO
T20170024724,2017-12-27,10:30:00,4,Collision with a fixed object,4,Wednesday,181,OFF RIGHT BEND INTO OBJECT/PARKED VEHICLE,1,325281,1,0,0,1,0,1,1,5,Not at intersection,3,100,Arterial Other,144.172269,-36.811244,20171227,BENDIGO
T20170024797,2017-12-28,10:15:00,4,Collision with a fixed object,4,Thursday,173,RIGHT OFF CARRIAGEWAY INTO OBJECT/PARKED VEHICLE,1,326040,1,0,0,1,1,2,2,2,T intersection,3,100,,144.450492,-36.874287,20171228,BENDIGO
T20170024861,2017-12-29,14:35:00,3,Struck animal,6,Friday,167,STRUCK ANIMAL,1,325450,1,0,1,0,0,1,1,5,Not at intersection,2,100,,144.286949,-36.886571,20171229,BENDIGO
T20180000019,2018-01-01,03:40:00,4,Collision with a fixed object,2,Monday,171,LEFT OFF CARRIAGEWAY INTO OBJECT/PARKED VEHICLE,3,327310,1,0,1,0,0,1,1,5,Not at intersection,2,60,Arterial Highway,144.247959,-36.782889,20180101,BENDIGO
T20180000040,2018-01-01,13:05:00,4,Collision with a fixed object,2,Monday,171,LEFT OFF CARRIAGEWAY INTO OBJECT/PARKED VEHICLE,1,325635,1,0,0,1,0,1,1,5,Not at intersection,3,100,Local Road,144.149329,-36.733997,20180101,BENDIGO
T20180002846,2018-01-05,16:30:00,1,Collision with vehicle,6,Friday,130,REAR END(VEHICLES IN SAME LANE),1,327099,2,0,0,1,1,2,2,5,Not at intersection,3,60,Arterial Highway,144.250131,-36.77995,20180105,BENDIGO
T20180000307,2018-01-06,01:40:00,4,Collision with a fixed object,7,Saturday,183,OFF LEFT BEND INTO OBJECT/PARKED VEHICLE,3,325989,1,0,1,0,0,1,1,2,T intersection,2,60,Arterial Other,144.29665,-36.769351,20180106,BENDIGO
T20180000521,2018-01-09,19:40:00,1,Collision with vehicle,3,Tuesday,121,RIGHT THROUGH,1,51632,2,0,0,1,2,3,1,1,Cross intersection,3,60,Arterial Highway,144.269842,-36.761875,20180109,BENDIGO
T20180000804,2018-01-14,09:45:00,1,Collision with vehicle,1,Sunday,140,U TURN,1,326408,2,0,1,1,3,5,1,5,Not at intersection,2,100,Local Road,144.202101,-36.719411,20180114,BENDIGO
T20180000928,2018-01-16,10:35:00,1,Collision with vehicle,3,Tuesday,120,HEAD ON (NOT OVERTAKING),1,59775,2,1,0,1,0,2,1,2,T intersection,1,100,Arterial Highway,144.399356,-36.771128,20180116,BENDIGO
T20180001178,2018-01-20,10:27:00,4,Collision with a fixed object,7,Saturday,183,OFF LEFT BEND INTO OBJECT/PARKED VEHICLE,1,326284,1,0,1,0,0,1,1,5,Not at intersection,2,80,Local Road,144.225091,-36.76934,20180120,BENDIGO
T20180001339,2018-01-22,17:00:00,4,Collision with a fixed object,2,Monday,179,OTHER ACCIDENTS-OFF STRAIGHT NOT INCLUDED IN DCAs 170-175,1,326353,1,0,1,0,0,1,1,5,Not at intersection,2,100,Local Road,144.408791,-36.797351,20180122,BENDIGO