ACCIDENT_NO,ACCIDENT_DATE,ACCIDENT_TIME,ACCIDENT_TYPE,ACCIDENT_TYPE_DESC,DAY_OF_WEEK,DAY_WEEK_DESC,DCA_CODE,DCA_DESC,LIGHT_CONDITION,NODE_ID,NO_OF_VEHICLES,NO_PERSONS_KILLED,NO_PERSONS_INJ_2,NO_PERSONS_INJ_3,NO_PERSONS_NOT_INJ,NO_PERSONS,POLICE_ATTEND,ROAD_GEOMETRY,ROAD_GEOMETRY_DESC,SEVERITY,SPEED_ZONE,RMA, LAT, LONG, DATE, COUNCIL
T20180001425,2018-01-23,19:28:00,8,No collision and no object struck,3,Tuesday,174,OUT OF CONTROL ON CARRIAGEWAY (ON STRAIGHT),2,170631,1,0,0,1,0,1,1,5,Not at intersection,3,80,,144.240008,-36.827591,20180123,BENDIGO
T20180001438,2018-01-23,23:32:00,4,Collision with a fixed object,3,Tuesday,181,OFF RIGHT BEND INTO OBJECT/PARKED VEHICLE,3,326437,2,0,2,1,1,4,1,5,Not at intersection,2,60,Arterial Other,144.301049,-36.771912,20180123,BENDIGO
T20180001489,2018-01-24,17:00:00,1,Collision with vehicle,3,Wednesday,160,VEHICLE COLLIDES WITH VEHICLE PARKED ON LEFT OF ROAD,1,326485,3,0,0,1,0,1,1,5,Not at intersection,3,60,Arterial Highway,144.245842,-36.716687,20180124,BENDIGO
T20180001500,2018-01-24,16:55:00,1,Collision with vehicle,4,Wednesday,137,LEFT TURN SIDESWIPE,1,51545,2,0,1,0,1,2,1,2,T intersection,2,60,Arterial Highway,144.298252,-36.740041,20180124,BENDIGO
T20180001529,2018-01-25,12:10:00,1,Collision with vehicle,4,Thursday,110,CROSS TRAFFIC(INTERSECTIONS ONLY),1,51503,2,0,0,1,5,6,1,1,Cross intersection,3,70,Local Road,144.319355,-36.713819,20180125,BENDIGO
T20180001658,2018-01-27,10:15:00,1,Collision with vehicle,7,Saturday,111,RIGHT FAR (INTERSECTIONS ONLY),1,328727,2,0,1,0,2,3,1,1,Cross intersection,2,60,Arterial Highway,144.610679,-36.498376,20180127,BENDIGO
T20180004424,2018-01-28,12:15:00,6,Vehicle overturned (no collision),1,Sunday,174,OUT OF CONTROL ON CARRIAGEWAY (ON STRAIGHT),1,328222,1,0,0,1,0,1,2,5,Not at intersection,3,60,Local Road,144.27137,-36.76784,20180128,BENDIGO
T20180001790,2018-01-29,15:15:00,8,No collision and no object struck,2,Monday,174,OUT OF CONTROL ON CARRIAGEWAY (ON STRAIGHT),1,59409,2,0,1,0,1,2,1,1,Cross intersection,2,100,,144.544748,-36.619503,20180129,BENDIGO
T20180001850,2018-01-30,15:10:00,1,Collision with vehicle,3,Tuesday,139,OTHER SAME DIRECTION-MANOUEVRES NOT INCLUDED IN DCAs 130-137,1,328291,2,0,1,0,1,2,1,5,Not at intersection,2,60,Arterial Highway,144.258423,-36.74211,20180130,BENDIGO
T20180001958,2018-02-01,11:20:00,1,Collision with vehicle,4,Thursday,121,RIGHT THROUGH,1,44721,2,0,0,2,1,3,1,2,T intersection,3,60,Arterial Highway,144.606964,-36.496787,20180201,BENDIGO
T20180001959,2018-02-01,13:43:00,1,Collision with vehicle,5,Thursday,113,RIGHT NEAR (INTERSECTIONS ONLY),1,51917,2,0,0,2,1,3,1,1,Cross intersection,3,80,Arterial Highway,144.233174,-36.715519,20180201,BENDIGO
T20180001961,2018-02-01,11:16:00,1,Collision with vehicle,5,Thursday,142,LEAVING PARKING,1,326819,2,0,1,2,1,4,1,5,Not at intersection,2,60,Local Road,144.265423,-36.759793,20180201,BENDIGO
T20180001980,2018-02-01,19:30:00,1,Collision with vehicle,5,Thursday,113,RIGHT NEAR (INTERSECTIONS ONLY),2,338248,2,0,0,1,0,1,2,2,T intersection,3,50,Local Road,144.299895,-36.765853,20180201,BENDIGO
T20180002064,2018-02-02,20:13:00,4,Collision with a fixed object,5,Friday,171,LEFT OFF CARRIAGEWAY INTO OBJECT/PARKED VEHICLE,1,326742,1,0,0,1,0,1,1,5,Not at intersection,3,70,Local Road,144.32456,-36.714439,20180202,BENDIGO
T20180003663,2018-02-04,11:30:00,1,Collision with vehicle,1,Sunday,142,LEAVING PARKING,1,327416,2,0,0,1,0,1,2,5,Not at intersection,3,50,Local Road,144.284953,-36.757963,20180204,BENDIGO
T20180002164,2018-02-04,12:50:00,4,Collision with a fixed object,1,Sunday,181,OFF RIGHT BEND INTO OBJECT/PARKED VEHICLE,1,327656,1,0,1,0,0,1,1,5,Not at intersection,2,100,,144.347159,-36.917009,20180204,BENDIGO
T20180002230,2018-02-05,14:30:00,1,Collision with vehicle,2,Monday,121,RIGHT THROUGH,1,51620,2,0,0,1,1,2,1,1,Cross intersection,3,60,Arterial Other,144.285571,-36.759831,20180205,BENDIGO
T20180002547,2018-02-10,03:30:00,4,Collision with a fixed object,7,Saturday,183,OFF LEFT BEND INTO OBJECT/PARKED VEHICLE,3,336668,1,0,2,0,1,3,1,5,Not at intersection,2,50,Local Road,144.246608,-36.764659,20180210,BENDIGO
T20180002635,2018-02-11,15:35:00,1,Collision with vehicle,1,Sunday,146,REVERSING INTO FIXED OBJECT/PARKED VEHICLE,1,327982,2,0,0,2,0,2,1,5,Not at intersection,3,50,Local Road,144.271181,-36.720211,20180211,BENDIGO
T20180002636,2018-02-11,15:40:00,4,Collision with a fixed object,1,Sunday,181,OFF RIGHT BEND INTO OBJECT/PARKED VEHICLE,1,328318,1,0,1,0,0,1,1,5,Not at intersection,2,100,Local Road,144.342751,-36.841162,20180211,BENDIGO
T20180002911,2018-02-15,11:54:00,1,Collision with vehicle,5,Thursday,111,RIGHT FAR (INTERSECTIONS ONLY),1,29980,2,0,0,1,1,2,1,1,Cross intersection,3,70,Arterial Highway,144.31319,-36.759376,20180215,BENDIGO
T20180003008,2018-02-16,09:50:00,1,Collision with vehicle,6,Friday,121,RIGHT THROUGH,1,59524,2,0,1,0,3,4,1,1,Cross intersection,2,60,Arterial Highway,144.304867,-36.731458,20180216,BENDIGO
T20180003125,2018-02-17,22:50:00,1,Collision with vehicle,7,Saturday,160,VEHICLE COLLIDES WITH VEHICLE PARKED ON LEFT OF ROAD,3,327650,2,0,1,0,0,1,1,5,Not at intersection,2,50,Local Road,144.274029,-36.752001,20180217,BENDIGO
T20180003123,2018-02-18,12:20:00,1,Collision with vehicle,1,Sunday,121,RIGHT THROUGH,1,57993,2,0,1,0,1,2,1,2,T intersection,2,60,Local Road,144.334545,-36.802229,20180218,BENDIGO
T20180007146,2018-02-20,06:00:00,3,Struck animal,2,Tuesday,167,STRUCK ANIMAL,2,341568,1,0,0,1,0,1,2,2,T intersection,3,100,Local Road,144.315404,-36.910132,20180220,BENDIGO
T20180003552,2018-02-22,18:23:00,1,Collision with vehicle,5,Thursday,130,REAR END(VEHICLES IN SAME LANE),1,328149,3,0,0,1,3,4,1,5,Not at intersection,3,60,Arterial Highway,144.2847,-36.7552,20180222,BENDIGO
T20180003473,2018-02-23,06:45:00,3,Struck animal,6,Friday,167,STRUCK ANIMAL,2,327417,1,0,0,2,1,3,1,5,Not at intersection,3,100,,144.199524,-36.6161,20180223,BENDIGO
T20180003654,2018-02-25,16:20:00,1,Collision with vehicle,0,Sunday,110,CROSS TRAFFIC(INTERSECTIONS ONLY),1,59756,2,0,0,1,1,2,1,1,Cross intersection,3,60,Arterial Highway,144.265425,-36.768103,20180225,BENDIGO
T20180003813,2018-02-27,17:20:00,1,Collision with vehicle,3,Tuesday,116,LEFT NEAR (INTERSECTIONS ONLY),1,19695,2,0,0,1,1,2,1,2,T intersection,3,80,Arterial Highway,144.238135,-36.818668,20180227,BENDIGO
T20180003890,2018-02-28,22:40:00,1,Collision with vehicle,4,Wednesday,121,RIGHT THROUGH,3,19431,2,0,1,0,1,2,1,1,Cross intersection,2,60,Arterial Highway,144.284313,-36.75549,20180228,BENDIGO
T20180003904,2018-03-01,07:50:00,4,Collision with a fixed object,5,Thursday,173,RIGHT OFF CARRIAGEWAY INTO OBJECT/PARKED VEHICLE,1,327925,1,0,1,0,0,1,1,5,Not at intersection,2,100,,144.200879,-36.821578,20180301,BENDIGO
T20180003958,2018-03-01,21:25:00,3,Struck animal,5,Thursday,167,STRUCK ANIMAL,5,327643,1,0,1,0,0,1,1,5,Not at intersection,2,100,Local Road,144.193452,-36.724492,20180301,BENDIGO
T20180004906,2018-03-02,17:20:00,1,Collision with vehicle,6,Friday,130,REAR END(VEHICLES IN SAME LANE),1,328198,2,0,0,1,1,2,2,5,Not at intersection,3,60,Arterial Highway,144.295929,-36.758072,20180302,BENDIGO
T20180004016,2018-03-02,13:36:00,1,Collision with vehicle,6,Friday,110,CROSS TRAFFIC(INTERSECTIONS ONLY),1,59526,2,0,2,0,0,2,1,1,Cross intersection,2,60,Local Road,144.306143,-36.732036,20180302,BENDIGO
T20180004107,2018-03-03,18:35:00,4,Collision with a fixed object,7,Saturday,171,LEFT OFF CARRIAGEWAY INTO OBJECT/PARKED VEHICLE,1,327752,1,0,1,0,0,1,1,5,Not at intersection,2,100,,144.386467,-36.85433,20180303,BENDIGO
T20180004066,2018-03-03,09:50:00,2,Struck Pedestrian,7,Saturday,107,PED ON FOOTHPATH STRUCK BY VEHENTERING/LEAVING DRIVEWAY.,1,329061,1,0,0,1,1,2,1,5,Not at intersection,3,888,Arterial Highway,144.706347,-36.919642,20180303,BENDIGO
T20180004247,2018-03-05,22:00:00,4,Collision with a fixed object,1,Monday,173,RIGHT OFF CARRIAGEWAY INTO OBJECT/PARKED VEHICLE,5,327765,1,0,0,1,0,1,1,5,Not at intersection,3,100,Arterial Highway,144.40234,-36.7713,20180305,BENDIGO
T20180004314,2018-03-06,17:55:00,1,Collision with vehicle,3,Tuesday,110,CROSS TRAFFIC(INTERSECTIONS ONLY),1,44630,2,0,1,0,1,2,1,1,Cross intersection,2,60,Arterial Highway,144.270579,-36.763471,20180306,BENDIGO
T20180004893,2018-03-07,15:40:00,4,Collision with a fixed object,4,Wednesday,183,OFF LEFT BEND INTO OBJECT/PARKED VEHICLE,1,332253,1,0,1,0,0,1,1,5,Not at intersection,2,100,Local Road,144.761069,-36.879652,20180307,BENDIGO
T20180004692,2018-03-11,13:02:00,1,Collision with vehicle,1,Sunday,110,CROSS TRAFFIC(INTERSECTIONS ONLY),1,19419,2,0,1,1,0,2,1,1,Cross intersection,2,60,Arterial Other,144.263983,-36.73788,20180311,BENDIGO
T20180004806,2018-03-13,08:10:00,1,Collision with vehicle,2,Tuesday,130,REAR END(VEHICLES IN SAME LANE),1,51626,2,0,0,1,0,1,1,9,Unknown,3,60,Local Road,144.263182,-36.760969,20180313,BENDIGO
T20180004875,2018-03-13,15:25:00,1,Collision with vehicle,3,Tuesday,121,RIGHT THROUGH,1,30031,2,0,0,2,1,3,1,1,Cross intersection,3,60,Arterial Highway,144.291933,-36.757373,20180313,BENDIGO
T20180005293,2018-03-14,21:25:00,1,Collision with vehicle,4,Wednesday,121,RIGHT THROUGH,3,316337,2,0,0,3,0,3,1,1,Cross intersection,3,60,,144.245145,-36.759813,20180314,BENDIGO
T20180005164,2018-03-18,13:20:00,1,Collision with vehicle,1,Sunday,130,REAR END(VEHICLES IN SAME LANE),1,328723,2,0,1,0,4,5,1,5,Not at intersection,2,100,,144.596232,-36.512381,20180318,BENDIGO
T20180005373,2018-03-21,23:25:00,1,Collision with vehicle,4,Wednesday,160,VEHICLE COLLIDES WITH VEHICLE PARKED ON LEFT OF ROAD,3,328358,2,0,1,0,0,1,1,5,Not at intersection,2,50,,144.246292,-36.72075,20180321,BENDIGO
T20180005388,2018-03-22,11:05:00,2,Struck Pedestrian,5,Thursday,102,FAR SIDE. PED HIT BY VEHICLE FROM THE LEFT,1,49321,1,0,1,0,1,2,1,1,Cross intersection,2,60,Arterial Other,144.305216,-36.773247,20180322,BENDIGO
T20180005567,2018-03-24,12:40:00,6,Vehicle overturned (no collision),7,Saturday,174,OUT OF CONTROL ON CARRIAGEWAY (ON STRAIGHT),1,19418,1,0,1,0,0,1,1,1,Cross intersection,2,60,Arterial Highway,144.132975,-36.735691,20180324,BENDIGO
T20180005554,2018-03-24,01:48:00,4,Collision with a fixed object,6,Saturday,173,RIGHT OFF CARRIAGEWAY INTO OBJECT/PARKED VEHICLE,3,335639,1,0,1,0,0,1,1,5,Not at intersection,2,60,Arterial Other,144.25761,-36.746962,20180324,BENDIGO
T20180006506,2018-03-26,19:45:00,3,Struck animal,1,Monday,167,STRUCK ANIMAL,2,328974,1,0,0,1,0,1,2,5,Not at intersection,3,100,Arterial Other,144.222568,-36.68177,20180326,BENDIGO
T20180006457,2018-03-26,17:30:00,4,Collision with a fixed object,2,Monday,149,OTHER MANOEUVRING NOT INCLUDED IN DCAs 140-148,1,331237,1,0,1,0,0,1,2,5,Not at intersection,2,70,Arterial Highway,144.241937,-36.80404,20180326,BENDIGO
T20180006977,2018-03-28,15:14:00,1,Collision with vehicle,4,Wednesday,132,RIGHT REAR.,1,59813,2,0,0,1,1,2,1,2,T intersection,3,60,Local Road,144.280406,-36.776042,20180328,BENDIGO
T20180005971,2018-03-29,13:10:00,1,Collision with vehicle,5,Thursday,110,CROSS TRAFFIC(INTERSECTIONS ONLY),1,49318,2,0,0,1,1,2,1,4,Multiple intersection,3,60,Arterial Highway,144.287376,-36.758373,20180329,BENDIGO
T20180006310,2018-03-30,17:50:00,6,Vehicle overturned (no collision),6,Friday,174,OUT OF CONTROL ON CARRIAGEWAY (ON STRAIGHT),9,330020,1,0,1,0,0,1,2,2,T intersection,2,60,Local Road,144.301181,-36.764278,20180330,BENDIGO
T20180006230,2018-04-02,07:30:00,4,Collision with a fixed object,2,Monday,173,RIGHT OFF CARRIAGEWAY INTO OBJECT/PARKED VEHICLE,1,59621,1,0,0,1,0,1,1,2,T intersection,3,60,Arterial Highway,144.258499,-36.748537,20180402,BENDIGO
T20180012120,2018-04-02,14:40:00,1,Collision with vehicle,2,Monday,141,U TURN INTO FIXED OBJECT/PARKED VEHICLE,1,332252,2,0,1,0,1,2,2,2,T intersection,2,100,,144.718377,-36.974717,20180402,BENDIGO
T20180006751,2018-04-04,21:50:00,4,Collision with a fixed object,4,Wednesday,171,LEFT OFF CARRIAGEWAY INTO OBJECT/PARKED VEHICLE,3,329561,1,0,1,0,1,2,1,2,T intersection,2,60,Arterial Highway,144.238124,-36.818711,20180404,BENDIGO
T20180010165,2018-04-05,11:00:00,1,Collision with vehicle,5,Thursday,132,RIGHT REAR.,1,331571,2,0,0,4,1,5,2,5,Not at intersection,3,60,,144.262858,-36.756188,20180405,BENDIGO
T20180006455,2018-04-05,09:20:00,1,Collision with vehicle,5,Thursday,120,HEAD ON (NOT OVERTAKING),1,329641,2,1,1,0,0,2,1,5,Not at intersection,1,100,Arterial Highway,144.48954,-36.783589,20180405,BENDIGO
T20180006590,2018-04-07,11:10:00,4,Collision with a fixed object,7,Saturday,171,LEFT OFF CARRIAGEWAY INTO OBJECT/PARKED VEHICLE,1,331234,1,0,1,0,0,1,1,2,T intersection,2,50,Local Road,144.25857,-36.720927,20180407,BENDIGO
T20180011076,2018-04-09,07:50:00,8,No collision and no object struck,2,Monday,170,OFF CARRIAGEWAY TO LEFT,1,331559,1,0,0,1,0,1,2,5,Not at intersection,3,50,Arterial Other,144.281172,-36.751563,20180409,BENDIGO
T20180006840,2018-04-09,17:55:00,1,Collision with vehicle,2,Monday,147,VEHICLE STRIKES ANOTHER VEH WHILE EMERGING FROM DRIVEWAY,3,259074,2,0,0,1,1,2,2,5,Not at intersection,3,60,Local Road,144.277898,-36.759087,20180409,BENDIGO
T20180006870,2018-04-11,18:57:00,1,Collision with vehicle,4,Wednesday,130,REAR END(VEHICLES IN SAME LANE),3,249820,2,0,0,1,0,1,1,5,Not at intersection,3,60,Arterial Highway,144.251678,-36.778348,20180411,BENDIGO
T20180007185,2018-04-16,14:10:00,4,Collision with a fixed object,2,Monday,173,RIGHT OFF CARRIAGEWAY INTO OBJECT/PARKED VEHICLE,1,329644,1,0,2,0,0,2,1,5,Not at intersection,2,100,Local Road,144.35047,-36.747289,20180416,BENDIGO
T20180007266,2018-04-17,17:16:00,8,No collision and no object struck,3,Tuesday,179,OTHER ACCIDENTS-OFF STRAIGHT NOT INCLUDED IN DCAs 170-175,2,329477,1,0,0,1,0,1,1,5,Not at intersection,3,50,Local Road,144.250949,-36.792594,20180417,BENDIGO
T20180007479,2018-04-20,16:40:00,1,Collision with vehicle,6,Friday,110,CROSS TRAFFIC(INTERSECTIONS ONLY),1,51532,2,0,0,1,1,2,1,1,Cross intersection,3,60,Local Road,144.260992,-36.732936,20180420,BENDIGO
T20180007477,2018-04-20,15:22:00,2,Struck Pedestrian,6,Friday,109,ANY MANOEUVRE INVOLVING PED NOT INCLUDED IN DCAs 100-108.,1,329731,1,0,0,1,2,3,1,5,Not at intersection,3,50,Local Road,144.25446,-36.76984,20180420,BENDIGO
T20180007570,2018-04-22,04:40:00,4,Collision with a fixed object,1,Sunday,175,OFF END OF ROAD/T-INTERSECTION.,5,331229,1,0,0,1,0,1,1,2,T intersection,3,100,Local Road,144.204137,-36.71799,20180422,BENDIGO
T20180007731,2018-04-23,15:25:00,4,Collision with a fixed object,2,Monday,171,LEFT OFF CARRIAGEWAY INTO OBJECT/PARKED VEHICLE,1,329701,1,0,1,0,0,1,1,5,Not at intersection,2,50,,144.303364,-36.780707,20180423,BENDIGO
T20180007892,2018-04-27,08:10:00,1,Collision with vehicle,6,Friday,111,RIGHT FAR (INTERSECTIONS ONLY),1,35819,2,0,1,0,1,2,1,1,Cross intersection,2,60,Local Road,144.302639,-36.777405,20180427,BENDIGO
T20180007999,2018-04-28,13:25:00,1,Collision with vehicle,7,Saturday,113,RIGHT NEAR (INTERSECTIONS ONLY),1,329788,2,0,0,3,0,3,1,2,T intersection,3,50,Local Road,144.285248,-36.751453,20180428,BENDIGO
T20180010183,2018-04-28,10:15:00,1,Collision with vehicle,7,Saturday,121,RIGHT THROUGH,1,33725,2,0,0,1,4,5,1,1,Cross intersection,3,50,Arterial Highway,144.252546,-36.717914,20180428,BENDIGO
T20180008143,2018-04-30,19:15:00,1,Collision with vehicle,2,Monday,121,RIGHT THROUGH,3,51555,2,0,2,0,1,3,1,2,T intersection,2,60,Arterial Highway,144.258307,-36.744074,20180430,BENDIGO
T20180008144,2018-04-30,14:00:00,1,Collision with vehicle,1,Monday,130,REAR END(VEHICLES IN SAME LANE),1,51515,2,0,0,1,3,4,2,1,Cross intersection,3,60,Arterial Highway,144.311835,-36.722477,20180430,BENDIGO
T20180008130,2018-04-30,14:15:00,1,Collision with vehicle,2,Monday,111,RIGHT FAR (INTERSECTIONS ONLY),1,51717,3,0,1,0,2,3,1,1,Cross intersection,2,60,,144.240831,-36.788699,20180430,BENDIGO
T20180008134,2018-04-30,15:00:00,4,Collision with a fixed object,2,Monday,181,OFF RIGHT BEND INTO OBJECT/PARKED VEHICLE,1,51627,1,0,0,1,0,1,1,1,Cross intersection,3,60,Arterial Highway,144.273591,-36.761102,20180430,BENDIGO
T20180008175,2018-05-01,10:15:00,1,Collision with vehicle,3,Tuesday,110,CROSS TRAFFIC(INTERSECTIONS ONLY),1,59498,2,0,1,0,1,2,1,1,Cross intersection,2,50,Local Road,144.252311,-36.720395,20180501,BENDIGO
T20180008396,2018-05-03,17:53:00,1,Collision with vehicle,5,Thursday,120,HEAD ON (NOT OVERTAKING),3,51903,2,0,0,1,1,2,1,2,T intersection,3,80,Arterial Highway,144.317907,-36.695965,20180503,BENDIGO
T20180008397,2018-05-03,17:00:00,1,Collision with vehicle,4,Thursday,110,CROSS TRAFFIC(INTERSECTIONS ONLY),1,51546,2,0,0,1,1,2,1,1,Cross intersection,3,50,Local Road,144.299855,-36.740214,20180503,BENDIGO
T20180008387,2018-05-03,21:50:00,4,Collision with a fixed object,5,Thursday,173,RIGHT OFF CARRIAGEWAY INTO OBJECT/PARKED VEHICLE,6,335641,1,0,1,0,0,1,1,2,T intersection,2,60,Local Road,144.242079,-36.724796,20180503,BENDIGO
T20180008459,2018-05-04,19:20:00,1,Collision with vehicle,6,Friday,121,RIGHT THROUGH,1,29982,2,0,0,1,1,2,1,1,Cross intersection,3,50,Local Road,144.280297,-36.761342,20180504,BENDIGO
T20180008475,2018-05-04,21:03:00,1,Collision with vehicle,5,Friday,121,RIGHT THROUGH,3,44630,2,0,0,1,1,2,1,1,Cross intersection,3,60,Arterial Highway,144.270579,-36.763471,20180504,BENDIGO
T20180008509,2018-05-05,12:00:00,1,Collision with vehicle,7,Saturday,130,REAR END(VEHICLES IN SAME LANE),1,331126,3,0,1,0,9,10,1,5,Not at intersection,2,80,Arterial Highway,144.240562,-36.80945,20180505,BENDIGO
T20180008824,2018-05-10,09:00:00,1,Collision with vehicle,5,Thursday,121,RIGHT THROUGH,1,330289,2,0,0,1,1,2,1,5,Not at intersection,3,50,Local Road,144.25722,-36.71888,20180510,BENDIGO
T20180008858,2018-05-10,13:15:00,4,Collision with a fixed object,5,Thursday,171,LEFT OFF CARRIAGEWAY INTO OBJECT/PARKED VEHICLE,1,332662,1,0,1,0,0,1,1,5,Not at intersection,2,100,Arterial Highway,144.225516,-36.856468,20180510,BENDIGO
T20180008989,2018-05-12,05:00:00,7,Fall from or in moving vehicle,7,Saturday,190,FELL IN/FROM VEHICLE,6,330896,1,0,0,1,0,1,2,5,Not at intersection,3,999,Local Road,144.283797,-36.746738,20180512,BENDIGO
T20180009007,2018-05-12,16:55:00,1,Collision with vehicle,7,Saturday,120,HEAD ON (NOT OVERTAKING),1,332092,2,0,2,1,0,3,1,5,Not at intersection,2,100,Arterial Highway,144.228538,-36.851749,20180512,BENDIGO
T20180008993,2018-05-12,09:50:00,1,Collision with vehicle,7,Saturday,130,REAR END(VEHICLES IN SAME LANE),1,330462,2,0,0,1,1,2,1,5,Not at intersection,3,80,Arterial Highway,144.695297,-36.908931,20180512,BENDIGO
T20180009107,2018-05-14,11:15:00,1,Collision with vehicle,2,Monday,121,RIGHT THROUGH,1,332294,2,0,1,0,1,2,1,5,Not at intersection,2,70,Local Road,144.201088,-36.756939,20180514,BENDIGO
T20180009288,2018-05-16,21:00:00,6,Vehicle overturned (no collision),4,Wednesday,170,OFF CARRIAGEWAY TO LEFT,5,330496,1,1,0,0,0,1,1,5,Not at intersection,1,100,,144.248972,-36.553809,20180516,BENDIGO
T20180009303,2018-05-17,06:30:00,1,Collision with vehicle,5,Thursday,147,VEHICLE STRIKES ANOTHER VEH WHILE EMERGING FROM DRIVEWAY,5,331344,2,0,2,0,0,2,1,5,Not at intersection,2,100,Local Road,144.732161,-36.887005,20180517,BENDIGO
T20180009434,2018-05-18,19:20:00,1,Collision with vehicle,6,Friday,121,RIGHT THROUGH,3,306745,2,0,1,2,0,3,1,2,T intersection,2,80,Arterial Highway,144.694637,-36.907962,20180518,BENDIGO
T20180014816,2018-05-19,21:30:00,6,Vehicle overturned (no collision),7,Saturday,180,OFF CARRIAGEWAY ON RIGHT BEND,5,335982,1,0,0,1,0,1,2,5,Not at intersection,3,50,Local Road,144.235041,-36.76312,20180519,BENDIGO
T20180009563,2018-05-21,11:10:00,1,Collision with vehicle,2,Monday,110,CROSS TRAFFIC(INTERSECTIONS ONLY),1,51720,2,0,1,0,1,2,1,1,Cross intersection,2,60,Local Road,144.235831,-36.790972,20180521,BENDIGO
T20180010118,2018-05-22,09:30:00,1,Collision with vehicle,3,Tuesday,110,CROSS TRAFFIC(INTERSECTIONS ONLY),1,59807,2,0,0,1,1,2,2,1,Cross intersection,3,60,Local Road,144.295588,-36.774808,20180522,BENDIGO
T20180009712,2018-05-23,08:30:00,1,Collision with vehicle,4,Wednesday,130,REAR END(VEHICLES IN SAME LANE),1,51528,2,0,0,1,1,2,1,1,Cross intersection,3,60,Arterial Highway,144.306235,-36.729707,20180523,BENDIGO
T20180010376,2018-06-01,09:00:00,2,Struck Pedestrian,5,Friday,104,PED WALKING WITH TRAFFIC,1,331343,1,0,0,1,1,2,2,1,Cross intersection,3,50,Local Road,144.713319,-36.929109,20180601,BENDIGO
T20180010315,2018-06-01,10:10:00,4,Collision with a fixed object,6,Friday,171,LEFT OFF CARRIAGEWAY INTO OBJECT/PARKED VEHICLE,1,331185,1,0,1,0,0,1,1,5,Not at intersection,2,60,Arterial Highway,144.258236,-36.747541,20180601,BENDIGO
T20180013640,2018-06-04,10:00:00,6,Vehicle overturned (no collision),2,Monday,184,OUT OF CONTROL ON CARRIAGEWAY (ON BEND),1,332725,1,0,0,1,0,1,2,2,T intersection,3,50,Local Road,144.296939,-36.770528,20180604,BENDIGO
T20180010602,2018-06-05,08:40:00,1,Collision with vehicle,3,Tuesday,130,REAR END(VEHICLES IN SAME LANE),1,339628,2,0,0,2,1,3,2,5,Not at intersection,3,60,Arterial Highway,144.300742,-36.736821,20180605,BENDIGO
T20180010684,2018-06-06,16:08:00,1,Collision with vehicle,4,Wednesday,120,HEAD ON (NOT OVERTAKING),1,358958,2,0,0,1,1,2,1,5,Not at intersection,3,60,Local Road,144.278599,-36.73362,20180606,BENDIGO
T20180010799,2018-06-08,15:10:00,1,Collision with vehicle,6,Friday,121,RIGHT THROUGH,1,343920,2,0,2,1,0,3,1,2,T intersection,2,60,Local Road,144.306398,-36.742093,20180608,BENDIGO
T20180010856,2018-06-09,09:40:00,1,Collision with vehicle,7,Saturday,110,CROSS TRAFFIC(INTERSECTIONS ONLY),1,58082,2,0,1,0,1,2,1,1,Cross intersection,2,60,Local Road,144.341989,-36.810501,20180609,BENDIGO
T20180010981,2018-06-11,11:10:00,1,Collision with vehicle,2,Monday,159,OTHER OVERTAKING MANOEUVRES NOT INCLUDED IN DCAs 150-154,1,331411,4,1,0,1,5,7,1,5,Not at intersection,1,100,Arterial Highway,144.702688,-36.86271,20180611,BENDIGO
T20180011771,2018-06-13,15:15:00,1,Collision with vehicle,4,Wednesday,113,RIGHT NEAR (INTERSECTIONS ONLY),9,59689,2,0,0,1,1,2,2,2,T intersection,3,60,Arterial Other,144.269248,-36.757777,20180613,BENDIGO
T20180011420,2018-06-18,16:30:00,2,Struck Pedestrian,1,Monday,100,PED NEAR SIDE. PED HIT BY VEHICLE FROM THE RIGHT.,1,44715,1,0,1,0,1,2,1,1,Cross intersection,2,50,Arterial Highway,144.253698,-36.718652,20180618,BENDIGO
T20180012105,2018-06-18,06:23:00,1,Collision with vehicle,2,Monday,110,CROSS TRAFFIC(INTERSECTIONS ONLY),3,44630,3,0,0,3,2,5,1,1,Cross intersection,3,60,Arterial Highway,144.270579,-36.763471,20180618,BENDIGO
T20180011758,2018-06-23,12:40:00,1,Collision with vehicle,7,Saturday,130,REAR END(VEHICLES IN SAME LANE),1,336728,2,0,0,1,1,2,1,5,Not at intersection,3,60,Arterial Other,144.317434,-36.75924,20180623,BENDIGO
T20180011841,2018-06-24,17:30:00,4,Collision with a fixed object,1,Sunday,171,LEFT OFF CARRIAGEWAY INTO OBJECT/PARKED VEHICLE,5,331894,1,0,0,1,4,5,1,5,Not at intersection,3,100,,144.17356,-36.80456,20180624,BENDIGO