ACCIDENT_NO,ACCIDENT_DATE,ACCIDENT_TIME,ACCIDENT_TYPE,ACCIDENT_TYPE_DESC,DAY_OF_WEEK,DAY_WEEK_DESC,DCA_CODE,DCA_DESC,LIGHT_CONDITION,NODE_ID,NO_OF_VEHICLES,NO_PERSONS_KILLED,NO_PERSONS_INJ_2,NO_PERSONS_INJ_3,NO_PERSONS_NOT_INJ,NO_PERSONS,POLICE_ATTEND,ROAD_GEOMETRY,ROAD_GEOMETRY_DESC,SEVERITY,SPEED_ZONE,RMA, LAT, LONG, DATE, COUNCIL
T20180014506,2018-06-29,18:18:00,3,Struck animal,6,Friday,167,STRUCK ANIMAL,9,335935,1,0,0,1,0,1,1,5,Not at intersection,3,100,Arterial Highway,144.22176,-36.86152,20180629,BENDIGO
T20180013485,2018-07-07,14:30:00,6,Vehicle overturned (no collision),7,Saturday,174,OUT OF CONTROL ON CARRIAGEWAY (ON STRAIGHT),1,335833,1,0,0,1,0,1,2,5,Not at intersection,3,999,Local Road,144.250142,-36.70687,20180707,BENDIGO
T20180012853,2018-07-09,12:40:00,1,Collision with vehicle,2,Monday,110,CROSS TRAFFIC(INTERSECTIONS ONLY),1,55312,2,0,1,0,2,3,1,1,Cross intersection,2,60,Arterial Other,144.69859,-36.916379,20180709,BENDIGO
T20180012859,2018-07-09,10:33:00,6,Vehicle overturned (no collision),1,Monday,170,OFF CARRIAGEWAY TO LEFT,1,335795,1,0,0,1,0,1,1,9,Unknown,3,100,,144.57625,-36.486852,20180709,BENDIGO
T20180012978,2018-07-10,14:45:00,4,Collision with a fixed object,3,Tuesday,173,RIGHT OFF CARRIAGEWAY INTO OBJECT/PARKED VEHICLE,1,332647,1,0,1,0,0,1,1,5,Not at intersection,2,100,Local Road,144.390833,-36.83234,20180710,BENDIGO
T20180013217,2018-07-14,00:15:00,6,Vehicle overturned (no collision),7,Saturday,182,OFF CARRIAGEWAY ON LEFT BEND,5,336782,1,0,1,1,0,2,1,5,Not at intersection,2,100,Local Road,144.122227,-36.865666,20180714,BENDIGO
T20180013304,2018-07-15,15:30:00,6,Vehicle overturned (no collision),1,Sunday,179,OTHER ACCIDENTS-OFF STRAIGHT NOT INCLUDED IN DCAs 170-175,1,29984,1,0,0,1,0,1,1,1,Cross intersection,3,60,Local Road,144.285093,-36.776419,20180715,BENDIGO
T20180013434,2018-07-17,18:50:00,4,Collision with a fixed object,3,Tuesday,181,OFF RIGHT BEND INTO OBJECT/PARKED VEHICLE,5,332834,1,0,1,0,0,1,1,5,Not at intersection,2,100,Local Road,144.403389,-36.654939,20180717,BENDIGO
T20180014082,2018-07-18,08:25:00,1,Collision with vehicle,3,Wednesday,134,LANE CHANGE RIGHT (NOT OVERTAKING),1,338404,2,0,0,1,1,2,2,4,Multiple intersection,3,50,Local Road,144.292105,-36.769101,20180718,BENDIGO
T20180013729,2018-07-18,13:30:00,4,Collision with a fixed object,4,Wednesday,181,OFF RIGHT BEND INTO OBJECT/PARKED VEHICLE,1,332714,1,0,0,1,0,1,1,5,Not at intersection,3,100,Local Road,144.300472,-36.689461,20180718,BENDIGO
T20180013568,2018-07-19,17:46:00,1,Collision with vehicle,5,Thursday,160,VEHICLE COLLIDES WITH VEHICLE PARKED ON LEFT OF ROAD,2,332689,2,0,0,1,0,1,1,5,Not at intersection,3,50,Local Road,144.266655,-36.740064,20180719,BENDIGO
T20180013659,2018-07-20,18:10:00,1,Collision with vehicle,6,Friday,110,CROSS TRAFFIC(INTERSECTIONS ONLY),5,44641,2,0,0,1,1,2,2,1,Cross intersection,3,40,Local Road,144.284369,-36.762292,20180720,BENDIGO
T20180013746,2018-07-22,13:25:00,1,Collision with vehicle,1,Sunday,140,U TURN,1,337210,3,0,1,0,1,2,1,5,Not at intersection,2,80,Arterial Other,144.345261,-36.79988,20180722,BENDIGO
T20180014002,2018-07-25,19:30:00,1,Collision with vehicle,3,Wednesday,142,LEAVING PARKING,5,332849,2,1,0,1,0,2,1,5,Not at intersection,1,100,Arterial Highway,144.648717,-36.435979,20180725,BENDIGO
T20180014151,2018-07-28,10:30:00,1,Collision with vehicle,6,Saturday,140,U TURN,1,44715,2,0,0,1,1,2,1,1,Cross intersection,3,50,Arterial Highway,144.253698,-36.718652,20180728,BENDIGO
T20180014259,2018-07-29,20:10:00,1,Collision with vehicle,1,Sunday,110,CROSS TRAFFIC(INTERSECTIONS ONLY),3,35770,2,0,1,1,4,6,1,1,Cross intersection,2,50,Arterial Highway,144.278595,-36.7597,20180729,BENDIGO
T20180014310,2018-07-30,22:49:00,2,Struck Pedestrian,1,Monday,194,PARKED CAR RUN AWAY,3,335900,2,0,0,1,0,1,1,2,T intersection,3,50,Local Road,144.277042,-36.711811,20180730,BENDIGO
T20180014357,2018-07-31,06:50:00,4,Collision with a fixed object,3,Tuesday,171,LEFT OFF CARRIAGEWAY INTO OBJECT/PARKED VEHICLE,3,335920,1,0,1,0,0,1,1,5,Not at intersection,2,60,Arterial Other,144.300339,-36.771391,20180731,BENDIGO
T20180014728,2018-08-05,18:20:00,4,Collision with a fixed object,1,Sunday,181,OFF RIGHT BEND INTO OBJECT/PARKED VEHICLE,5,600634,1,0,1,0,0,1,1,5,Not at intersection,2,60,Local Road,144.227395,-36.707587,20180805,BENDIGO
T20180014722,2018-08-05,15:46:00,1,Collision with vehicle,1,Sunday,132,RIGHT REAR.,1,339045,2,0,2,0,1,3,1,2,T intersection,2,60,,144.245191,-36.797906,20180805,BENDIGO
T20180014791,2018-08-06,20:10:00,1,Collision with vehicle,2,Monday,116,LEFT NEAR (INTERSECTIONS ONLY),3,355448,2,0,1,1,2,4,1,1,Cross intersection,2,60,Arterial Highway,144.291828,-36.757281,20180806,BENDIGO
T20180015545,2018-08-09,13:00:00,1,Collision with vehicle,5,Thursday,130,REAR END(VEHICLES IN SAME LANE),1,339766,2,0,0,2,0,2,1,5,Not at intersection,3,60,Arterial Other,144.25917,-36.74057,20180809,BENDIGO
T20180015144,2018-08-11,13:10:00,1,Collision with vehicle,7,Saturday,120,HEAD ON (NOT OVERTAKING),1,336972,2,0,1,0,1,2,1,5,Not at intersection,2,100,,144.156535,-36.626492,20180811,BENDIGO
T20180015174,2018-08-11,20:00:00,1,Collision with vehicle,7,Saturday,171,LEFT OFF CARRIAGEWAY INTO OBJECT/PARKED VEHICLE,3,337124,2,0,1,0,0,1,1,5,Not at intersection,2,50,Local Road,144.319271,-36.76636,20180811,BENDIGO
T20180015165,2018-08-11,18:45:00,3,Struck animal,7,Saturday,167,STRUCK ANIMAL,5,336052,1,0,1,0,0,1,1,2,T intersection,2,100,Local Road,144.451706,-36.689403,20180811,BENDIGO
T20180015384,2018-08-15,07:00:00,1,Collision with vehicle,4,Wednesday,140,U TURN,2,338770,2,0,2,0,0,2,1,5,Not at intersection,2,60,,144.253434,-36.734758,20180815,BENDIGO
T20180015402,2018-08-15,09:15:00,1,Collision with vehicle,3,Wednesday,130,REAR END(VEHICLES IN SAME LANE),1,49316,2,0,0,1,0,1,2,1,Cross intersection,3,60,Arterial Other,144.283699,-36.752597,20180815,BENDIGO
T20180015491,2018-08-16,16:40:00,1,Collision with vehicle,4,Thursday,114,TWO RIGHT TURNING (INTERSECTIONS ONLY),1,337398,2,0,0,1,1,2,1,2,T intersection,3,60,Local Road,144.241494,-36.724604,20180816,BENDIGO
T20180015755,2018-08-20,19:30:00,4,Collision with a fixed object,2,Monday,173,RIGHT OFF CARRIAGEWAY INTO OBJECT/PARKED VEHICLE,3,336896,1,0,1,1,0,2,1,5,Not at intersection,2,60,Local Road,144.293762,-36.751938,20180820,BENDIGO
T20180017480,2018-08-21,07:30:00,4,Collision with a fixed object,3,Tuesday,173,RIGHT OFF CARRIAGEWAY INTO OBJECT/PARKED VEHICLE,2,336601,1,0,0,1,0,1,2,5,Not at intersection,3,100,Local Road,144.533777,-36.955738,20180821,BENDIGO
T20180015834,2018-08-22,06:55:00,1,Collision with vehicle,4,Wednesday,129,OTHER OPPOSING MANOEUVRES NOT INCLUDED IN DCAs 120-125.,2,51679,2,0,1,0,1,2,1,1,Cross intersection,2,60,,144.268797,-36.772742,20180822,BENDIGO
T20180015992,2018-08-24,14:35:00,4,Collision with a fixed object,6,Friday,183,OFF LEFT BEND INTO OBJECT/PARKED VEHICLE,1,339030,1,0,2,0,0,2,1,5,Not at intersection,2,60,Arterial Other,144.274504,-36.773011,20180824,BENDIGO
T20180018156,2018-08-25,13:00:00,1,Collision with vehicle,6,Saturday,130,REAR END(VEHICLES IN SAME LANE),1,49321,2,0,0,1,1,2,2,1,Cross intersection,3,60,Arterial Other,144.305216,-36.773247,20180825,BENDIGO
T20180016103,2018-08-26,07:45:00,2,Struck Pedestrian,1,Sunday,100,PED NEAR SIDE. PED HIT BY VEHICLE FROM THE RIGHT.,1,51728,1,0,1,0,1,2,1,1,Cross intersection,2,60,Arterial Highway,144.243898,-36.796822,20180826,BENDIGO
T20180016768,2018-08-29,15:02:00,1,Collision with vehicle,4,Wednesday,132,RIGHT REAR.,1,59790,2,0,1,1,0,2,1,2,T intersection,2,100,Arterial Highway,144.36751,-36.772962,20180829,BENDIGO
T20180016600,2018-09-02,13:45:00,1,Collision with vehicle,1,Sunday,112,LEFT FAR (INTERSECTIONS ONLY),1,59747,2,0,0,1,1,2,2,2,T intersection,3,60,,144.292245,-36.766819,20180902,BENDIGO
T20180016668,2018-09-03,16:10:00,1,Collision with vehicle,2,Monday,120,HEAD ON (NOT OVERTAKING),1,59790,2,0,0,1,1,2,1,2,T intersection,3,100,Arterial Highway,144.36751,-36.772962,20180903,BENDIGO
T20180016669,2018-09-03,18:20:00,1,Collision with vehicle,2,Monday,130,REAR END(VEHICLES IN SAME LANE),2,30031,2,0,0,1,2,3,1,1,Cross intersection,3,60,Arterial Highway,144.291933,-36.757373,20180903,BENDIGO
T20180016663,2018-09-03,15:10:00,4,Collision with a fixed object,2,Monday,151,OUT OF CONTROL (OVERTAKING),1,337084,1,0,1,0,0,1,1,5,Not at intersection,2,60,Local Road,144.323962,-36.69005,20180903,BENDIGO
T20180016620,2018-09-03,00:01:00,4,Collision with a fixed object,2,Monday,173,RIGHT OFF CARRIAGEWAY INTO OBJECT/PARKED VEHICLE,3,337009,1,0,0,1,0,1,1,2,T intersection,3,60,Local Road,144.229484,-36.781918,20180903,BENDIGO
T20180016911,2018-09-05,00:32:00,8,No collision and no object struck,4,Wednesday,174,OUT OF CONTROL ON CARRIAGEWAY (ON STRAIGHT),3,337115,1,0,0,1,0,1,1,5,Not at intersection,3,40,,144.281559,-36.75033,20180905,BENDIGO
T20180016883,2018-09-06,17:15:00,2,Struck Pedestrian,5,Thursday,102,FAR SIDE. PED HIT BY VEHICLE FROM THE LEFT,1,35815,1,0,1,0,1,2,1,4,Multiple intersection,2,60,Arterial Other,144.292096,-36.769124,20180906,BENDIGO
T20180016948,2018-09-07,14:55:00,2,Struck Pedestrian,6,Friday,102,FAR SIDE. PED HIT BY VEHICLE FROM THE LEFT,1,336312,1,0,1,0,1,2,1,5,Not at intersection,2,50,Arterial Highway,144.244181,-36.79567,20180907,BENDIGO
T20180017031,2018-09-07,15:50:00,1,Collision with vehicle,5,Friday,120,HEAD ON (NOT OVERTAKING),1,336561,2,0,0,1,1,2,1,5,Not at intersection,3,100,Arterial Highway,144.575359,-36.804031,20180907,BENDIGO
T20180017107,2018-09-07,15:00:00,1,Collision with vehicle,6,Friday,130,REAR END(VEHICLES IN SAME LANE),1,335702,2,0,1,0,0,1,2,5,Not at intersection,2,60,Local Road,144.11582,-36.740891,20180907,BENDIGO
T20180017080,2018-09-10,08:55:00,4,Collision with a fixed object,2,Monday,171,LEFT OFF CARRIAGEWAY INTO OBJECT/PARKED VEHICLE,1,59671,1,0,0,1,0,1,1,5,Not at intersection,3,60,Arterial Highway,144.261885,-36.754894,20180910,BENDIGO
T20180017274,2018-09-13,14:15:00,1,Collision with vehicle,5,Thursday,130,REAR END(VEHICLES IN SAME LANE),1,49318,3,0,1,1,1,3,1,4,Multiple intersection,2,60,Arterial Highway,144.287376,-36.758373,20180913,BENDIGO
T20180017996,2018-09-14,19:45:00,1,Collision with vehicle,6,Friday,130,REAR END(VEHICLES IN SAME LANE),3,288498,2,0,0,1,1,2,2,1,Cross intersection,3,40,Arterial Highway,144.278355,-36.75947,20180914,BENDIGO
T20180018953,2018-09-15,20:00:00,4,Collision with a fixed object,6,Saturday,173,RIGHT OFF CARRIAGEWAY INTO OBJECT/PARKED VEHICLE,5,360245,1,0,0,1,2,3,1,5,Not at intersection,3,60,Local Road,144.232889,-36.82191,20180915,BENDIGO
T20180017426,2018-09-15,13:45:00,1,Collision with vehicle,7,Saturday,160,VEHICLE COLLIDES WITH VEHICLE PARKED ON LEFT OF ROAD,1,44715,2,0,0,1,4,5,1,1,Cross intersection,3,50,Arterial Highway,144.253698,-36.718652,20180915,BENDIGO
T20180017497,2018-09-16,11:20:00,6,Vehicle overturned (no collision),1,Sunday,149,OTHER MANOEUVRING NOT INCLUDED IN DCAs 140-148,1,336368,1,0,1,0,1,2,1,5,Not at intersection,2,50,Arterial Highway,144.710158,-36.924021,20180916,BENDIGO
T20180017556,2018-09-17,08:45:00,6,Vehicle overturned (no collision),2,Monday,110,CROSS TRAFFIC(INTERSECTIONS ONLY),1,59864,1,0,1,0,0,1,1,1,Cross intersection,2,60,Arterial Other,144.239379,-36.79623,20180917,BENDIGO
T20180017846,2018-09-21,15:50:00,4,Collision with a fixed object,6,Friday,171,LEFT OFF CARRIAGEWAY INTO OBJECT/PARKED VEHICLE,1,337452,1,0,1,0,0,1,1,5,Not at intersection,2,100,,144.346793,-36.917441,20180921,BENDIGO
T20180017902,2018-09-22,15:16:00,4,Collision with a fixed object,7,Saturday,173,RIGHT OFF CARRIAGEWAY INTO OBJECT/PARKED VEHICLE,1,336635,1,0,0,1,0,1,1,5,Not at intersection,3,50,,144.275209,-36.756651,20180922,BENDIGO
T20180018173,2018-09-26,18:30:00,2,Struck Pedestrian,3,Wednesday,103,PED PLAYING/LYING/WORKING/STANDING ON CARRIAGEWAY.,3,338399,1,0,0,1,1,2,1,2,T intersection,3,50,Local Road,144.26703,-36.72244,20180926,BENDIGO
T20180018223,2018-09-27,12:40:00,1,Collision with vehicle,5,Thursday,116,LEFT NEAR (INTERSECTIONS ONLY),1,59874,2,0,1,0,1,2,1,1,Cross intersection,2,50,Local Road,144.24381,-36.803243,20180927,BENDIGO
T20180018777,2018-09-27,12:45:00,1,Collision with vehicle,4,Thursday,130,REAR END(VEHICLES IN SAME LANE),1,335469,2,0,0,1,1,2,1,5,Not at intersection,3,80,Arterial Highway,144.241854,-36.804341,20180927,BENDIGO
T20180018321,2018-09-28,23:09:00,1,Collision with vehicle,6,Friday,137,LEFT TURN SIDESWIPE,3,35770,2,0,0,2,2,4,2,1,Cross intersection,3,50,Arterial Highway,144.278595,-36.7597,20180928,BENDIGO
T20180018428,2018-10-01,11:00:00,6,Vehicle overturned (no collision),2,Monday,170,OFF CARRIAGEWAY TO LEFT,1,335462,1,0,1,0,0,1,1,5,Not at intersection,2,100,Arterial Highway,144.19853,-36.67351,20181001,BENDIGO
T20180018539,2018-10-02,17:50:00,1,Collision with vehicle,3,Tuesday,134,LANE CHANGE RIGHT (NOT OVERTAKING),1,335458,2,0,0,1,1,2,1,5,Not at intersection,3,60,Arterial Other,144.310876,-36.773426,20181002,BENDIGO
T20180018851,2018-10-07,21:00:00,4,Collision with a fixed object,1,Sunday,173,RIGHT OFF CARRIAGEWAY INTO OBJECT/PARKED VEHICLE,5,337523,1,0,1,0,0,1,1,5,Not at intersection,2,100,,144.15824,-36.772017,20181007,BENDIGO
T20180018963,2018-10-09,14:29:00,1,Collision with vehicle,3,Tuesday,120,HEAD ON (NOT OVERTAKING),1,338774,2,0,1,1,1,3,1,5,Not at intersection,2,60,Local Road,144.274701,-36.74298,20181009,BENDIGO
T20180019107,2018-10-11,18:15:00,6,Vehicle overturned (no collision),5,Thursday,182,OFF CARRIAGEWAY ON LEFT BEND,1,338771,1,0,0,1,0,1,1,5,Not at intersection,3,100,,144.52206,-36.67617,20181011,BENDIGO
T20180019220,2018-10-13,12:25:00,1,Collision with vehicle,7,Saturday,131,LEFT REAR,1,335429,2,0,1,1,0,2,1,1,Cross intersection,2,80,Arterial Highway,144.335269,-36.766082,20181013,BENDIGO
T20180019291,2018-10-14,12:44:00,4,Collision with a fixed object,1,Sunday,173,RIGHT OFF CARRIAGEWAY INTO OBJECT/PARKED VEHICLE,1,339496,1,0,2,0,0,2,1,5,Not at intersection,2,100,,144.556516,-36.577589,20181014,BENDIGO
T20180019391,2018-10-16,09:13:00,1,Collision with vehicle,3,Tuesday,130,REAR END(VEHICLES IN SAME LANE),1,51563,2,0,1,2,1,4,1,1,Cross intersection,2,50,Local Road,144.260979,-36.747367,20181016,BENDIGO
T20180020011,2018-10-25,09:45:00,1,Collision with vehicle,4,Thursday,113,RIGHT NEAR (INTERSECTIONS ONLY),1,33725,2,0,0,1,1,2,1,1,Cross intersection,3,50,Arterial Highway,144.252546,-36.717914,20181025,BENDIGO
T20180023134,2018-10-28,17:15:00,4,Collision with a fixed object,1,Sunday,173,RIGHT OFF CARRIAGEWAY INTO OBJECT/PARKED VEHICLE,1,340485,2,0,0,1,0,1,2,5,Not at intersection,3,100,Local Road,144.54447,-36.62025,20181028,BENDIGO
T20180020462,2018-10-31,18:55:00,1,Collision with vehicle,3,Wednesday,110,CROSS TRAFFIC(INTERSECTIONS ONLY),1,360256,2,0,0,2,4,6,1,1,Cross intersection,3,60,Arterial Highway,144.258238,-36.746907,20181031,BENDIGO
T20180020559,2018-11-01,12:35:00,6,Vehicle overturned (no collision),5,Thursday,174,OUT OF CONTROL ON CARRIAGEWAY (ON STRAIGHT),1,340000,1,0,0,1,0,1,1,5,Not at intersection,3,100,Arterial Highway,144.696998,-36.89572,20181101,BENDIGO
T20180020552,2018-11-02,07:57:00,4,Collision with a fixed object,6,Friday,171,LEFT OFF CARRIAGEWAY INTO OBJECT/PARKED VEHICLE,1,279125,1,0,1,0,0,1,1,2,T intersection,2,110,Freeway,144.221834,-36.921502,20181102,BENDIGO
T20180020556,2018-11-02,09:30:00,1,Collision with vehicle,6,Friday,120,HEAD ON (NOT OVERTAKING),1,339173,3,0,0,1,2,3,1,5,Not at intersection,3,70,Arterial Highway,144.318671,-36.759695,20181102,BENDIGO
T20180020808,2018-11-06,15:25:00,1,Collision with vehicle,3,Tuesday,121,RIGHT THROUGH,1,49321,2,0,1,3,3,7,1,1,Cross intersection,2,60,Arterial Other,144.305216,-36.773247,20181106,BENDIGO
T20180020860,2018-11-06,18:00:00,1,Collision with vehicle,3,Tuesday,130,REAR END(VEHICLES IN SAME LANE),1,278245,2,0,0,1,1,2,2,2,T intersection,3,60,Arterial Highway,144.221437,-36.755786,20181106,BENDIGO
T20180020828,2018-11-06,18:10:00,6,Vehicle overturned (no collision),2,Tuesday,170,OFF CARRIAGEWAY TO LEFT,1,339825,1,0,1,0,0,1,1,5,Not at intersection,2,100,Local Road,144.204608,-36.675806,20181106,BENDIGO
T20180021020,2018-11-10,10:40:00,1,Collision with vehicle,7,Saturday,160,VEHICLE COLLIDES WITH VEHICLE PARKED ON LEFT OF ROAD,1,338803,2,0,1,0,0,1,1,5,Not at intersection,2,60,,144.291113,-36.768258,20181110,BENDIGO
T20180021191,2018-11-12,17:15:00,1,Collision with vehicle,1,Monday,110,CROSS TRAFFIC(INTERSECTIONS ONLY),1,51523,2,0,0,1,1,2,2,1,Cross intersection,3,60,Local Road,144.264611,-36.72718,20181112,BENDIGO
T20180021180,2018-11-12,11:30:00,1,Collision with vehicle,2,Monday,150,HEAD ON(OVERTAKING),1,339222,3,0,0,1,2,3,1,5,Not at intersection,3,100,,144.415373,-36.649433,20181112,BENDIGO
T20180021909,2018-11-14,12:55:00,1,Collision with vehicle,4,Wednesday,121,RIGHT THROUGH,1,51593,2,0,1,2,1,4,1,1,Cross intersection,2,60,Arterial Other,144.274076,-36.755246,20181114,BENDIGO
T20180021777,2018-11-16,18:15:00,1,Collision with vehicle,5,Friday,131,LEFT REAR,1,29977,2,0,0,1,2,3,2,1,Cross intersection,3,60,Arterial Other,144.283473,-36.750173,20181116,BENDIGO
T20180021880,2018-11-17,15:15:00,1,Collision with vehicle,6,Saturday,116,LEFT NEAR (INTERSECTIONS ONLY),1,29984,2,0,0,1,1,2,2,1,Cross intersection,3,60,Local Road,144.285093,-36.776419,20181117,BENDIGO
T20180021800,2018-11-21,08:24:00,8,No collision and no object struck,4,Wednesday,170,OFF CARRIAGEWAY TO LEFT,1,19424,2,0,1,0,1,2,1,1,Cross intersection,2,60,Arterial Other,144.274233,-36.743566,20181121,BENDIGO
T20180021801,2018-11-21,08:13:00,1,Collision with vehicle,4,Wednesday,120,HEAD ON (NOT OVERTAKING),1,340927,2,0,0,2,0,2,1,5,Not at intersection,3,100,Arterial Highway,144.447629,-36.776333,20181121,BENDIGO
T20180022341,2018-11-28,18:03:00,1,Collision with vehicle,4,Wednesday,110,CROSS TRAFFIC(INTERSECTIONS ONLY),1,226243,2,0,1,2,0,3,1,1,Cross intersection,2,60,Local Road,144.304265,-36.72079,20181128,BENDIGO
T20180022484,2018-11-30,15:14:00,4,Collision with a fixed object,5,Friday,171,LEFT OFF CARRIAGEWAY INTO OBJECT/PARKED VEHICLE,1,339965,1,0,1,0,0,1,1,5,Not at intersection,2,100,,144.486268,-36.621097,20181130,BENDIGO
T20180022701,2018-12-03,23:40:00,4,Collision with a fixed object,1,Monday,171,LEFT OFF CARRIAGEWAY INTO OBJECT/PARKED VEHICLE,5,346173,1,0,1,0,0,1,1,5,Not at intersection,2,100,,144.484669,-36.657177,20181203,BENDIGO
T20180023302,2018-12-05,08:15:00,1,Collision with vehicle,4,Wednesday,130,REAR END(VEHICLES IN SAME LANE),1,359288,4,0,0,2,3,5,1,5,Not at intersection,3,60,,144.243556,-36.760164,20181205,BENDIGO
T20180022928,2018-12-06,15:18:00,1,Collision with vehicle,5,Thursday,130,REAR END(VEHICLES IN SAME LANE),1,339998,2,0,0,1,2,3,1,5,Not at intersection,3,60,Arterial Highway,144.270445,-36.763312,20181206,BENDIGO
T20180023562,2018-12-15,10:12:00,1,Collision with vehicle,7,Saturday,110,CROSS TRAFFIC(INTERSECTIONS ONLY),1,51521,2,0,2,0,0,2,1,1,Cross intersection,2,40,Arterial Highway,144.309004,-36.726132,20181215,BENDIGO
T20180023649,2018-12-16,12:32:00,1,Collision with vehicle,1,Sunday,132,RIGHT REAR.,1,56138,2,0,1,1,2,4,1,1,Cross intersection,2,60,Arterial Other,144.289069,-36.769368,20181216,BENDIGO
T20180023741,2018-12-17,21:45:00,1,Collision with vehicle,2,Monday,110,CROSS TRAFFIC(INTERSECTIONS ONLY),3,19419,2,0,0,4,0,4,1,1,Cross intersection,3,60,Arterial Other,144.263983,-36.73788,20181217,BENDIGO
T20180023752,2018-12-17,01:30:00,1,Collision with vehicle,2,Monday,121,RIGHT THROUGH,3,51693,2,1,3,0,0,4,1,2,T intersection,1,60,Local Road,144.289382,-36.776286,20181217,BENDIGO
T20180024087,2018-12-22,21:00:00,6,Vehicle overturned (no collision),7,Saturday,182,OFF CARRIAGEWAY ON LEFT BEND,5,340967,1,0,2,0,0,2,1,2,T intersection,2,100,Local Road,144.248135,-36.830133,20181222,BENDIGO
T20180024279,2018-12-25,20:01:00,1,Collision with vehicle,3,Tuesday,113,RIGHT NEAR (INTERSECTIONS ONLY),1,265368,2,0,1,0,3,4,1,2,T intersection,2,60,Arterial Highway,144.2632,-36.770223,20181225,BENDIGO
T20190000067,2019-01-01,03:05:00,4,Collision with a fixed object,3,Tuesday,171,LEFT OFF CARRIAGEWAY INTO OBJECT/PARKED VEHICLE,3,344190,1,0,1,0,0,1,1,5,Not at intersection,2,60,Arterial Highway,144.314914,-36.711221,20190101,BENDIGO
T20190000264,2019-01-05,14:50:00,1,Collision with vehicle,7,Saturday,110,CROSS TRAFFIC(INTERSECTIONS ONLY),1,19689,2,0,0,3,3,6,1,1,Cross intersection,3,60,Arterial Highway,144.501997,-36.786944,20190105,BENDIGO
T20190000365,2019-01-07,13:00:00,1,Collision with vehicle,2,Monday,110,CROSS TRAFFIC(INTERSECTIONS ONLY),1,59524,3,0,2,0,2,4,1,1,Cross intersection,2,60,Arterial Highway,144.304867,-36.731458,20190107,BENDIGO
T20190000487,2019-01-09,15:05:00,4,Collision with a fixed object,4,Wednesday,171,LEFT OFF CARRIAGEWAY INTO OBJECT/PARKED VEHICLE,1,341248,1,0,1,0,0,1,1,5,Not at intersection,2,40,,144.304346,-36.772364,20190109,BENDIGO
T20190000509,2019-01-09,16:27:00,8,No collision and no object struck,4,Wednesday,174,OUT OF CONTROL ON CARRIAGEWAY (ON STRAIGHT),1,341224,1,0,1,0,0,1,1,5,Not at intersection,2,100,,144.262563,-36.680572,20190109,BENDIGO
T20190000608,2019-01-11,16:30:00,4,Collision with a fixed object,6,Friday,171,LEFT OFF CARRIAGEWAY INTO OBJECT/PARKED VEHICLE,1,341225,1,0,0,2,0,2,1,5,Not at intersection,3,100,Arterial Other,144.21732,-36.66535,20190111,BENDIGO
T20190000653,2019-01-11,23:50:00,1,Collision with vehicle,6,Friday,130,REAR END(VEHICLES IN SAME LANE),5,359144,2,0,0,2,0,2,1,5,Not at intersection,3,100,,144.212181,-36.88594,20190111,BENDIGO
T20190000660,2019-01-11,10:20:00,1,Collision with vehicle,6,Friday,131,LEFT REAR,1,51637,2,0,0,1,1,2,2,1,Cross intersection,3,50,Local Road,144.297757,-36.762978,20190111,BENDIGO
T20190000572,2019-01-11,08:00:00,4,Collision with a fixed object,6,Friday,173,RIGHT OFF CARRIAGEWAY INTO OBJECT/PARKED VEHICLE,1,341178,1,0,1,0,0,1,1,5,Not at intersection,2,60,Arterial Highway,144.258146,-36.74711,20190111,BENDIGO
T20190000679,2019-01-12,14:50:00,4,Collision with a fixed object,6,Saturday,183,OFF LEFT BEND INTO OBJECT/PARKED VEHICLE,1,341226,1,0,1,0,0,1,1,5,Not at intersection,2,100,Arterial Highway,144.205471,-36.698999,20190112,BENDIGO
T20190001901,2019-01-31,11:45:00,1,Collision with vehicle,5,Thursday,129,OTHER OPPOSING MANOEUVRES NOT INCLUDED IN DCAs 120-125.,1,51606,2,0,1,0,1,2,1,2,T intersection,2,60,Arterial Highway,144.260845,-36.757087,20190131,BENDIGO
T20190001982,2019-02-01,21:10:00,4,Collision with a fixed object,6,Friday,173,RIGHT OFF CARRIAGEWAY INTO OBJECT/PARKED VEHICLE,5,342269,1,0,1,0,0,1,1,5,Not at intersection,2,50,Local Road,144.24864,-36.801137,20190201,BENDIGO
T20190002247,2019-02-06,07:50:00,2,Struck Pedestrian,3,Wednesday,103,PED PLAYING/LYING/WORKING/STANDING ON CARRIAGEWAY.,1,59509,1,0,0,1,1,2,1,2,T intersection,3,40,Arterial Highway,144.310641,-36.724019,20190206,BENDIGO