ACCIDENT_NO,ACCIDENT_DATE,ACCIDENT_TIME,ACCIDENT_TYPE,ACCIDENT_TYPE_DESC,DAY_OF_WEEK,DAY_WEEK_DESC,DCA_CODE,DCA_DESC,LIGHT_CONDITION,NODE_ID,NO_OF_VEHICLES,NO_PERSONS_KILLED,NO_PERSONS_INJ_2,NO_PERSONS_INJ_3,NO_PERSONS_NOT_INJ,NO_PERSONS,POLICE_ATTEND,ROAD_GEOMETRY,ROAD_GEOMETRY_DESC,SEVERITY,SPEED_ZONE,RMA, LAT, LONG, DATE, COUNCIL
T20190002435,2019-02-08,12:10:00,1,Collision with vehicle,6,Friday,110,CROSS TRAFFIC(INTERSECTIONS ONLY),1,59607,2,1,0,0,1,2,1,1,Cross intersection,1,60,Arterial Other,144.277839,-36.746485,20190208,BENDIGO
T20190002470,2019-02-08,19:46:00,1,Collision with vehicle,6,Friday,132,RIGHT REAR.,1,51588,2,0,0,1,1,2,1,2,T intersection,3,60,Arterial Other,144.251582,-36.753996,20190208,BENDIGO
T20190002904,2019-02-12,11:55:00,1,Collision with vehicle,3,Tuesday,121,RIGHT THROUGH,1,342501,2,0,1,1,1,3,1,5,Not at intersection,2,60,Arterial Highway,144.502812,-36.787327,20190212,BENDIGO
T20190002796,2019-02-13,20:15:00,4,Collision with a fixed object,4,Wednesday,171,LEFT OFF CARRIAGEWAY INTO OBJECT/PARKED VEHICLE,2,342517,1,0,1,0,0,1,2,5,Not at intersection,2,999,Local Road,144.051549,-36.819904,20190213,BENDIGO
T20210003390,2019-02-13,10:30:00,9,Other accident,3,Wednesday,170,OFF CARRIAGEWAY TO LEFT,9,779743,1,0,0,1,0,1,9,5,Not at intersection,3,50,Local Road,144.79376,-36.928293,20190213,BENDIGO
T20190002883,2019-02-14,22:05:00,1,Collision with vehicle,5,Thursday,173,RIGHT OFF CARRIAGEWAY INTO OBJECT/PARKED VEHICLE,3,346590,2,0,1,0,0,1,1,5,Not at intersection,2,50,,144.233169,-36.779509,20190214,BENDIGO
T20190002874,2019-02-14,19:55:00,1,Collision with vehicle,5,Thursday,110,CROSS TRAFFIC(INTERSECTIONS ONLY),2,59295,2,0,1,1,0,2,1,1,Cross intersection,2,100,Arterial Other,144.380423,-36.48718,20190214,BENDIGO
T20190002879,2019-02-14,21:39:00,1,Collision with vehicle,5,Thursday,113,RIGHT NEAR (INTERSECTIONS ONLY),3,51741,2,0,1,1,0,2,1,1,Cross intersection,2,60,Arterial Other,144.35054,-36.805476,20190214,BENDIGO
T20190003052,2019-02-16,12:26:00,1,Collision with vehicle,7,Saturday,130,REAR END(VEHICLES IN SAME LANE),1,51642,2,0,0,1,2,3,2,1,Cross intersection,3,50,Arterial Other,144.282891,-36.763372,20190216,BENDIGO
T20190003163,2019-02-17,17:10:00,1,Collision with vehicle,1,Sunday,140,U TURN,1,342384,2,0,0,2,1,3,2,2,T intersection,3,60,Local Road,144.280407,-36.783986,20190217,BENDIGO
T20190005751,2019-02-18,20:00:00,4,Collision with a fixed object,2,Monday,171,LEFT OFF CARRIAGEWAY INTO OBJECT/PARKED VEHICLE,2,360317,1,0,1,0,0,1,1,1,Cross intersection,2,60,Local Road,144.263034,-36.772906,20190218,BENDIGO
T20190003231,2019-02-19,20:45:00,4,Collision with a fixed object,3,Tuesday,175,OFF END OF ROAD/T-INTERSECTION.,5,343982,1,0,0,1,0,1,1,5,Not at intersection,3,60,Local Road,144.261755,-36.789441,20190219,BENDIGO
T20190003201,2019-02-19,13:17:00,1,Collision with vehicle,3,Tuesday,113,RIGHT NEAR (INTERSECTIONS ONLY),1,19431,2,0,0,1,1,2,1,1,Cross intersection,3,60,Arterial Highway,144.284313,-36.75549,20190219,BENDIGO
T20190004709,2019-02-20,17:15:00,6,Vehicle overturned (no collision),3,Wednesday,174,OUT OF CONTROL ON CARRIAGEWAY (ON STRAIGHT),1,343383,1,0,0,1,0,1,2,5,Not at intersection,3,60,,144.338132,-36.759612,20190220,BENDIGO
T20190003293,2019-02-20,18:10:00,1,Collision with vehicle,4,Wednesday,130,REAR END(VEHICLES IN SAME LANE),1,342689,3,0,0,2,2,4,1,5,Not at intersection,3,60,Arterial Highway,144.2587,-36.72637,20190220,BENDIGO
T20190003360,2019-02-21,08:30:00,1,Collision with vehicle,5,Thursday,110,CROSS TRAFFIC(INTERSECTIONS ONLY),1,59464,2,0,1,0,1,2,1,1,Cross intersection,2,60,Local Road,144.322687,-36.696551,20190221,BENDIGO
T20190003368,2019-02-21,16:30:00,2,Struck Pedestrian,5,Thursday,100,PED NEAR SIDE. PED HIT BY VEHICLE FROM THE RIGHT.,1,342508,1,0,1,0,1,2,1,5,Not at intersection,2,60,Arterial Other,144.232109,-36.797258,20190221,BENDIGO
T20190003465,2019-02-22,16:25:00,2,Struck Pedestrian,6,Friday,100,PED NEAR SIDE. PED HIT BY VEHICLE FROM THE RIGHT.,1,343687,1,0,1,0,1,2,1,2,T intersection,2,40,Local Road,144.208633,-36.744679,20190222,BENDIGO
T20190003881,2019-02-28,08:00:00,1,Collision with vehicle,5,Thursday,120,HEAD ON (NOT OVERTAKING),1,343144,2,0,0,2,0,2,1,5,Not at intersection,3,60,Arterial Highway,144.259642,-36.757333,20190228,BENDIGO
T20190003973,2019-03-01,12:40:00,2,Struck Pedestrian,6,Friday,100,PED NEAR SIDE. PED HIT BY VEHICLE FROM THE RIGHT.,1,342978,1,0,1,0,1,2,1,5,Not at intersection,2,40,Local Road,144.282451,-36.760599,20190301,BENDIGO
T20190004088,2019-03-02,23:33:00,7,Fall from or in moving vehicle,7,Saturday,190,FELL IN/FROM VEHICLE,3,59791,1,0,1,1,5,7,1,2,T intersection,2,60,Arterial Other,144.27459,-36.772653,20190302,BENDIGO
T20190005076,2019-03-04,16:00:00,1,Collision with vehicle,2,Monday,113,RIGHT NEAR (INTERSECTIONS ONLY),1,51574,2,0,0,1,1,2,2,2,T intersection,3,60,Local Road,144.292008,-36.750677,20190304,BENDIGO
T20190004277,2019-03-05,18:18:00,1,Collision with vehicle,3,Tuesday,113,RIGHT NEAR (INTERSECTIONS ONLY),1,51556,2,0,0,3,3,6,1,2,T intersection,3,60,Arterial Other,144.290258,-36.744434,20190305,BENDIGO
T20190007189,2019-03-07,17:09:00,1,Collision with vehicle,5,Thursday,121,RIGHT THROUGH,1,51713,2,0,1,0,2,3,1,1,Cross intersection,2,60,Arterial Highway,144.246673,-36.785355,20190307,BENDIGO
T20190004544,2019-03-07,15:44:00,1,Collision with vehicle,5,Thursday,110,CROSS TRAFFIC(INTERSECTIONS ONLY),1,51655,2,0,0,2,0,2,1,1,Cross intersection,3,40,Local Road,144.278167,-36.765994,20190307,BENDIGO
T20190004527,2019-03-09,04:10:00,4,Collision with a fixed object,7,Saturday,183,OFF LEFT BEND INTO OBJECT/PARKED VEHICLE,3,59541,2,0,0,1,0,1,1,1,Cross intersection,3,60,Arterial Highway,144.131456,-36.735114,20190309,BENDIGO
T20190004692,2019-03-12,07:20:00,7,Fall from or in moving vehicle,3,Tuesday,179,OTHER ACCIDENTS-OFF STRAIGHT NOT INCLUDED IN DCAs 170-175,1,51568,1,0,0,1,0,1,2,5,Not at intersection,3,60,Arterial Other,144.315793,-36.749597,20190312,BENDIGO
T20190004718,2019-03-12,10:37:00,1,Collision with vehicle,3,Tuesday,160,VEHICLE COLLIDES WITH VEHICLE PARKED ON LEFT OF ROAD,1,343479,3,0,1,0,0,1,1,5,Not at intersection,2,60,Local Road,144.279083,-36.709731,20190312,BENDIGO
T20190005017,2019-03-13,20:36:00,1,Collision with vehicle,4,Wednesday,110,CROSS TRAFFIC(INTERSECTIONS ONLY),3,51546,2,0,1,2,2,5,1,1,Cross intersection,2,60,Local Road,144.299855,-36.740214,20190313,BENDIGO
T20190004894,2019-03-14,15:45:00,1,Collision with vehicle,4,Thursday,140,U TURN,1,347405,2,0,0,2,4,6,2,5,Not at intersection,3,50,Local Road,144.31932,-36.705548,20190314,BENDIGO
T20190004977,2019-03-15,16:10:00,4,Collision with a fixed object,6,Friday,183,OFF LEFT BEND INTO OBJECT/PARKED VEHICLE,1,359193,1,0,0,1,0,1,1,5,Not at intersection,3,100,Local Road,144.257,-36.81929,20190315,BENDIGO
T20190005118,2019-03-18,05:40:00,4,Collision with a fixed object,2,Monday,181,OFF RIGHT BEND INTO OBJECT/PARKED VEHICLE,5,343373,1,0,1,0,0,1,1,5,Not at intersection,2,100,,144.398011,-36.894251,20190318,BENDIGO
T20190005193,2019-03-19,07:10:00,3,Struck animal,2,Tuesday,167,STRUCK ANIMAL,2,343389,1,0,1,0,0,1,1,5,Not at intersection,2,90,Arterial Highway,144.342169,-36.769452,20190319,BENDIGO
T20190005180,2019-03-19,01:57:00,1,Collision with vehicle,3,Tuesday,169,OTHER ON PATH,6,343579,2,0,0,1,1,2,1,5,Not at intersection,3,50,Local Road,144.299262,-36.754058,20190319,BENDIGO
T20190005693,2019-03-24,03:00:00,4,Collision with a fixed object,1,Sunday,171,LEFT OFF CARRIAGEWAY INTO OBJECT/PARKED VEHICLE,3,35817,1,0,0,1,2,3,1,1,Cross intersection,3,60,Arterial Highway,144.261475,-36.771148,20190324,BENDIGO
T20190005707,2019-03-26,09:18:00,1,Collision with vehicle,2,Tuesday,114,TWO RIGHT TURNING (INTERSECTIONS ONLY),1,360222,2,0,0,1,1,2,1,2,T intersection,3,70,Local Road,144.238262,-36.818687,20190326,BENDIGO
T20190006157,2019-04-01,20:48:00,4,Collision with a fixed object,1,Monday,173,RIGHT OFF CARRIAGEWAY INTO OBJECT/PARKED VEHICLE,5,344100,1,0,1,0,0,1,1,5,Not at intersection,2,100,Local Road,144.33423,-36.91587,20190401,BENDIGO
T20190006166,2019-04-02,06:15:00,7,Fall from or in moving vehicle,3,Tuesday,179,OTHER ACCIDENTS-OFF STRAIGHT NOT INCLUDED IN DCAs 170-175,3,19424,1,0,0,1,0,1,1,1,Cross intersection,3,60,Arterial Other,144.274233,-36.743566,20190402,BENDIGO
T20190006327,2019-04-03,15:30:00,2,Struck Pedestrian,3,Wednesday,100,PED NEAR SIDE. PED HIT BY VEHICLE FROM THE RIGHT.,1,19413,1,0,0,1,1,2,2,1,Cross intersection,3,60,Arterial Other,144.291879,-36.731364,20190403,BENDIGO
T20190006270,2019-04-03,07:00:00,1,Collision with vehicle,3,Wednesday,110,CROSS TRAFFIC(INTERSECTIONS ONLY),2,51546,2,0,0,1,1,2,1,1,Cross intersection,3,60,Local Road,144.299855,-36.740214,20190403,BENDIGO
T20190007022,2019-04-04,18:40:00,3,Struck animal,4,Thursday,167,STRUCK ANIMAL,2,344166,1,0,0,1,0,1,2,5,Not at intersection,3,80,,144.279778,-36.842017,20190404,BENDIGO
T20190006600,2019-04-07,15:43:00,4,Collision with a fixed object,1,Sunday,183,OFF LEFT BEND INTO OBJECT/PARKED VEHICLE,1,345042,1,0,0,1,0,1,1,5,Not at intersection,3,100,,144.30219,-36.804749,20190407,BENDIGO
T20190006597,2019-04-07,15:30:00,2,Struck Pedestrian,0,Sunday,101,PED EMERGES FROM IN FRONT OF PARKED OR STATIONARY VEHICLE,1,343967,1,0,0,1,1,2,1,5,Not at intersection,3,60,Arterial Highway,144.70664,-36.9199,20190407,BENDIGO
T20190006693,2019-04-08,16:30:00,1,Collision with vehicle,1,Monday,110,CROSS TRAFFIC(INTERSECTIONS ONLY),1,55692,2,0,0,1,1,2,1,1,Cross intersection,3,50,Local Road,144.28677,-36.776589,20190408,BENDIGO
T20190006772,2019-04-10,06:30:00,1,Collision with vehicle,4,Wednesday,116,LEFT NEAR (INTERSECTIONS ONLY),2,35815,2,0,1,0,1,2,1,4,Multiple intersection,2,60,Arterial Other,144.292096,-36.769124,20190410,BENDIGO
T20190007044,2019-04-13,17:30:00,4,Collision with a fixed object,6,Saturday,181,OFF RIGHT BEND INTO OBJECT/PARKED VEHICLE,5,344787,1,0,1,0,0,1,1,5,Not at intersection,2,100,,144.609757,-36.749758,20190413,BENDIGO
T20190007373,2019-04-18,10:20:00,4,Collision with a fixed object,5,Thursday,181,OFF RIGHT BEND INTO OBJECT/PARKED VEHICLE,1,344490,1,0,1,0,1,2,1,2,T intersection,2,100,,144.132666,-36.713804,20190418,BENDIGO
T20190007503,2019-04-20,00:30:00,3,Struck animal,6,Saturday,167,STRUCK ANIMAL,5,344359,1,0,0,1,1,2,2,5,Not at intersection,3,70,Local Road,144.324163,-36.72221,20190420,BENDIGO
T20190007482,2019-04-20,06:45:00,1,Collision with vehicle,7,Saturday,110,CROSS TRAFFIC(INTERSECTIONS ONLY),2,244234,2,0,1,0,1,2,1,1,Cross intersection,2,80,Arterial Highway,144.204157,-36.742226,20190420,BENDIGO
T20190007592,2019-04-22,06:34:00,1,Collision with vehicle,2,Monday,113,RIGHT NEAR (INTERSECTIONS ONLY),2,243534,2,0,1,0,1,2,1,2,T intersection,2,60,Arterial Other,144.311023,-36.747089,20190422,BENDIGO
T20190007621,2019-04-22,21:30:00,4,Collision with a fixed object,1,Monday,171,LEFT OFF CARRIAGEWAY INTO OBJECT/PARKED VEHICLE,5,580242,1,0,0,1,0,1,1,5,Not at intersection,3,100,,144.154069,-36.855526,20190422,BENDIGO
T20190007852,2019-04-26,08:30:00,1,Collision with vehicle,5,Friday,136,RIGHT TURN SIDESWIPE,1,278653,2,0,0,1,1,2,2,2,T intersection,3,60,Local Road,144.279164,-36.709511,20190426,BENDIGO
T20190008031,2019-04-29,13:00:00,4,Collision with a fixed object,2,Monday,181,OFF RIGHT BEND INTO OBJECT/PARKED VEHICLE,1,344608,1,1,0,0,0,1,1,5,Not at intersection,1,100,Arterial Highway,144.202029,-36.875501,20190429,BENDIGO
T20190008102,2019-04-30,14:00:00,2,Struck Pedestrian,3,Tuesday,100,PED NEAR SIDE. PED HIT BY VEHICLE FROM THE RIGHT.,1,44639,1,0,1,0,1,2,1,2,T intersection,2,40,Arterial Other,144.282314,-36.762947,20190430,BENDIGO
T20190008060,2019-04-30,08:20:00,1,Collision with vehicle,3,Tuesday,110,CROSS TRAFFIC(INTERSECTIONS ONLY),1,51641,2,0,1,0,1,2,1,1,Cross intersection,2,40,Local Road,144.285362,-36.763171,20190430,BENDIGO
T20190008307,2019-05-02,10:40:00,4,Collision with a fixed object,5,Thursday,183,OFF LEFT BEND INTO OBJECT/PARKED VEHICLE,1,344854,1,0,1,0,0,1,2,5,Not at intersection,2,60,,144.337399,-36.77243,20190502,BENDIGO
T20190008541,2019-05-06,14:50:00,6,Vehicle overturned (no collision),2,Monday,180,OFF CARRIAGEWAY ON RIGHT BEND,1,345309,1,0,1,0,0,1,1,5,Not at intersection,2,100,Arterial Other,144.205563,-36.650999,20190506,BENDIGO
T20190009032,2019-05-06,11:55:00,1,Collision with vehicle,2,Monday,113,RIGHT NEAR (INTERSECTIONS ONLY),1,345200,2,0,0,1,1,2,1,2,T intersection,3,50,Local Road,144.24599,-36.803634,20190506,BENDIGO
T20190008593,2019-05-07,10:25:00,1,Collision with vehicle,3,Tuesday,110,CROSS TRAFFIC(INTERSECTIONS ONLY),1,59575,2,0,3,0,0,3,1,1,Cross intersection,2,80,Arterial Highway,144.1994,-36.742056,20190507,BENDIGO
T20190008624,2019-05-07,18:30:00,4,Collision with a fixed object,3,Tuesday,181,OFF RIGHT BEND INTO OBJECT/PARKED VEHICLE,5,345273,1,0,1,0,0,1,1,1,Cross intersection,2,100,Local Road,144.525187,-36.637693,20190507,BENDIGO
T20190009494,2019-05-07,08:00:00,1,Collision with vehicle,3,Tuesday,132,RIGHT REAR.,9,59714,2,0,0,1,1,2,2,2,T intersection,3,999,Local Road,144.297135,-36.76044,20190507,BENDIGO
T20190008581,2019-05-07,12:06:00,1,Collision with vehicle,2,Tuesday,121,RIGHT THROUGH,1,30031,2,0,0,1,2,3,1,1,Cross intersection,3,60,Arterial Highway,144.291933,-36.757373,20190507,BENDIGO
T20190008623,2019-05-07,16:00:00,4,Collision with a fixed object,3,Tuesday,149,OTHER MANOEUVRING NOT INCLUDED IN DCAs 140-148,1,345231,1,0,1,0,2,3,1,5,Not at intersection,2,50,Local Road,144.31233,-36.763188,20190507,BENDIGO
T20190009060,2019-05-14,10:00:00,8,No collision and no object struck,2,Tuesday,184,OUT OF CONTROL ON CARRIAGEWAY (ON BEND),1,659027,1,0,1,0,0,1,2,5,Not at intersection,2,60,Local Road,144.315149,-36.742114,20190514,BENDIGO
T20190009133,2019-05-15,18:00:00,1,Collision with vehicle,4,Wednesday,116,LEFT NEAR (INTERSECTIONS ONLY),3,51735,2,0,1,0,1,2,1,2,T intersection,2,60,Arterial Highway,144.242322,-36.802638,20190515,BENDIGO
T20190021723,2019-05-16,08:20:00,1,Collision with vehicle,4,Thursday,121,RIGHT THROUGH,1,602457,2,0,0,1,1,2,1,1,Cross intersection,3,60,Local Road,144.257201,-36.741616,20190516,BENDIGO
T20190009244,2019-05-17,06:59:00,2,Struck Pedestrian,5,Friday,102,FAR SIDE. PED HIT BY VEHICLE FROM THE LEFT,2,44642,1,0,0,1,1,2,2,4,Multiple intersection,3,40,Local Road,144.281972,-36.76016,20190517,BENDIGO
T20190010531,2019-05-22,20:00:00,8,No collision and no object struck,4,Wednesday,174,OUT OF CONTROL ON CARRIAGEWAY (ON STRAIGHT),3,19416,1,0,1,0,0,1,2,1,Cross intersection,2,60,Arterial Other,144.278447,-36.733946,20190522,BENDIGO
T20190009701,2019-05-23,21:00:00,1,Collision with vehicle,5,Thursday,160,VEHICLE COLLIDES WITH VEHICLE PARKED ON LEFT OF ROAD,3,345916,2,0,1,0,0,1,1,5,Not at intersection,2,60,Arterial Other,144.235791,-36.796512,20190523,BENDIGO
T20190009665,2019-05-23,09:30:00,1,Collision with vehicle,5,Thursday,119,OTHER ADJACENT (INTERSECTIONS ONLY),1,345459,2,0,1,0,1,2,1,2,T intersection,2,60,Arterial Other,144.286498,-36.731912,20190523,BENDIGO
T20190009877,2019-05-26,13:15:00,4,Collision with a fixed object,1,Sunday,181,OFF RIGHT BEND INTO OBJECT/PARKED VEHICLE,1,345726,1,0,1,0,0,1,1,1,Cross intersection,2,100,Local Road,144.258891,-36.820628,20190526,BENDIGO
T20190009951,2019-05-27,17:30:00,2,Struck Pedestrian,2,Monday,100,PED NEAR SIDE. PED HIT BY VEHICLE FROM THE RIGHT.,6,345727,1,0,1,0,1,2,1,1,Cross intersection,2,50,Arterial Other,144.28277,-36.763335,20190527,BENDIGO
T20190013511,2019-05-27,10:30:00,1,Collision with vehicle,2,Monday,135,LANE CHANGE LEFT (NOT OVERTAKING),1,352656,2,0,1,0,1,2,2,5,Not at intersection,2,60,Arterial Highway,144.2899,-36.75089,20190527,BENDIGO
T20190010059,2019-05-29,07:10:00,4,Collision with a fixed object,4,Wednesday,183,OFF LEFT BEND INTO OBJECT/PARKED VEHICLE,2,345680,1,0,1,0,0,1,2,5,Not at intersection,2,70,Arterial Other,144.542031,-37.01522,20190529,BENDIGO
T20190010096,2019-05-29,19:15:00,1,Collision with vehicle,3,Wednesday,118,TWO LEFT TURNING (INTERSECTIONS ONLY),3,589208,2,0,0,1,1,2,2,2,T intersection,3,50,Local Road,144.259696,-36.748373,20190529,BENDIGO
T20190010088,2019-05-29,17:24:00,1,Collision with vehicle,4,Wednesday,113,RIGHT NEAR (INTERSECTIONS ONLY),3,345851,2,0,1,1,0,2,1,2,T intersection,2,60,Arterial Other,144.248087,-36.757332,20190529,BENDIGO
T20190010219,2019-05-31,15:15:00,1,Collision with vehicle,6,Friday,112,LEFT FAR (INTERSECTIONS ONLY),1,29981,2,0,2,0,1,3,1,1,Cross intersection,2,50,Arterial Highway,144.275463,-36.760885,20190531,BENDIGO
T20190011019,2019-06-04,16:40:00,6,Vehicle overturned (no collision),3,Tuesday,184,OUT OF CONTROL ON CARRIAGEWAY (ON BEND),1,51595,1,0,0,1,0,1,2,5,Not at intersection,3,60,Arterial Highway,144.263662,-36.755656,20190604,BENDIGO
T20190010677,2019-06-07,12:11:00,1,Collision with vehicle,6,Friday,110,CROSS TRAFFIC(INTERSECTIONS ONLY),1,51705,2,1,0,0,1,2,1,1,Cross intersection,1,60,Arterial Other,144.265266,-36.782612,20190607,BENDIGO
T20190010648,2019-06-07,06:55:00,6,Vehicle overturned (no collision),6,Friday,174,OUT OF CONTROL ON CARRIAGEWAY (ON STRAIGHT),2,35815,2,0,1,0,1,2,1,4,Multiple intersection,2,60,Arterial Other,144.292096,-36.769124,20190607,BENDIGO
T20190010705,2019-06-07,21:45:00,4,Collision with a fixed object,5,Friday,171,LEFT OFF CARRIAGEWAY INTO OBJECT/PARKED VEHICLE,5,346642,1,0,1,0,0,1,1,5,Not at intersection,2,50,Local Road,144.268798,-36.731088,20190607,BENDIGO
T20190010689,2019-06-07,17:55:00,1,Collision with vehicle,5,Friday,130,REAR END(VEHICLES IN SAME LANE),5,345932,3,0,0,2,6,8,1,5,Not at intersection,3,80,Arterial Other,144.334501,-36.789409,20190607,BENDIGO
T20190010698,2019-06-07,15:00:00,1,Collision with vehicle,6,Friday,110,CROSS TRAFFIC(INTERSECTIONS ONLY),1,226243,2,0,2,1,3,6,1,1,Cross intersection,2,60,Local Road,144.304265,-36.72079,20190607,BENDIGO
T20190010669,2019-06-07,12:45:00,1,Collision with vehicle,6,Friday,110,CROSS TRAFFIC(INTERSECTIONS ONLY),1,55384,2,0,1,0,1,2,1,1,Cross intersection,2,80,Local Road,144.215514,-36.708914,20190607,BENDIGO
T20190011924,2019-06-10,12:30:00,9,Other accident,2,Monday,179,OTHER ACCIDENTS-OFF STRAIGHT NOT INCLUDED IN DCAs 170-175,9,346564,1,0,0,1,0,1,2,5,Not at intersection,3,999,Local Road,144.250287,-36.824189,20190610,BENDIGO
T20190011043,2019-06-13,17:35:00,1,Collision with vehicle,5,Thursday,132,RIGHT REAR.,5,244234,2,0,0,2,0,2,1,1,Cross intersection,3,80,Arterial Highway,144.204157,-36.742226,20190613,BENDIGO
T20190011102,2019-06-14,15:50:00,6,Vehicle overturned (no collision),6,Friday,174,OUT OF CONTROL ON CARRIAGEWAY (ON STRAIGHT),1,49316,1,0,1,0,0,1,1,1,Cross intersection,2,60,Arterial Other,144.283699,-36.752597,20190614,BENDIGO
T20190011936,2019-06-14,08:00:00,3,Struck animal,5,Friday,167,STRUCK ANIMAL,9,346705,1,0,0,1,0,1,2,5,Not at intersection,3,100,Arterial Other,144.225718,-36.686701,20190614,BENDIGO
T20190011195,2019-06-16,11:10:00,1,Collision with vehicle,0,Sunday,113,RIGHT NEAR (INTERSECTIONS ONLY),1,346369,2,0,0,3,0,3,1,1,Cross intersection,3,50,Local Road,144.302961,-36.764959,20190616,BENDIGO
T20190011498,2019-06-17,14:00:00,8,No collision and no object struck,2,Monday,184,OUT OF CONTROL ON CARRIAGEWAY (ON BEND),1,346370,1,0,1,0,0,1,2,5,Not at intersection,2,888,,144.241912,-36.690869,20190617,BENDIGO
T20190011290,2019-06-17,21:00:00,4,Collision with a fixed object,1,Monday,171,LEFT OFF CARRIAGEWAY INTO OBJECT/PARKED VEHICLE,5,661497,1,0,1,0,0,1,1,5,Not at intersection,2,80,,144.408245,-36.63128,20190617,BENDIGO
T20190011804,2019-06-25,16:02:00,1,Collision with vehicle,3,Tuesday,120,HEAD ON (NOT OVERTAKING),1,346708,2,0,2,0,0,2,1,5,Not at intersection,2,100,,144.604079,-36.841831,20190625,BENDIGO
T20190015043,2019-06-26,08:10:00,1,Collision with vehicle,3,Wednesday,130,REAR END(VEHICLES IN SAME LANE),1,579691,2,0,0,1,1,2,2,5,Not at intersection,3,50,Local Road,144.239829,-36.777757,20190626,BENDIGO
T20190011865,2019-06-26,15:15:00,2,Struck Pedestrian,4,Wednesday,100,PED NEAR SIDE. PED HIT BY VEHICLE FROM THE RIGHT.,1,359018,1,0,1,0,1,2,1,2,T intersection,2,30,,144.304249,-36.771618,20190626,BENDIGO
T20190011926,2019-06-27,08:40:00,2,Struck Pedestrian,5,Thursday,100,PED NEAR SIDE. PED HIT BY VEHICLE FROM THE RIGHT.,1,29981,1,0,1,0,1,2,1,1,Cross intersection,2,50,Arterial Highway,144.275463,-36.760885,20190627,BENDIGO
T20190012101,2019-06-29,17:00:00,4,Collision with a fixed object,7,Saturday,171,LEFT OFF CARRIAGEWAY INTO OBJECT/PARKED VEHICLE,2,346718,1,0,1,0,0,1,1,5,Not at intersection,2,100,Local Road,144.369551,-36.678865,20190629,BENDIGO
T20190012124,2019-06-30,05:55:00,4,Collision with a fixed object,1,Sunday,171,LEFT OFF CARRIAGEWAY INTO OBJECT/PARKED VEHICLE,3,347072,1,1,1,0,0,2,1,1,Cross intersection,1,60,Arterial Highway,144.286249,-36.754059,20190630,BENDIGO
T20190012187,2019-07-01,08:00:00,1,Collision with vehicle,2,Monday,113,RIGHT NEAR (INTERSECTIONS ONLY),1,346717,2,0,0,1,1,2,1,2,T intersection,3,60,Arterial Other,144.283648,-36.732909,20190701,BENDIGO
T20190012391,2019-07-03,23:59:00,2,Struck Pedestrian,4,Wednesday,102,FAR SIDE. PED HIT BY VEHICLE FROM THE LEFT,3,59620,1,0,1,1,2,4,1,2,T intersection,2,50,Arterial Other,144.281181,-36.748624,20190703,BENDIGO
T20190012481,2019-07-05,10:25:00,1,Collision with vehicle,6,Friday,110,CROSS TRAFFIC(INTERSECTIONS ONLY),1,59874,2,0,0,2,0,2,1,1,Cross intersection,3,50,Local Road,144.24381,-36.803243,20190705,BENDIGO
T20190012806,2019-07-05,15:00:00,2,Struck Pedestrian,6,Friday,102,FAR SIDE. PED HIT BY VEHICLE FROM THE LEFT,1,59692,1,0,1,0,1,2,1,1,Cross intersection,2,60,Arterial Highway,144.296603,-36.758197,20190705,BENDIGO
T20190012624,2019-07-07,10:30:00,1,Collision with vehicle,1,Sunday,121,RIGHT THROUGH,1,227564,2,0,1,0,1,2,1,1,Cross intersection,2,60,Arterial Other,144.242464,-36.796603,20190707,BENDIGO
T20190013804,2019-07-09,15:45:00,8,No collision and no object struck,2,Tuesday,179,OTHER ACCIDENTS-OFF STRAIGHT NOT INCLUDED IN DCAs 170-175,1,312724,1,0,0,1,0,1,9,5,Not at intersection,3,60,Arterial Other,144.265252,-36.734178,20190709,BENDIGO
T20190012876,2019-07-10,20:30:00,4,Collision with a fixed object,4,Wednesday,173,RIGHT OFF CARRIAGEWAY INTO OBJECT/PARKED VEHICLE,5,347221,1,0,1,0,0,1,1,5,Not at intersection,2,100,Local Road,144.42362,-36.687433,20190710,BENDIGO
T20190012832,2019-07-10,10:00:00,1,Collision with vehicle,4,Wednesday,132,RIGHT REAR.,1,347094,2,0,2,0,0,2,1,2,T intersection,2,60,Local Road,144.231304,-36.784515,20190710,BENDIGO
T20190012931,2019-07-11,21:30:00,4,Collision with a fixed object,5,Thursday,171,LEFT OFF CARRIAGEWAY INTO OBJECT/PARKED VEHICLE,3,347232,1,0,0,1,2,3,1,2,T intersection,3,40,Local Road,144.275993,-36.761899,20190711,BENDIGO
T20190014753,2019-07-11,15:15:00,1,Collision with vehicle,4,Thursday,130,REAR END(VEHICLES IN SAME LANE),1,51627,2,0,0,1,1,2,2,1,Cross intersection,3,60,Arterial Highway,144.273591,-36.761102,20190711,BENDIGO