ACCIDENT_NO,ACCIDENT_DATE,ACCIDENT_TIME,ACCIDENT_TYPE,ACCIDENT_TYPE_DESC,DAY_OF_WEEK,DAY_WEEK_DESC,DCA_CODE,DCA_DESC,LIGHT_CONDITION,NODE_ID,NO_OF_VEHICLES,NO_PERSONS_KILLED,NO_PERSONS_INJ_2,NO_PERSONS_INJ_3,NO_PERSONS_NOT_INJ,NO_PERSONS,POLICE_ATTEND,ROAD_GEOMETRY,ROAD_GEOMETRY_DESC,SEVERITY,SPEED_ZONE,RMA, LAT, LONG, DATE, COUNCIL
T20190012882,2019-07-11,10:13:00,2,Struck Pedestrian,4,Thursday,106,VEH STRIKES PED ON FOOTPATH/MEDIAN/TRAFFIC ISLAND.,1,347231,1,0,0,1,1,2,1,5,Not at intersection,3,80,,144.240804,-36.808531,20190711,BENDIGO
T20190013078,2019-07-14,11:18:00,4,Collision with a fixed object,1,Sunday,171,LEFT OFF CARRIAGEWAY INTO OBJECT/PARKED VEHICLE,1,584389,1,0,1,0,0,1,1,5,Not at intersection,2,999,,144.31431,-36.689036,20190714,BENDIGO
T20190013148,2019-07-15,11:45:00,1,Collision with vehicle,2,Monday,173,RIGHT OFF CARRIAGEWAY INTO OBJECT/PARKED VEHICLE,1,600193,2,0,0,1,0,1,1,5,Not at intersection,3,60,Arterial Highway,144.606438,-36.497529,20190715,BENDIGO
T20190013325,2019-07-17,22:25:00,4,Collision with a fixed object,4,Wednesday,198,OTHER ACCIDENTS NOT CLASSIFIABLE ELSEWHERE,3,347962,1,0,0,1,0,1,1,2,T intersection,3,60,Local Road,144.298709,-36.753641,20190717,BENDIGO
T20200005438,2019-07-17,09:00:00,1,Collision with vehicle,4,Wednesday,130,REAR END(VEHICLES IN SAME LANE),1,728949,2,0,0,1,1,2,2,5,Not at intersection,3,60,Arterial Other,144.263422,-36.738285,20190717,BENDIGO
T20190013388,2019-07-18,19:28:00,4,Collision with a fixed object,5,Thursday,173,RIGHT OFF CARRIAGEWAY INTO OBJECT/PARKED VEHICLE,3,347963,1,0,1,0,3,4,1,5,Not at intersection,2,50,Local Road,144.271828,-36.745085,20190718,BENDIGO
T20190022513,2019-07-23,07:20:00,4,Collision with a fixed object,3,Tuesday,171,LEFT OFF CARRIAGEWAY INTO OBJECT/PARKED VEHICLE,1,650727,1,0,0,1,0,1,1,5,Not at intersection,3,60,Arterial Highway,144.249976,-36.780159,20190723,BENDIGO
T20190013761,2019-07-23,09:15:00,2,Struck Pedestrian,3,Tuesday,100,PED NEAR SIDE. PED HIT BY VEHICLE FROM THE RIGHT.,1,360392,1,0,0,1,0,1,2,2,T intersection,3,50,Local Road,144.263142,-36.734682,20190723,BENDIGO
T20190014024,2019-07-27,23:38:00,1,Collision with vehicle,6,Saturday,130,REAR END(VEHICLES IN SAME LANE),3,356025,2,0,0,1,1,2,1,5,Not at intersection,3,60,,144.306838,-36.728929,20190727,BENDIGO
T20190016751,2019-07-28,16:40:00,1,Collision with vehicle,1,Sunday,140,U TURN,1,582569,2,0,2,1,2,5,1,5,Not at intersection,2,50,Local Road,144.29729,-36.739557,20190728,BENDIGO
T20190024288,2019-07-31,06:50:00,1,Collision with vehicle,4,Wednesday,111,RIGHT FAR (INTERSECTIONS ONLY),9,51521,2,0,0,1,1,2,2,1,Cross intersection,3,999,Arterial Highway,144.309004,-36.726132,20190731,BENDIGO
T20190014468,2019-07-31,11:50:00,2,Struck Pedestrian,4,Wednesday,100,PED NEAR SIDE. PED HIT BY VEHICLE FROM THE RIGHT.,1,360352,1,0,1,0,4,5,1,5,Not at intersection,2,50,Arterial Highway,144.244228,-36.79598,20190731,BENDIGO
T20190015901,2019-08-01,22:20:00,1,Collision with vehicle,5,Thursday,121,RIGHT THROUGH,3,355448,2,0,0,1,1,2,1,1,Cross intersection,3,60,Arterial Highway,144.291828,-36.757281,20190801,BENDIGO
T20190014413,2019-08-02,11:15:00,3,Struck animal,6,Friday,167,STRUCK ANIMAL,1,359001,1,0,1,0,0,1,2,5,Not at intersection,2,50,Local Road,144.708063,-36.953272,20190802,BENDIGO
T20190014514,2019-08-03,20:10:00,1,Collision with vehicle,7,Saturday,110,CROSS TRAFFIC(INTERSECTIONS ONLY),3,49318,2,0,0,2,2,4,1,4,Multiple intersection,3,50,Arterial Highway,144.287376,-36.758373,20190803,BENDIGO
T20190014500,2019-08-03,16:43:00,4,Collision with a fixed object,7,Saturday,194,PARKED CAR RUN AWAY,2,360438,1,0,1,0,0,1,1,5,Not at intersection,2,60,,144.24817,-36.72866,20190803,BENDIGO
T20190015305,2019-08-08,08:40:00,1,Collision with vehicle,4,Thursday,131,LEFT REAR,1,588690,2,0,0,1,1,2,2,5,Not at intersection,3,50,,144.253805,-36.718523,20190808,BENDIGO
T20190014898,2019-08-08,16:05:00,1,Collision with vehicle,5,Thursday,110,CROSS TRAFFIC(INTERSECTIONS ONLY),1,51606,2,0,1,0,1,2,1,1,Cross intersection,2,60,Arterial Highway,144.260845,-36.757087,20190808,BENDIGO
T20190014855,2019-08-08,09:50:00,1,Collision with vehicle,5,Thursday,120,HEAD ON (NOT OVERTAKING),1,360583,2,0,1,0,2,3,1,5,Not at intersection,2,100,,144.138196,-36.90237,20190808,BENDIGO
T20190015250,2019-08-13,12:30:00,1,Collision with vehicle,3,Tuesday,131,LEFT REAR,1,278245,2,0,0,1,1,2,2,2,T intersection,3,80,Arterial Highway,144.221437,-36.755786,20190813,BENDIGO
T20190015219,2019-08-13,00:47:00,4,Collision with a fixed object,3,Tuesday,171,LEFT OFF CARRIAGEWAY INTO OBJECT/PARKED VEHICLE,3,653878,1,0,0,1,1,2,1,5,Not at intersection,3,60,Arterial Highway,144.291758,-36.748459,20190813,BENDIGO
T20190017536,2019-08-14,06:25:00,1,Collision with vehicle,3,Wednesday,113,RIGHT NEAR (INTERSECTIONS ONLY),3,585334,2,0,0,1,1,2,1,1,Cross intersection,3,60,Local Road,144.319989,-36.71388,20190814,BENDIGO
T20190015368,2019-08-15,08:55:00,1,Collision with vehicle,5,Thursday,116,LEFT NEAR (INTERSECTIONS ONLY),1,59777,2,0,0,2,0,2,1,2,T intersection,3,50,Arterial Highway,144.262514,-36.77059,20190815,BENDIGO
T20190015438,2019-08-15,22:45:00,4,Collision with a fixed object,5,Thursday,171,LEFT OFF CARRIAGEWAY INTO OBJECT/PARKED VEHICLE,3,59717,1,0,0,1,0,1,1,2,T intersection,3,80,Arterial Highway,144.229358,-36.760402,20190815,BENDIGO
T20190015523,2019-08-15,17:30:00,5,collision with some other object,5,Thursday,179,OTHER ACCIDENTS-OFF STRAIGHT NOT INCLUDED IN DCAs 170-175,2,579694,2,0,1,0,0,1,2,5,Not at intersection,2,60,Local Road,144.26222,-36.759587,20190815,BENDIGO
T20190016586,2019-08-15,20:00:00,6,Vehicle overturned (no collision),5,Thursday,179,OTHER ACCIDENTS-OFF STRAIGHT NOT INCLUDED IN DCAs 170-175,3,585329,1,0,0,1,0,1,2,5,Not at intersection,3,50,Local Road,144.30198,-36.777349,20190815,BENDIGO
T20190015526,2019-08-17,00:15:00,6,Vehicle overturned (no collision),7,Saturday,170,OFF CARRIAGEWAY TO LEFT,3,591750,2,0,0,1,1,2,1,5,Not at intersection,3,80,Local Road,144.700266,-36.927111,20190817,BENDIGO
T20190015973,2019-08-23,08:15:00,2,Struck Pedestrian,6,Friday,100,PED NEAR SIDE. PED HIT BY VEHICLE FROM THE RIGHT.,1,49321,1,0,1,0,1,2,1,1,Cross intersection,2,50,Arterial Other,144.305216,-36.773247,20190823,BENDIGO
T20190016090,2019-08-24,14:00:00,4,Collision with a fixed object,6,Saturday,171,LEFT OFF CARRIAGEWAY INTO OBJECT/PARKED VEHICLE,1,588693,1,0,0,2,0,2,1,5,Not at intersection,3,100,Arterial Highway,144.111178,-36.744841,20190824,BENDIGO
T20190016160,2019-08-25,15:10:00,6,Vehicle overturned (no collision),1,Sunday,172,OFF CARRIAGEWAY TO RIGHT,1,606167,1,0,2,0,0,2,1,5,Not at intersection,2,100,Local Road,144.630508,-36.736131,20190825,BENDIGO
T20190016216,2019-08-26,11:45:00,4,Collision with a fixed object,2,Monday,171,LEFT OFF CARRIAGEWAY INTO OBJECT/PARKED VEHICLE,1,655563,1,0,0,1,0,1,1,5,Not at intersection,3,100,,144.400452,-36.487151,20190826,BENDIGO
T20190020106,2019-08-27,08:30:00,1,Collision with vehicle,2,Tuesday,131,LEFT REAR,1,49321,2,0,0,2,1,3,1,1,Cross intersection,3,60,Arterial Other,144.305216,-36.773247,20190827,BENDIGO
T20190016993,2019-08-29,19:00:00,1,Collision with vehicle,5,Thursday,113,RIGHT NEAR (INTERSECTIONS ONLY),1,51903,2,0,0,1,1,2,2,1,Cross intersection,3,80,Arterial Highway,144.317907,-36.695965,20190829,BENDIGO
T20190016676,2019-08-30,15:40:00,1,Collision with vehicle,6,Friday,121,RIGHT THROUGH,1,614401,2,0,1,0,1,2,2,5,Not at intersection,2,80,Arterial Highway,144.243551,-36.798417,20190830,BENDIGO
T20190016657,2019-08-30,18:43:00,1,Collision with vehicle,6,Friday,132,RIGHT REAR.,3,582840,2,0,0,2,1,3,1,5,Not at intersection,3,40,Local Road,144.296327,-36.77801,20190830,BENDIGO
T20190016555,2019-08-30,07:50:00,1,Collision with vehicle,6,Friday,110,CROSS TRAFFIC(INTERSECTIONS ONLY),1,44652,2,0,0,1,1,2,1,1,Cross intersection,3,60,Arterial Other,144.288623,-36.76929,20190830,BENDIGO
T20190016615,2019-08-30,17:57:00,1,Collision with vehicle,6,Friday,160,VEHICLE COLLIDES WITH VEHICLE PARKED ON LEFT OF ROAD,2,582839,2,0,1,0,0,1,1,5,Not at intersection,2,60,Local Road,144.307195,-36.746714,20190830,BENDIGO
T20190019649,2019-08-31,00:35:00,3,Struck animal,7,Saturday,167,STRUCK ANIMAL,5,614701,1,0,0,2,0,2,2,5,Not at intersection,3,50,Local Road,144.254518,-36.792732,20190831,BENDIGO
T20190016937,2019-09-03,19:20:00,4,Collision with a fixed object,2,Tuesday,171,LEFT OFF CARRIAGEWAY INTO OBJECT/PARKED VEHICLE,3,652814,1,0,1,0,0,1,1,5,Not at intersection,2,60,Arterial Highway,144.260563,-36.753516,20190903,BENDIGO
T20190016882,2019-09-03,04:45:00,4,Collision with a fixed object,3,Tuesday,181,OFF RIGHT BEND INTO OBJECT/PARKED VEHICLE,5,656760,1,0,0,1,1,2,1,5,Not at intersection,3,100,Arterial Other,144.592185,-36.987951,20190903,BENDIGO
T20190017061,2019-09-05,11:40:00,1,Collision with vehicle,5,Thursday,132,RIGHT REAR.,1,51577,2,0,1,0,2,3,1,1,Cross intersection,2,50,Local Road,144.284663,-36.751031,20190905,BENDIGO
T20190021224,2019-09-06,16:10:00,1,Collision with vehicle,6,Friday,130,REAR END(VEHICLES IN SAME LANE),1,51570,2,0,0,4,2,6,2,1,Cross intersection,3,60,Arterial Highway,144.290752,-36.749779,20190906,BENDIGO
T20190017404,2019-09-09,15:35:00,1,Collision with vehicle,2,Monday,130,REAR END(VEHICLES IN SAME LANE),1,316337,2,0,2,0,1,3,1,1,Cross intersection,2,60,,144.245145,-36.759813,20190909,BENDIGO
T20190017474,2019-09-10,16:39:00,1,Collision with vehicle,3,Tuesday,113,RIGHT NEAR (INTERSECTIONS ONLY),1,355448,2,0,1,0,1,2,1,1,Cross intersection,2,60,Arterial Highway,144.291828,-36.757281,20190910,BENDIGO
T20190017534,2019-09-11,08:20:00,1,Collision with vehicle,4,Wednesday,120,HEAD ON (NOT OVERTAKING),1,584545,2,0,3,0,0,3,1,5,Not at intersection,2,80,Local Road,144.326297,-36.748792,20190911,BENDIGO
T20190017619,2019-09-11,23:10:00,1,Collision with vehicle,4,Wednesday,121,RIGHT THROUGH,3,290373,2,0,1,0,1,2,1,1,Cross intersection,2,60,Arterial Other,144.283231,-36.749999,20190911,BENDIGO
T20190017777,2019-09-13,21:35:00,1,Collision with vehicle,6,Friday,121,RIGHT THROUGH,3,588708,2,0,1,0,3,4,1,1,Cross intersection,2,60,Arterial Highway,144.268133,-36.758367,20190913,BENDIGO
T20190017838,2019-09-14,17:40:00,4,Collision with a fixed object,7,Saturday,181,OFF RIGHT BEND INTO OBJECT/PARKED VEHICLE,1,585340,1,0,1,0,0,1,1,5,Not at intersection,2,100,,144.769447,-36.954618,20190914,BENDIGO
T20190017979,2019-09-16,15:50:00,1,Collision with vehicle,1,Monday,113,RIGHT NEAR (INTERSECTIONS ONLY),1,51553,2,0,0,1,1,2,1,2,T intersection,3,60,Arterial Highway,144.2112,-36.742748,20190916,BENDIGO
T20190018240,2019-09-18,20:27:00,1,Collision with vehicle,4,Wednesday,130,REAR END(VEHICLES IN SAME LANE),3,586481,2,0,0,1,0,1,1,5,Not at intersection,3,50,Local Road,144.270592,-36.75094,20190918,BENDIGO
T20190018190,2019-09-18,16:52:00,2,Struck Pedestrian,4,Wednesday,100,PED NEAR SIDE. PED HIT BY VEHICLE FROM THE RIGHT.,1,588713,1,0,1,0,1,2,1,1,Cross intersection,2,60,Arterial Highway,144.243914,-36.796758,20190918,BENDIGO
T20190019210,2019-09-19,19:15:00,4,Collision with a fixed object,5,Thursday,173,RIGHT OFF CARRIAGEWAY INTO OBJECT/PARKED VEHICLE,5,620221,1,0,0,1,0,1,1,5,Not at intersection,3,100,,144.381274,-36.651727,20190919,BENDIGO
T20190018277,2019-09-19,17:55:00,4,Collision with a fixed object,5,Thursday,171,LEFT OFF CARRIAGEWAY INTO OBJECT/PARKED VEHICLE,2,588714,1,0,1,0,0,1,1,2,T intersection,2,60,Arterial Highway,144.249939,-36.759405,20190919,BENDIGO
T20190018400,2019-09-21,11:00:00,1,Collision with vehicle,6,Saturday,130,REAR END(VEHICLES IN SAME LANE),1,286666,2,0,0,1,3,4,1,5,Not at intersection,3,70,Arterial Highway,144.314158,-36.71412,20190921,BENDIGO
T20190018441,2019-09-21,21:45:00,2,Struck Pedestrian,7,Saturday,109,ANY MANOEUVRE INVOLVING PED NOT INCLUDED IN DCAs 100-108.,3,659869,1,0,1,0,2,3,1,5,Not at intersection,2,50,Local Road,144.242772,-36.821493,20190921,BENDIGO
T20190018738,2019-09-23,07:15:00,5,collision with some other object,2,Monday,166,STRUCK OBJECT ON CARRIAGEWAY,1,660433,2,0,0,1,0,1,2,5,Not at intersection,3,999,,144.236024,-36.814329,20190923,BENDIGO
T20190018863,2019-09-24,13:50:00,1,Collision with vehicle,3,Tuesday,110,CROSS TRAFFIC(INTERSECTIONS ONLY),1,51546,2,0,0,1,1,2,1,1,Cross intersection,3,60,Local Road,144.299855,-36.740214,20190924,BENDIGO
T20190018704,2019-09-25,12:39:00,1,Collision with vehicle,3,Wednesday,120,HEAD ON (NOT OVERTAKING),1,650991,2,0,0,1,3,4,1,5,Not at intersection,3,50,,144.249533,-36.715462,20190925,BENDIGO
T20200003203,2019-09-27,11:30:00,8,No collision and no object struck,6,Friday,172,OFF CARRIAGEWAY TO RIGHT,1,627409,1,0,0,1,0,1,2,1,Cross intersection,3,80,Arterial Highway,144.731151,-36.945874,20190927,BENDIGO
T20190018979,2019-09-29,14:15:00,4,Collision with a fixed object,1,Sunday,181,OFF RIGHT BEND INTO OBJECT/PARKED VEHICLE,1,659579,1,0,0,1,0,1,1,5,Not at intersection,3,50,,144.283233,-36.754711,20190929,BENDIGO
T20190019187,2019-09-29,17:15:00,1,Collision with vehicle,1,Sunday,121,RIGHT THROUGH,1,19418,2,0,0,3,1,4,1,1,Cross intersection,3,60,Arterial Highway,144.132975,-36.735691,20190929,BENDIGO
T20200001065,2019-09-29,19:20:00,3,Struck animal,1,Sunday,167,STRUCK ANIMAL,2,631545,1,0,0,1,0,1,2,5,Not at intersection,3,999,Local Road,144.065168,-36.830202,20190929,BENDIGO
T20190019562,2019-10-07,02:08:00,3,Struck animal,2,Monday,167,STRUCK ANIMAL,5,645021,1,0,0,1,0,1,2,5,Not at intersection,3,100,Arterial Highway,144.373721,-36.65099,20191007,BENDIGO
T20190019676,2019-10-08,19:15:00,4,Collision with a fixed object,3,Tuesday,171,LEFT OFF CARRIAGEWAY INTO OBJECT/PARKED VEHICLE,2,30168,1,0,0,1,0,1,1,1,Cross intersection,3,50,Local Road,144.264539,-36.722181,20191008,BENDIGO
T20190019687,2019-10-09,00:49:00,3,Struck animal,4,Wednesday,167,STRUCK ANIMAL,3,620843,1,0,1,0,0,1,1,5,Not at intersection,2,80,Arterial Highway,144.237584,-36.820896,20191009,BENDIGO
T20190019749,2019-10-09,16:38:00,4,Collision with a fixed object,4,Wednesday,171,LEFT OFF CARRIAGEWAY INTO OBJECT/PARKED VEHICLE,1,592908,1,0,1,0,0,1,1,5,Not at intersection,2,100,Arterial Highway,144.130134,-36.752826,20191009,BENDIGO
T20190021976,2019-10-10,15:34:00,1,Collision with vehicle,4,Thursday,132,RIGHT REAR.,1,606194,2,0,0,2,2,4,1,2,T intersection,3,60,Local Road,144.237114,-36.792802,20191010,BENDIGO
T20190019870,2019-10-10,16:20:00,1,Collision with vehicle,5,Thursday,130,REAR END(VEHICLES IN SAME LANE),9,592774,2,0,0,1,2,3,2,1,Cross intersection,3,999,Arterial Other,144.278538,-36.770949,20191010,BENDIGO
T20190020047,2019-10-12,21:50:00,4,Collision with a fixed object,7,Saturday,171,LEFT OFF CARRIAGEWAY INTO OBJECT/PARKED VEHICLE,5,592780,1,0,1,1,0,2,1,2,T intersection,2,100,Local Road,144.697916,-36.927704,20191012,BENDIGO
T20190020057,2019-10-13,03:00:00,4,Collision with a fixed object,1,Sunday,171,LEFT OFF CARRIAGEWAY INTO OBJECT/PARKED VEHICLE,5,603143,1,1,1,0,0,2,1,5,Not at intersection,1,100,Arterial Highway,144.109371,-36.746273,20191013,BENDIGO
T20190020060,2019-10-13,13:05:00,1,Collision with vehicle,1,Sunday,121,RIGHT THROUGH,1,55272,2,0,0,1,1,2,1,2,T intersection,3,60,Arterial Other,144.273775,-36.776043,20191013,BENDIGO
T20190020090,2019-10-13,14:54:00,4,Collision with a fixed object,1,Sunday,173,RIGHT OFF CARRIAGEWAY INTO OBJECT/PARKED VEHICLE,1,594302,1,0,1,0,0,1,2,5,Not at intersection,2,100,Local Road,144.392587,-36.823558,20191013,BENDIGO
T20190020315,2019-10-16,18:57:00,1,Collision with vehicle,3,Wednesday,135,LANE CHANGE LEFT (NOT OVERTAKING),2,597657,2,0,0,1,0,1,1,1,Cross intersection,3,80,Arterial Highway,144.24012,-36.811112,20191016,BENDIGO
T20190021619,2019-10-16,13:20:00,1,Collision with vehicle,3,Wednesday,130,REAR END(VEHICLES IN SAME LANE),1,172539,2,0,0,1,1,2,2,5,Not at intersection,3,40,Arterial Highway,144.279909,-36.758659,20191016,BENDIGO
T20200010186,2019-10-17,06:40:00,4,Collision with a fixed object,4,Thursday,171,LEFT OFF CARRIAGEWAY INTO OBJECT/PARKED VEHICLE,2,729279,1,0,0,1,1,2,2,5,Not at intersection,3,999,Local Road,144.352255,-36.690727,20191017,BENDIGO
T20190020535,2019-10-19,13:34:00,1,Collision with vehicle,7,Saturday,110,CROSS TRAFFIC(INTERSECTIONS ONLY),1,51628,2,0,1,1,0,2,1,1,Cross intersection,2,50,Arterial Other,144.283385,-36.761424,20191019,BENDIGO
T20190020538,2019-10-19,11:58:00,1,Collision with vehicle,6,Saturday,130,REAR END(VEHICLES IN SAME LANE),1,594306,3,0,0,1,4,5,1,5,Not at intersection,3,60,Arterial Highway,144.255752,-36.774754,20191019,BENDIGO
T20190020857,2019-10-22,19:00:00,2,Struck Pedestrian,3,Tuesday,103,PED PLAYING/LYING/WORKING/STANDING ON CARRIAGEWAY.,1,595327,1,0,0,1,1,2,2,5,Not at intersection,3,50,Local Road,144.23178,-36.804122,20191022,BENDIGO
T20190020902,2019-10-24,09:41:00,1,Collision with vehicle,4,Thursday,121,RIGHT THROUGH,1,597662,2,0,0,4,0,4,1,1,Cross intersection,3,60,,144.245208,-36.759806,20191024,BENDIGO
T20190022149,2019-10-25,14:00:00,1,Collision with vehicle,6,Friday,130,REAR END(VEHICLES IN SAME LANE),1,35815,2,0,0,1,2,3,1,4,Multiple intersection,3,50,Arterial Other,144.292096,-36.769124,20191025,BENDIGO
T20190021169,2019-10-27,20:20:00,4,Collision with a fixed object,1,Sunday,171,LEFT OFF CARRIAGEWAY INTO OBJECT/PARKED VEHICLE,3,659806,1,0,0,1,0,1,1,5,Not at intersection,3,60,Local Road,144.248853,-36.726221,20191027,BENDIGO
T20190021496,2019-10-27,14:00:00,8,No collision and no object struck,1,Sunday,174,OUT OF CONTROL ON CARRIAGEWAY (ON STRAIGHT),1,15180,1,0,1,0,0,1,2,3,Y intersection,2,999,,144.19942,-36.809657,20191027,BENDIGO
T20190021151,2019-10-27,12:08:00,1,Collision with vehicle,1,Sunday,130,REAR END(VEHICLES IN SAME LANE),1,254783,3,0,1,0,2,3,1,2,T intersection,2,80,Arterial Other,144.3722,-36.808537,20191027,BENDIGO
T20190021372,2019-10-28,12:20:00,4,Collision with a fixed object,2,Monday,181,OFF RIGHT BEND INTO OBJECT/PARKED VEHICLE,1,597670,1,0,1,0,0,1,1,5,Not at intersection,2,80,Local Road,144.32385,-36.86006,20191028,BENDIGO
T20190021272,2019-10-28,21:00:00,4,Collision with a fixed object,2,Monday,173,RIGHT OFF CARRIAGEWAY INTO OBJECT/PARKED VEHICLE,5,596467,1,0,1,0,0,1,2,5,Not at intersection,2,100,,144.142317,-36.816294,20191028,BENDIGO
T20190021399,2019-10-28,15:15:00,1,Collision with vehicle,2,Monday,110,CROSS TRAFFIC(INTERSECTIONS ONLY),1,44653,2,0,0,1,2,3,1,1,Cross intersection,3,50,Local Road,144.291962,-36.776943,20191028,BENDIGO
T20190021415,2019-10-29,17:00:00,1,Collision with vehicle,3,Tuesday,120,HEAD ON (NOT OVERTAKING),1,660255,2,0,0,1,2,3,1,5,Not at intersection,3,100,Arterial Highway,144.189902,-36.868578,20191029,BENDIGO
T20190022416,2019-10-29,16:30:00,8,No collision and no object struck,2,Tuesday,172,OFF CARRIAGEWAY TO RIGHT,1,803027,1,0,0,1,0,1,2,5,Not at intersection,3,888,,144.502207,-36.742007,20191029,BENDIGO
T20190021336,2019-10-29,12:03:00,1,Collision with vehicle,3,Tuesday,121,RIGHT THROUGH,1,602916,2,1,0,0,2,3,1,5,Not at intersection,1,100,Arterial Highway,144.154294,-36.787305,20191029,BENDIGO
T20190023894,2019-10-29,14:04:00,4,Collision with a fixed object,3,Tuesday,179,OTHER ACCIDENTS-OFF STRAIGHT NOT INCLUDED IN DCAs 170-175,1,51636,1,0,0,1,0,1,1,1,Cross intersection,3,60,Local Road,144.257601,-36.762479,20191029,BENDIGO
T20190024683,2019-10-30,09:00:00,8,No collision and no object struck,4,Wednesday,189,OTHER ACCIDENTS ON CURVE NOT INCLUDED IN DCAs 180-184,9,608152,1,0,0,1,0,1,2,5,Not at intersection,3,100,Local Road,144.326227,-36.83228,20191030,BENDIGO
T20190021846,2019-10-30,09:15:00,1,Collision with vehicle,4,Wednesday,116,LEFT NEAR (INTERSECTIONS ONLY),1,651364,2,0,0,1,1,2,2,2,T intersection,3,50,Local Road,144.24094,-36.794307,20191030,BENDIGO
T20190024727,2019-10-31,08:50:00,1,Collision with vehicle,4,Thursday,130,REAR END(VEHICLES IN SAME LANE),1,608153,2,0,0,1,6,7,1,5,Not at intersection,3,40,Arterial Highway,144.25797,-36.723893,20191031,BENDIGO
T20190021536,2019-10-31,20:15:00,2,Struck Pedestrian,5,Thursday,100,PED NEAR SIDE. PED HIT BY VEHICLE FROM THE RIGHT.,3,1213,1,0,0,1,1,2,1,2,T intersection,3,40,Local Road,144.279488,-36.760583,20191031,BENDIGO
T20190021627,2019-11-01,17:50:00,1,Collision with vehicle,5,Friday,130,REAR END(VEHICLES IN SAME LANE),1,51721,2,0,1,1,0,2,2,1,Cross intersection,2,50,Local Road,144.250204,-36.792453,20191101,BENDIGO
T20190021904,2019-11-03,17:00:00,7,Fall from or in moving vehicle,1,Sunday,179,OTHER ACCIDENTS-OFF STRAIGHT NOT INCLUDED IN DCAs 170-175,1,599061,1,0,0,1,0,1,2,2,T intersection,3,999,Local Road,144.786593,-36.799769,20191103,BENDIGO
T20190025105,2019-11-03,17:30:00,5,collision with some other object,0,Sunday,166,STRUCK OBJECT ON CARRIAGEWAY,1,611466,1,0,0,1,0,1,2,5,Not at intersection,3,100,Local Road,144.263739,-36.636524,20191103,BENDIGO
T20190021837,2019-11-04,15:30:00,1,Collision with vehicle,2,Monday,136,RIGHT TURN SIDESWIPE,1,598501,2,0,0,1,1,2,1,5,Not at intersection,3,50,Local Road,144.245271,-36.744007,20191104,BENDIGO
T20190021812,2019-11-04,12:30:00,1,Collision with vehicle,2,Monday,113,RIGHT NEAR (INTERSECTIONS ONLY),1,351913,2,0,0,1,2,3,1,2,T intersection,3,70,Arterial Highway,144.30832,-36.758962,20191104,BENDIGO
T20190022217,2019-11-05,18:40:00,6,Vehicle overturned (no collision),3,Tuesday,170,OFF CARRIAGEWAY TO LEFT,1,599892,1,0,1,0,0,1,1,5,Not at intersection,2,50,Local Road,144.226923,-36.785819,20191105,BENDIGO
T20190022062,2019-11-08,02:57:00,4,Collision with a fixed object,5,Friday,198,OTHER ACCIDENTS NOT CLASSIFIABLE ELSEWHERE,5,600943,1,0,0,1,0,1,1,5,Not at intersection,3,100,,144.314278,-36.874777,20191108,BENDIGO
T20190022162,2019-11-08,12:05:00,4,Collision with a fixed object,6,Friday,173,RIGHT OFF CARRIAGEWAY INTO OBJECT/PARKED VEHICLE,1,605364,1,0,0,2,0,2,2,5,Not at intersection,3,100,Local Road,144.745613,-36.948426,20191108,BENDIGO
T20190024398,2019-11-09,10:45:00,1,Collision with vehicle,7,Saturday,130,REAR END(VEHICLES IN SAME LANE),1,606876,2,0,0,1,1,2,2,5,Not at intersection,3,40,Local Road,144.281942,-36.758791,20191109,BENDIGO
T20190023259,2019-11-09,22:30:00,1,Collision with vehicle,6,Saturday,121,RIGHT THROUGH,3,51628,2,0,0,1,5,6,1,1,Cross intersection,3,60,Arterial Other,144.283385,-36.761424,20191109,BENDIGO
T20200001471,2019-11-10,14:15:00,1,Collision with vehicle,0,Sunday,114,TWO RIGHT TURNING (INTERSECTIONS ONLY),1,728890,2,0,0,1,1,2,2,1,Cross intersection,3,60,Arterial Highway,144.287377,-36.758294,20191110,BENDIGO
T20190022385,2019-11-11,02:11:00,4,Collision with a fixed object,2,Monday,173,RIGHT OFF CARRIAGEWAY INTO OBJECT/PARKED VEHICLE,3,657979,1,0,1,0,0,1,1,5,Not at intersection,2,70,Arterial Highway,144.302562,-36.758744,20191111,BENDIGO
T20190022360,2019-11-11,17:29:00,1,Collision with vehicle,2,Monday,130,REAR END(VEHICLES IN SAME LANE),1,600191,2,0,0,1,2,3,1,5,Not at intersection,3,60,Arterial Highway,144.249295,-36.781083,20191111,BENDIGO