ACCIDENT_NO,ACCIDENT_DATE,ACCIDENT_TIME,ACCIDENT_TYPE,ACCIDENT_TYPE_DESC,DAY_OF_WEEK,DAY_WEEK_DESC,DCA_CODE,DCA_DESC,LIGHT_CONDITION,NODE_ID,NO_OF_VEHICLES,NO_PERSONS_KILLED,NO_PERSONS_INJ_2,NO_PERSONS_INJ_3,NO_PERSONS_NOT_INJ,NO_PERSONS,POLICE_ATTEND,ROAD_GEOMETRY,ROAD_GEOMETRY_DESC,SEVERITY,SPEED_ZONE,RMA, LAT, LONG, DATE, COUNCIL
T20190022400,2019-11-12,09:40:00,1,Collision with vehicle,2,Tuesday,160,VEHICLE COLLIDES WITH VEHICLE PARKED ON LEFT OF ROAD,1,602766,2,0,0,1,0,1,1,2,T intersection,3,60,Local Road,144.278267,-36.711463,20191112,BENDIGO
T20190022694,2019-11-15,14:00:00,4,Collision with a fixed object,6,Friday,183,OFF LEFT BEND INTO OBJECT/PARKED VEHICLE,1,627834,1,0,2,0,0,2,1,5,Not at intersection,2,100,Arterial Highway,144.120972,-36.726042,20191115,BENDIGO
T20190023026,2019-11-19,12:30:00,1,Collision with vehicle,2,Tuesday,111,RIGHT FAR (INTERSECTIONS ONLY),1,51721,2,0,0,1,1,2,1,1,Cross intersection,3,60,Local Road,144.250204,-36.792453,20191119,BENDIGO
T20190023151,2019-11-20,15:15:00,1,Collision with vehicle,4,Wednesday,130,REAR END(VEHICLES IN SAME LANE),1,606204,2,0,0,2,0,2,1,5,Not at intersection,3,70,Arterial Highway,144.316876,-36.759477,20191120,BENDIGO
T20200000458,2019-11-20,17:00:00,1,Collision with vehicle,3,Wednesday,110,CROSS TRAFFIC(INTERSECTIONS ONLY),1,51643,2,0,0,1,1,2,2,1,Cross intersection,3,40,Local Road,144.280517,-36.764281,20191120,BENDIGO
T20190023730,2019-11-21,14:00:00,4,Collision with a fixed object,5,Thursday,171,LEFT OFF CARRIAGEWAY INTO OBJECT/PARKED VEHICLE,1,606047,1,0,0,1,0,1,1,5,Not at intersection,3,100,,144.796884,-36.881319,20191121,BENDIGO
T20190023625,2019-11-21,17:30:00,6,Vehicle overturned (no collision),5,Thursday,179,OTHER ACCIDENTS-OFF STRAIGHT NOT INCLUDED IN DCAs 170-175,1,638086,1,0,0,1,0,1,2,5,Not at intersection,3,100,,144.190093,-36.574601,20191121,BENDIGO
T20190023385,2019-11-22,22:05:00,1,Collision with vehicle,6,Friday,132,RIGHT REAR.,5,59775,2,0,1,3,0,4,1,1,Cross intersection,2,100,Arterial Highway,144.399356,-36.771128,20191122,BENDIGO
T20190023325,2019-11-22,10:30:00,1,Collision with vehicle,5,Friday,121,RIGHT THROUGH,1,606206,2,0,0,2,1,3,1,1,Cross intersection,3,60,Arterial Highway,144.284202,-36.755569,20191122,BENDIGO
T20190023351,2019-11-22,13:30:00,1,Collision with vehicle,6,Friday,120,HEAD ON (NOT OVERTAKING),1,298501,2,0,0,1,0,1,1,1,Cross intersection,3,60,Local Road,144.321548,-36.705802,20191122,BENDIGO
T20190023433,2019-11-23,14:40:00,1,Collision with vehicle,7,Saturday,121,RIGHT THROUGH,1,51916,2,0,0,2,4,6,1,1,Cross intersection,3,70,Arterial Highway,144.316158,-36.705155,20191123,BENDIGO
T20190025527,2019-11-24,13:19:00,1,Collision with vehicle,1,Sunday,121,RIGHT THROUGH,1,355448,2,0,0,1,1,2,1,1,Cross intersection,3,60,Arterial Highway,144.291828,-36.757281,20191124,BENDIGO
T20190023470,2019-11-24,00:30:00,1,Collision with vehicle,0,Sunday,160,VEHICLE COLLIDES WITH VEHICLE PARKED ON LEFT OF ROAD,3,659025,2,0,0,1,1,2,1,5,Not at intersection,3,50,Local Road,144.293459,-36.765802,20191124,BENDIGO
T20190024391,2019-11-27,08:10:00,1,Collision with vehicle,3,Wednesday,160,VEHICLE COLLIDES WITH VEHICLE PARKED ON LEFT OF ROAD,1,607985,2,0,1,0,0,1,2,5,Not at intersection,2,60,Local Road,144.308042,-36.712917,20191127,BENDIGO
T20190023889,2019-11-28,15:40:00,1,Collision with vehicle,4,Thursday,130,REAR END(VEHICLES IN SAME LANE),1,605656,2,0,0,1,1,2,2,1,Cross intersection,3,60,Arterial Other,144.250002,-36.773666,20191128,BENDIGO
T20190024066,2019-11-30,20:54:00,4,Collision with a fixed object,7,Saturday,171,LEFT OFF CARRIAGEWAY INTO OBJECT/PARKED VEHICLE,5,606220,1,0,1,1,0,2,1,5,Not at intersection,2,100,Arterial Other,144.654251,-36.957238,20191130,BENDIGO
T20190024456,2019-12-01,13:00:00,1,Collision with vehicle,0,Sunday,145,REVERSING IN STREAM OF TRAFFIC,1,656552,6,0,0,2,3,5,1,5,Not at intersection,3,50,,144.242233,-36.810833,20191201,BENDIGO
T20190024370,2019-12-04,06:55:00,1,Collision with vehicle,4,Wednesday,132,RIGHT REAR.,1,608756,2,0,0,1,1,2,1,5,Not at intersection,3,60,Local Road,144.293139,-36.753264,20191204,BENDIGO
T20190024645,2019-12-07,02:40:00,4,Collision with a fixed object,7,Saturday,173,RIGHT OFF CARRIAGEWAY INTO OBJECT/PARKED VEHICLE,3,59514,1,0,0,1,0,1,1,1,Cross intersection,3,60,Local Road,144.242688,-36.724967,20191207,BENDIGO
T20190024929,2019-12-07,17:20:00,6,Vehicle overturned (no collision),7,Saturday,184,OUT OF CONTROL ON CARRIAGEWAY (ON BEND),1,610465,1,0,0,1,0,1,2,5,Not at intersection,3,100,,144.279929,-36.838816,20191207,BENDIGO
T20190024986,2019-12-11,10:15:00,4,Collision with a fixed object,3,Wednesday,171,LEFT OFF CARRIAGEWAY INTO OBJECT/PARKED VEHICLE,1,614288,1,0,0,1,0,1,1,5,Not at intersection,3,90,Arterial Highway,144.71301,-36.929035,20191211,BENDIGO
T20190025072,2019-12-11,15:00:00,8,No collision and no object struck,3,Wednesday,180,OFF CARRIAGEWAY ON RIGHT BEND,1,609877,1,0,0,1,0,1,2,5,Not at intersection,3,50,Local Road,144.273284,-36.742579,20191211,BENDIGO
T20190025135,2019-12-12,14:30:00,2,Struck Pedestrian,5,Thursday,102,FAR SIDE. PED HIT BY VEHICLE FROM THE LEFT,1,630286,1,1,0,1,0,2,1,5,Not at intersection,1,50,Local Road,144.266588,-36.740007,20191212,BENDIGO
T20190025242,2019-12-13,15:14:00,4,Collision with a fixed object,5,Friday,171,LEFT OFF CARRIAGEWAY INTO OBJECT/PARKED VEHICLE,1,632044,1,0,1,0,0,1,1,5,Not at intersection,2,80,Arterial Highway,144.225106,-36.711929,20191213,BENDIGO
T20190025185,2019-12-13,08:40:00,1,Collision with vehicle,6,Friday,121,RIGHT THROUGH,1,609878,2,0,1,4,0,5,1,2,T intersection,2,100,Arterial Highway,144.367405,-36.772978,20191213,BENDIGO
T20190026318,2019-12-14,15:00:00,8,No collision and no object struck,7,Saturday,184,OUT OF CONTROL ON CARRIAGEWAY (ON BEND),1,619525,1,0,1,0,0,1,2,5,Not at intersection,2,100,,144.277075,-36.687758,20191214,BENDIGO
T20190025882,2019-12-17,20:30:00,1,Collision with vehicle,3,Tuesday,130,REAR END(VEHICLES IN SAME LANE),2,656187,2,0,0,1,0,1,2,2,T intersection,3,50,Local Road,144.245143,-36.783223,20191217,BENDIGO
T20190025611,2019-12-18,06:51:00,1,Collision with vehicle,3,Wednesday,110,CROSS TRAFFIC(INTERSECTIONS ONLY),1,59864,3,0,2,0,1,3,1,1,Cross intersection,2,60,Arterial Other,144.239379,-36.79623,20191218,BENDIGO
T20190025921,2019-12-20,18:00:00,1,Collision with vehicle,6,Friday,113,RIGHT NEAR (INTERSECTIONS ONLY),1,585334,2,0,1,0,1,2,1,1,Cross intersection,2,70,Local Road,144.319989,-36.71388,20191220,BENDIGO
T20190025805,2019-12-20,13:30:00,1,Collision with vehicle,6,Friday,110,CROSS TRAFFIC(INTERSECTIONS ONLY),1,59688,2,0,0,1,2,3,1,1,Cross intersection,3,50,Local Road,144.27408,-36.757745,20191220,BENDIGO
T20190025890,2019-12-21,11:15:00,1,Collision with vehicle,7,Saturday,152,PULLING OUT (OVERTAKING),1,614145,2,0,1,2,0,3,1,5,Not at intersection,2,60,Arterial Highway,144.257924,-36.723769,20191221,BENDIGO
T20190025963,2019-12-22,08:30:00,1,Collision with vehicle,1,Sunday,121,RIGHT THROUGH,1,35770,2,0,0,2,0,2,1,1,Cross intersection,3,50,Arterial Highway,144.278595,-36.7597,20191222,BENDIGO
T20190025977,2019-12-22,09:20:00,4,Collision with a fixed object,1,Sunday,171,LEFT OFF CARRIAGEWAY INTO OBJECT/PARKED VEHICLE,1,614002,1,0,1,0,0,1,1,5,Not at intersection,2,100,Arterial Highway,144.742313,-36.953751,20191222,BENDIGO
T20190026130,2019-12-23,16:55:00,1,Collision with vehicle,1,Monday,140,U TURN,1,728879,2,0,0,1,2,3,1,5,Not at intersection,3,50,Local Road,144.293713,-36.767097,20191223,BENDIGO
T20190026090,2019-12-23,18:35:00,1,Collision with vehicle,2,Monday,120,HEAD ON (NOT OVERTAKING),1,657556,2,0,1,3,0,4,1,5,Not at intersection,2,60,Arterial Other,144.31619,-36.742734,20191223,BENDIGO
T20190026277,2019-12-26,16:00:00,1,Collision with vehicle,5,Thursday,130,REAR END(VEHICLES IN SAME LANE),1,627070,2,0,0,1,1,2,1,2,T intersection,3,80,Arterial Other,144.158278,-36.844467,20191226,BENDIGO
T20190026254,2019-12-26,10:43:00,4,Collision with a fixed object,5,Thursday,181,OFF RIGHT BEND INTO OBJECT/PARKED VEHICLE,1,619079,1,0,1,0,0,1,1,5,Not at intersection,2,100,,144.177875,-36.763287,20191226,BENDIGO
T20190026313,2019-12-27,12:28:00,4,Collision with a fixed object,6,Friday,181,OFF RIGHT BEND INTO OBJECT/PARKED VEHICLE,1,613312,1,0,0,1,0,1,1,5,Not at intersection,3,60,,144.361528,-36.80198,20191227,BENDIGO
T20190026399,2019-12-28,22:32:00,1,Collision with vehicle,7,Saturday,136,RIGHT TURN SIDESWIPE,4,629301,2,1,0,1,0,2,1,5,Not at intersection,1,80,Arterial Other,144.340386,-36.794412,20191228,BENDIGO
T20200001698,2019-12-30,09:00:00,8,No collision and no object struck,2,Monday,170,OFF CARRIAGEWAY TO LEFT,1,624513,1,0,0,1,0,1,2,2,T intersection,3,999,Local Road,144.446335,-36.870307,20191230,BENDIGO
T20190026487,2019-12-30,11:15:00,1,Collision with vehicle,2,Monday,110,CROSS TRAFFIC(INTERSECTIONS ONLY),1,19422,2,0,1,1,0,2,1,1,Cross intersection,2,60,Arterial Other,144.262006,-36.739308,20191230,BENDIGO
T20200000645,2019-12-31,13:10:00,6,Vehicle overturned (no collision),3,Tuesday,179,OTHER ACCIDENTS-OFF STRAIGHT NOT INCLUDED IN DCAs 170-175,1,51746,1,0,0,1,0,1,2,2,T intersection,3,100,Local Road,144.292655,-36.812626,20191231,BENDIGO
T20200000058,2020-01-01,11:15:00,6,Vehicle overturned (no collision),4,Wednesday,182,OFF CARRIAGEWAY ON LEFT BEND,1,632037,1,0,1,0,0,1,1,5,Not at intersection,2,100,,144.287708,-36.887826,20200101,BENDIGO
T20200000166,2020-01-03,15:05:00,1,Collision with vehicle,6,Friday,121,RIGHT THROUGH,1,20017,2,0,2,1,1,4,1,1,Cross intersection,2,60,Arterial Highway,144.270669,-36.763391,20200103,BENDIGO
T20200000266,2020-01-04,14:48:00,5,collision with some other object,6,Saturday,166,STRUCK OBJECT ON CARRIAGEWAY,1,615887,2,0,0,1,1,2,1,5,Not at intersection,3,60,Local Road,144.248976,-36.7972,20200104,BENDIGO
T20200000296,2020-01-05,15:50:00,4,Collision with a fixed object,1,Sunday,173,RIGHT OFF CARRIAGEWAY INTO OBJECT/PARKED VEHICLE,1,622053,1,0,0,1,0,1,1,2,T intersection,3,60,Local Road,144.229883,-36.782488,20200105,BENDIGO
T20200000697,2020-01-05,10:45:00,6,Vehicle overturned (no collision),1,Sunday,174,OUT OF CONTROL ON CARRIAGEWAY (ON STRAIGHT),1,661789,1,0,0,1,0,1,2,5,Not at intersection,3,50,,144.324091,-36.872628,20200105,BENDIGO
T20200000585,2020-01-09,13:26:00,1,Collision with vehicle,4,Thursday,148,VEHICLE OFF FOOTPATH STRIKES VEH ON CARRIAGEWAY,1,617344,2,0,0,1,1,2,1,5,Not at intersection,3,60,Arterial Highway,144.287346,-36.758192,20200109,BENDIGO
T20200000677,2020-01-10,17:20:00,1,Collision with vehicle,5,Friday,110,CROSS TRAFFIC(INTERSECTIONS ONLY),1,19447,2,0,0,1,1,2,1,1,Cross intersection,3,100,Arterial Other,144.39501,-36.811389,20200110,BENDIGO
T20200007160,2020-01-13,21:40:00,1,Collision with vehicle,2,Monday,140,U TURN,3,641897,2,0,0,2,2,4,1,2,T intersection,3,60,Local Road,144.300128,-36.75465,20200113,BENDIGO
T20200000942,2020-01-14,16:47:00,1,Collision with vehicle,2,Tuesday,120,HEAD ON (NOT OVERTAKING),1,622651,2,0,1,0,1,2,1,5,Not at intersection,2,60,Local Road,144.25869,-36.756231,20200114,BENDIGO
T20200001040,2020-01-15,17:55:00,1,Collision with vehicle,3,Wednesday,130,REAR END(VEHICLES IN SAME LANE),1,773464,2,0,0,1,3,4,1,5,Not at intersection,3,50,Arterial Highway,144.253112,-36.718277,20200115,BENDIGO
T20200001185,2020-01-16,12:45:00,1,Collision with vehicle,5,Thursday,132,RIGHT REAR.,1,288498,2,0,1,1,2,4,2,4,Multiple intersection,2,50,Arterial Highway,144.278355,-36.75947,20200116,BENDIGO
T20200001407,2020-01-20,15:00:00,1,Collision with vehicle,2,Monday,131,LEFT REAR,1,44640,2,0,0,1,1,2,2,2,T intersection,3,40,Local Road,144.281094,-36.759398,20200120,BENDIGO
T20200001449,2020-01-20,16:45:00,1,Collision with vehicle,2,Monday,130,REAR END(VEHICLES IN SAME LANE),1,663834,2,0,1,0,1,2,2,1,Cross intersection,2,70,Arterial Highway,144.315003,-36.710869,20200120,BENDIGO
T20200001832,2020-01-25,19:40:00,4,Collision with a fixed object,7,Saturday,171,LEFT OFF CARRIAGEWAY INTO OBJECT/PARKED VEHICLE,1,652814,1,0,2,0,0,2,1,5,Not at intersection,2,50,Arterial Highway,144.260563,-36.753516,20200125,BENDIGO
T20200001939,2020-01-27,13:30:00,1,Collision with vehicle,2,Monday,110,CROSS TRAFFIC(INTERSECTIONS ONLY),1,19419,2,0,0,1,4,5,1,1,Cross intersection,3,60,Arterial Other,144.263983,-36.73788,20200127,BENDIGO
T20200003017,2020-01-28,10:18:00,1,Collision with vehicle,2,Tuesday,134,LANE CHANGE RIGHT (NOT OVERTAKING),1,627728,2,0,0,1,1,2,1,5,Not at intersection,3,60,Arterial Highway,144.274077,-36.761046,20200128,BENDIGO
T20200002120,2020-01-29,15:50:00,1,Collision with vehicle,4,Wednesday,113,RIGHT NEAR (INTERSECTIONS ONLY),1,51576,2,0,1,3,2,6,1,2,T intersection,2,60,Arterial Other,144.282508,-36.750867,20200129,BENDIGO
T20200002336,2020-01-31,14:41:00,5,collision with some other object,6,Friday,191,LOAD OR MISSILE STRUCK VEHICLE,1,624521,1,0,0,1,2,3,1,5,Not at intersection,3,80,Arterial Other,144.334549,-36.789437,20200131,BENDIGO
T20200005576,2020-02-04,18:00:00,1,Collision with vehicle,2,Tuesday,160,VEHICLE COLLIDES WITH VEHICLE PARKED ON LEFT OF ROAD,1,636191,2,0,0,1,0,1,2,5,Not at intersection,3,50,Local Road,144.294856,-36.781518,20200204,BENDIGO
T20200002688,2020-02-05,07:09:00,1,Collision with vehicle,3,Wednesday,136,RIGHT TURN SIDESWIPE,1,728901,2,0,0,1,1,2,1,5,Not at intersection,3,50,Local Road,144.316432,-36.707033,20200205,BENDIGO
T20200002853,2020-02-06,17:20:00,1,Collision with vehicle,4,Thursday,130,REAR END(VEHICLES IN SAME LANE),1,626102,2,0,0,1,1,2,1,1,Cross intersection,3,60,Local Road,144.291983,-36.757415,20200206,BENDIGO
T20200006105,2020-02-06,06:10:00,3,Struck animal,4,Thursday,167,STRUCK ANIMAL,2,779887,1,0,0,1,0,1,2,5,Not at intersection,3,999,Arterial Highway,144.152456,-36.737671,20200206,BENDIGO
T20200003097,2020-02-09,11:00:00,1,Collision with vehicle,1,Sunday,142,LEAVING PARKING,1,635709,2,0,0,1,1,2,2,5,Not at intersection,3,50,Arterial Other,144.282834,-36.761824,20200209,BENDIGO
T20200008065,2020-02-12,17:40:00,1,Collision with vehicle,4,Wednesday,121,RIGHT THROUGH,1,649693,2,0,1,1,4,6,1,2,T intersection,2,60,Local Road,144.221138,-36.707205,20200212,BENDIGO
T20200004046,2020-02-13,16:25:00,1,Collision with vehicle,5,Thursday,130,REAR END(VEHICLES IN SAME LANE),1,629999,3,0,0,2,1,3,1,5,Not at intersection,3,60,Local Road,144.32007,-36.70564,20200213,BENDIGO
T20200004146,2020-02-13,11:10:00,1,Collision with vehicle,4,Thursday,130,REAR END(VEHICLES IN SAME LANE),1,307924,2,0,0,2,2,4,1,2,T intersection,3,80,Arterial Highway,144.240366,-36.810193,20200213,BENDIGO
T20200006589,2020-02-20,17:55:00,1,Collision with vehicle,4,Thursday,132,RIGHT REAR.,1,51579,2,0,0,1,1,2,2,1,Cross intersection,3,50,Local Road,144.270991,-36.751435,20200220,BENDIGO
T20200006075,2020-02-20,16:00:00,1,Collision with vehicle,5,Thursday,121,RIGHT THROUGH,1,638439,2,0,1,1,0,2,2,5,Not at intersection,2,60,Arterial Highway,144.257641,-36.731418,20200220,BENDIGO
T20200004072,2020-02-20,15:50:00,1,Collision with vehicle,5,Thursday,130,REAR END(VEHICLES IN SAME LANE),1,630002,3,0,0,2,1,3,1,5,Not at intersection,3,40,,144.258391,-36.725038,20200220,BENDIGO
T20200004075,2020-02-20,13:10:00,1,Collision with vehicle,5,Thursday,132,RIGHT REAR.,1,51621,2,0,1,0,1,2,1,1,Cross intersection,2,80,Arterial Highway,144.324975,-36.760116,20200220,BENDIGO
T20200004280,2020-02-22,01:22:00,1,Collision with vehicle,6,Saturday,183,OFF LEFT BEND INTO OBJECT/PARKED VEHICLE,3,631886,2,0,0,1,0,1,1,5,Not at intersection,3,50,Local Road,144.25597,-36.768383,20200222,BENDIGO
T20200004288,2020-02-22,17:45:00,1,Collision with vehicle,6,Saturday,132,RIGHT REAR.,1,274733,2,0,0,1,2,3,1,2,T intersection,3,50,Local Road,144.239256,-36.802266,20200222,BENDIGO
T20200004458,2020-02-24,18:53:00,1,Collision with vehicle,2,Monday,110,CROSS TRAFFIC(INTERSECTIONS ONLY),1,51750,2,0,1,0,1,2,1,1,Cross intersection,2,80,Local Road,144.302781,-36.826515,20200224,BENDIGO
T20200004596,2020-02-26,06:44:00,1,Collision with vehicle,4,Wednesday,121,RIGHT THROUGH,2,662124,2,0,0,1,1,2,1,2,T intersection,3,60,Arterial Highway,144.266784,-36.756105,20200226,BENDIGO
T20200004829,2020-02-26,18:00:00,1,Collision with vehicle,4,Wednesday,121,RIGHT THROUGH,1,51627,2,0,0,1,1,2,1,1,Cross intersection,3,60,Arterial Highway,144.273591,-36.761102,20200226,BENDIGO
T20200004745,2020-02-27,11:41:00,1,Collision with vehicle,5,Thursday,110,CROSS TRAFFIC(INTERSECTIONS ONLY),1,235733,2,0,1,0,1,2,1,1,Cross intersection,2,100,,144.481986,-36.647579,20200227,BENDIGO
T20200004787,2020-02-28,08:35:00,1,Collision with vehicle,6,Friday,116,LEFT NEAR (INTERSECTIONS ONLY),1,44853,2,0,0,1,1,2,1,2,T intersection,3,50,Arterial Highway,144.244352,-36.792527,20200228,BENDIGO
T20200004934,2020-02-29,16:40:00,2,Struck Pedestrian,7,Saturday,107,PED ON FOOTHPATH STRUCK BY VEHENTERING/LEAVING DRIVEWAY.,1,636145,1,0,1,0,1,2,1,5,Not at intersection,2,50,Local Road,144.223521,-36.803909,20200229,BENDIGO
T20200004954,2020-02-29,16:10:00,4,Collision with a fixed object,7,Saturday,173,RIGHT OFF CARRIAGEWAY INTO OBJECT/PARKED VEHICLE,1,237945,1,0,1,0,0,1,1,1,Cross intersection,2,100,Arterial Other,144.501295,-37.003529,20200229,BENDIGO
T20200004959,2020-02-29,19:13:00,1,Collision with vehicle,6,Saturday,110,CROSS TRAFFIC(INTERSECTIONS ONLY),2,59609,2,0,0,1,1,2,1,1,Cross intersection,3,50,Local Road,144.267448,-36.746817,20200229,BENDIGO
T20200005358,2020-03-02,17:30:00,1,Collision with vehicle,1,Monday,130,REAR END(VEHICLES IN SAME LANE),1,636531,2,0,0,2,1,3,2,2,T intersection,3,70,,144.242451,-36.802608,20200302,BENDIGO
T20200005102,2020-03-02,19:10:00,1,Collision with vehicle,2,Monday,110,CROSS TRAFFIC(INTERSECTIONS ONLY),1,636154,2,0,1,0,1,2,1,1,Cross intersection,2,60,Local Road,144.282293,-36.774349,20200302,BENDIGO
T20200005993,2020-03-03,15:30:00,1,Collision with vehicle,3,Tuesday,132,RIGHT REAR.,1,661926,2,0,1,0,1,2,2,5,Not at intersection,2,60,Arterial Highway,144.253703,-36.776505,20200303,BENDIGO
T20200008954,2020-03-04,16:39:00,4,Collision with a fixed object,3,Wednesday,171,LEFT OFF CARRIAGEWAY INTO OBJECT/PARKED VEHICLE,1,666001,1,0,0,1,0,1,1,5,Not at intersection,3,60,Arterial Other,144.286573,-36.747358,20200304,BENDIGO
T20200005362,2020-03-05,13:26:00,1,Collision with vehicle,5,Thursday,110,CROSS TRAFFIC(INTERSECTIONS ONLY),1,643796,3,0,0,1,2,3,1,1,Cross intersection,3,60,Local Road,144.261935,-36.728678,20200305,BENDIGO
T20200005352,2020-03-05,13:40:00,1,Collision with vehicle,5,Thursday,169,OTHER ON PATH,1,662163,2,0,0,1,0,1,1,5,Not at intersection,3,50,Local Road,144.235572,-36.804791,20200305,BENDIGO
T20200005414,2020-03-06,03:00:00,4,Collision with a fixed object,6,Friday,173,RIGHT OFF CARRIAGEWAY INTO OBJECT/PARKED VEHICLE,3,645658,1,0,1,0,0,1,1,2,T intersection,2,60,Local Road,144.351706,-36.773857,20200306,BENDIGO
T20200008605,2020-03-12,12:35:00,1,Collision with vehicle,5,Thursday,147,VEHICLE STRIKES ANOTHER VEH WHILE EMERGING FROM DRIVEWAY,1,651187,2,0,0,2,1,3,2,5,Not at intersection,3,60,Arterial Other,144.243044,-36.796692,20200312,BENDIGO
T20200006063,2020-03-13,06:35:00,1,Collision with vehicle,6,Friday,110,CROSS TRAFFIC(INTERSECTIONS ONLY),6,637805,2,0,1,0,2,3,1,1,Cross intersection,2,80,Local Road,144.325139,-36.754129,20200313,BENDIGO
T20200006149,2020-03-14,03:00:00,4,Collision with a fixed object,7,Saturday,171,LEFT OFF CARRIAGEWAY INTO OBJECT/PARKED VEHICLE,5,650888,1,0,1,0,0,1,1,5,Not at intersection,2,60,Local Road,144.279182,-36.723338,20200314,BENDIGO
T20200006380,2020-03-16,10:30:00,6,Vehicle overturned (no collision),2,Monday,179,OTHER ACCIDENTS-OFF STRAIGHT NOT INCLUDED IN DCAs 170-175,1,638445,1,0,0,1,0,1,2,1,Cross intersection,3,999,,144.448623,-36.717114,20200316,BENDIGO
T20200006279,2020-03-16,06:22:00,4,Collision with a fixed object,2,Monday,183,OFF LEFT BEND INTO OBJECT/PARKED VEHICLE,2,640649,1,0,1,0,0,1,1,5,Not at intersection,2,100,,144.164331,-36.769646,20200316,BENDIGO
T20200006294,2020-03-16,13:30:00,1,Collision with vehicle,2,Monday,147,VEHICLE STRIKES ANOTHER VEH WHILE EMERGING FROM DRIVEWAY,1,51606,2,0,0,1,1,2,1,2,T intersection,3,60,Arterial Highway,144.260845,-36.757087,20200316,BENDIGO
T20200006406,2020-03-17,08:53:00,2,Struck Pedestrian,3,Tuesday,100,PED NEAR SIDE. PED HIT BY VEHICLE FROM THE RIGHT.,1,639391,1,0,1,0,1,2,1,5,Not at intersection,2,40,Local Road,144.282057,-36.76024,20200317,BENDIGO
T20200006720,2020-03-21,13:30:00,2,Struck Pedestrian,7,Saturday,100,PED NEAR SIDE. PED HIT BY VEHICLE FROM THE RIGHT.,1,643803,1,0,1,0,1,2,1,5,Not at intersection,2,60,Arterial Other,144.241212,-36.796413,20200321,BENDIGO
T20200006755,2020-03-21,20:04:00,2,Struck Pedestrian,7,Saturday,100,PED NEAR SIDE. PED HIT BY VEHICLE FROM THE RIGHT.,3,643804,1,0,1,0,1,2,1,5,Not at intersection,2,60,Arterial Other,144.289017,-36.745558,20200321,BENDIGO
T20200006771,2020-03-22,05:55:00,4,Collision with a fixed object,1,Sunday,171,LEFT OFF CARRIAGEWAY INTO OBJECT/PARKED VEHICLE,3,651329,1,0,0,1,0,1,1,5,Not at intersection,3,60,,144.263394,-36.731182,20200322,BENDIGO
T20200006845,2020-03-23,13:28:00,2,Struck Pedestrian,2,Monday,101,PED EMERGES FROM IN FRONT OF PARKED OR STATIONARY VEHICLE,1,644283,1,0,1,0,1,2,1,5,Not at intersection,2,40,,144.279799,-36.760769,20200323,BENDIGO
T20200006982,2020-03-25,18:24:00,6,Vehicle overturned (no collision),4,Wednesday,180,OFF CARRIAGEWAY ON RIGHT BEND,1,652225,1,0,2,0,0,2,1,5,Not at intersection,2,60,Local Road,144.23845,-36.756945,20200325,BENDIGO
T20200007049,2020-03-27,05:27:00,4,Collision with a fixed object,6,Friday,173,RIGHT OFF CARRIAGEWAY INTO OBJECT/PARKED VEHICLE,5,652849,1,0,1,1,0,2,1,5,Not at intersection,2,60,Arterial Highway,144.494735,-36.78353,20200327,BENDIGO
T20200007209,2020-03-29,19:02:00,1,Collision with vehicle,0,Sunday,130,REAR END(VEHICLES IN SAME LANE),1,51610,2,0,0,1,4,5,1,1,Cross intersection,3,60,Arterial Highway,144.298155,-36.758555,20200329,BENDIGO
T20200007235,2020-03-30,10:30:00,1,Collision with vehicle,2,Monday,121,RIGHT THROUGH,1,51593,2,0,0,2,1,3,1,1,Cross intersection,3,50,Arterial Other,144.274076,-36.755246,20200330,BENDIGO
T20200007840,2020-04-08,15:15:00,1,Collision with vehicle,4,Wednesday,110,CROSS TRAFFIC(INTERSECTIONS ONLY),1,19424,2,0,0,1,1,2,2,1,Cross intersection,3,50,Arterial Other,144.274233,-36.743566,20200408,BENDIGO
T20200010382,2020-04-09,07:10:00,1,Collision with vehicle,4,Thursday,130,REAR END(VEHICLES IN SAME LANE),2,759481,2,0,0,1,0,1,2,5,Not at intersection,3,60,,144.258599,-36.781412,20200409,BENDIGO
T20200007899,2020-04-13,13:05:00,1,Collision with vehicle,1,Monday,110,CROSS TRAFFIC(INTERSECTIONS ONLY),1,646841,2,0,1,0,1,2,1,1,Cross intersection,2,60,Local Road,144.319394,-36.743137,20200413,BENDIGO
T20200008016,2020-04-15,21:30:00,4,Collision with a fixed object,4,Wednesday,173,RIGHT OFF CARRIAGEWAY INTO OBJECT/PARKED VEHICLE,5,647793,1,0,1,0,0,1,1,5,Not at intersection,2,100,,144.666364,-36.95625,20200415,BENDIGO