ACCIDENT_NO,ACCIDENT_DATE,ACCIDENT_TIME,ACCIDENT_TYPE,ACCIDENT_TYPE_DESC,DAY_OF_WEEK,DAY_WEEK_DESC,DCA_CODE,DCA_DESC,LIGHT_CONDITION,NODE_ID,NO_OF_VEHICLES,NO_PERSONS_KILLED,NO_PERSONS_INJ_2,NO_PERSONS_INJ_3,NO_PERSONS_NOT_INJ,NO_PERSONS,POLICE_ATTEND,ROAD_GEOMETRY,ROAD_GEOMETRY_DESC,SEVERITY,SPEED_ZONE,RMA, LAT, LONG, DATE, COUNCIL
T20200008007,2020-04-16,10:15:00,1,Collision with vehicle,5,Thursday,121,RIGHT THROUGH,1,51554,2,0,1,0,1,2,1,2,T intersection,2,60,Arterial Highway,144.295017,-36.744223,20200416,BENDIGO
T20200008091,2020-04-17,17:29:00,2,Struck Pedestrian,6,Friday,107,PED ON FOOTHPATH STRUCK BY VEHENTERING/LEAVING DRIVEWAY.,1,652791,1,1,0,0,1,2,1,5,Not at intersection,1,30,Local Road,144.24028,-36.811046,20200417,BENDIGO
T20200008142,2020-04-19,15:59:00,1,Collision with vehicle,1,Sunday,130,REAR END(VEHICLES IN SAME LANE),1,51916,3,0,0,2,1,3,1,1,Cross intersection,3,60,Arterial Highway,144.316158,-36.705155,20200419,BENDIGO
T20200008436,2020-04-26,01:40:00,4,Collision with a fixed object,1,Sunday,171,LEFT OFF CARRIAGEWAY INTO OBJECT/PARKED VEHICLE,3,653689,1,0,0,2,1,3,1,5,Not at intersection,3,50,Arterial Highway,144.277447,-36.76015,20200426,BENDIGO
T20200008492,2020-04-27,10:15:00,1,Collision with vehicle,2,Monday,121,RIGHT THROUGH,1,51584,2,0,0,3,0,3,1,1,Cross intersection,3,60,Local Road,144.294246,-36.752285,20200427,BENDIGO
T20200008559,2020-04-28,15:45:00,4,Collision with a fixed object,3,Tuesday,146,REVERSING INTO FIXED OBJECT/PARKED VEHICLE,1,651225,1,0,0,1,0,1,1,5,Not at intersection,3,50,Local Road,144.243768,-36.781095,20200428,BENDIGO
T20200009365,2020-04-28,11:30:00,1,Collision with vehicle,3,Tuesday,110,CROSS TRAFFIC(INTERSECTIONS ONLY),1,54736,2,0,0,1,1,2,1,1,Cross intersection,3,60,Arterial Other,144.358241,-36.80666,20200428,BENDIGO
T20200008743,2020-05-01,20:47:00,4,Collision with a fixed object,5,Friday,173,RIGHT OFF CARRIAGEWAY INTO OBJECT/PARKED VEHICLE,5,672036,1,0,0,1,1,2,1,5,Not at intersection,3,100,Arterial Highway,144.614234,-36.486225,20200501,BENDIGO
T20200009908,2020-05-03,14:30:00,6,Vehicle overturned (no collision),0,Sunday,170,OFF CARRIAGEWAY TO LEFT,1,653303,1,0,0,1,0,1,2,5,Not at intersection,3,100,,144.687688,-36.8251,20200503,BENDIGO
T20200008822,2020-05-04,07:00:00,1,Collision with vehicle,2,Monday,130,REAR END(VEHICLES IN SAME LANE),2,360256,3,0,0,1,2,3,1,1,Cross intersection,3,50,Arterial Highway,144.258238,-36.746907,20200504,BENDIGO
T20200008877,2020-05-05,03:00:00,4,Collision with a fixed object,3,Tuesday,171,LEFT OFF CARRIAGEWAY INTO OBJECT/PARKED VEHICLE,5,661337,1,0,1,0,1,2,1,5,Not at intersection,2,80,,144.276102,-36.678625,20200505,BENDIGO
T20200008972,2020-05-07,03:36:00,4,Collision with a fixed object,4,Thursday,171,LEFT OFF CARRIAGEWAY INTO OBJECT/PARKED VEHICLE,3,59780,1,0,1,0,0,1,1,2,T intersection,2,60,Arterial Other,144.300758,-36.771698,20200507,BENDIGO
T20200009411,2020-05-11,23:30:00,4,Collision with a fixed object,2,Monday,173,RIGHT OFF CARRIAGEWAY INTO OBJECT/PARKED VEHICLE,3,652856,1,0,0,1,1,2,1,2,T intersection,3,60,Arterial Highway,144.25866,-36.727145,20200511,BENDIGO
T20200009187,2020-05-11,06:40:00,1,Collision with vehicle,2,Monday,133,LANE SIDE SWIPE (VEHICLES IN PARALLEL LANES),1,663936,3,0,0,4,0,4,1,5,Not at intersection,3,100,Arterial Highway,144.644836,-36.441646,20200511,BENDIGO
T20200009342,2020-05-13,17:00:00,1,Collision with vehicle,4,Wednesday,136,RIGHT TURN SIDESWIPE,1,654699,2,0,0,1,2,3,1,5,Not at intersection,3,100,Local Road,144.37503,-36.819781,20200513,BENDIGO
T20200009528,2020-05-16,16:30:00,1,Collision with vehicle,7,Saturday,113,RIGHT NEAR (INTERSECTIONS ONLY),1,652810,2,0,0,1,1,2,1,2,T intersection,3,100,Arterial Other,144.174287,-36.811317,20200516,BENDIGO
T20200009524,2020-05-16,17:00:00,8,No collision and no object struck,7,Saturday,184,OUT OF CONTROL ON CARRIAGEWAY (ON BEND),1,653055,1,0,1,0,0,1,1,5,Not at intersection,2,100,,144.241328,-36.698976,20200516,BENDIGO
T20200009505,2020-05-16,13:30:00,4,Collision with a fixed object,7,Saturday,171,LEFT OFF CARRIAGEWAY INTO OBJECT/PARKED VEHICLE,1,652852,1,0,1,0,0,1,1,5,Not at intersection,2,100,Arterial Other,144.764692,-36.931338,20200516,BENDIGO
T20200009572,2020-05-17,14:00:00,1,Collision with vehicle,1,Sunday,116,LEFT NEAR (INTERSECTIONS ONLY),1,51718,2,0,0,1,1,2,1,2,T intersection,3,80,Arterial Other,144.321936,-36.789004,20200517,BENDIGO
T20200009714,2020-05-19,17:36:00,1,Collision with vehicle,3,Tuesday,120,HEAD ON (NOT OVERTAKING),2,653369,2,0,1,0,2,3,1,5,Not at intersection,2,60,Local Road,144.253802,-36.70299,20200519,BENDIGO
T20210003586,2020-05-21,07:15:00,1,Collision with vehicle,5,Thursday,121,RIGHT THROUGH,1,51729,2,0,0,1,1,2,2,1,Cross intersection,3,60,Local Road,144.245383,-36.797048,20200521,BENDIGO
T20200010021,2020-05-24,10:00:00,1,Collision with vehicle,1,Sunday,110,CROSS TRAFFIC(INTERSECTIONS ONLY),1,51641,2,0,0,1,1,2,2,1,Cross intersection,3,60,Local Road,144.285362,-36.763171,20200524,BENDIGO
T20200010285,2020-05-27,15:47:00,4,Collision with a fixed object,4,Wednesday,183,OFF LEFT BEND INTO OBJECT/PARKED VEHICLE,1,654179,1,1,0,0,0,1,1,5,Not at intersection,1,100,,144.175997,-36.810842,20200527,BENDIGO
T20200010441,2020-05-30,02:57:00,2,Struck Pedestrian,7,Saturday,103,PED PLAYING/LYING/WORKING/STANDING ON CARRIAGEWAY.,5,653968,1,1,0,1,0,2,1,5,Not at intersection,1,100,Arterial Highway,144.240033,-36.831961,20200530,BENDIGO
T20200010510,2020-05-31,10:17:00,4,Collision with a fixed object,1,Sunday,171,LEFT OFF CARRIAGEWAY INTO OBJECT/PARKED VEHICLE,1,657886,1,0,1,0,0,1,1,5,Not at intersection,2,80,Local Road,144.304742,-36.831512,20200531,BENDIGO
T20200011079,2020-06-02,19:42:00,1,Collision with vehicle,2,Tuesday,135,LANE CHANGE LEFT (NOT OVERTAKING),3,51628,2,0,0,1,1,2,1,1,Cross intersection,3,50,Arterial Other,144.283385,-36.761424,20200602,BENDIGO
T20200010748,2020-06-04,09:20:00,1,Collision with vehicle,4,Thursday,110,CROSS TRAFFIC(INTERSECTIONS ONLY),1,51713,2,0,0,1,1,2,1,1,Cross intersection,3,60,Arterial Highway,144.246673,-36.785355,20200604,BENDIGO
T20200011807,2020-06-07,09:00:00,4,Collision with a fixed object,0,Sunday,171,LEFT OFF CARRIAGEWAY INTO OBJECT/PARKED VEHICLE,1,656019,1,0,0,1,0,1,1,5,Not at intersection,3,100,Local Road,144.697336,-36.959032,20200607,BENDIGO
T20200011009,2020-06-07,19:20:00,4,Collision with a fixed object,1,Sunday,173,RIGHT OFF CARRIAGEWAY INTO OBJECT/PARKED VEHICLE,3,664912,1,0,0,1,1,2,1,5,Not at intersection,3,50,Local Road,144.253631,-36.76145,20200607,BENDIGO
T20200010973,2020-06-07,12:23:00,1,Collision with vehicle,1,Sunday,110,CROSS TRAFFIC(INTERSECTIONS ONLY),1,308330,2,0,1,0,1,2,1,1,Cross intersection,2,50,Local Road,144.298105,-36.725809,20200607,BENDIGO
T20200013315,2020-06-09,16:30:00,2,Struck Pedestrian,3,Tuesday,109,ANY MANOEUVRE INVOLVING PED NOT INCLUDED IN DCAs 100-108.,1,657326,1,0,0,1,0,1,2,5,Not at intersection,3,50,Arterial Highway,144.254616,-36.71925,20200609,BENDIGO
T20200011201,2020-06-10,16:45:00,1,Collision with vehicle,4,Wednesday,171,LEFT OFF CARRIAGEWAY INTO OBJECT/PARKED VEHICLE,1,51700,3,0,1,1,2,4,1,1,Cross intersection,2,60,Arterial Highway,144.250247,-36.779793,20200610,BENDIGO
T20200011318,2020-06-11,18:45:00,1,Collision with vehicle,4,Thursday,110,CROSS TRAFFIC(INTERSECTIONS ONLY),3,58082,2,0,0,1,3,4,1,1,Cross intersection,3,60,Local Road,144.341989,-36.810501,20200611,BENDIGO
T20200012534,2020-06-15,12:30:00,1,Collision with vehicle,2,Monday,110,CROSS TRAFFIC(INTERSECTIONS ONLY),1,226243,2,0,1,0,3,4,1,1,Cross intersection,2,60,Local Road,144.304265,-36.72079,20200615,BENDIGO
T20200011616,2020-06-15,18:33:00,4,Collision with a fixed object,2,Monday,173,RIGHT OFF CARRIAGEWAY INTO OBJECT/PARKED VEHICLE,5,655744,1,0,1,0,0,1,1,5,Not at intersection,2,80,Local Road,144.249894,-36.806143,20200615,BENDIGO
T20200011775,2020-06-17,23:30:00,7,Fall from or in moving vehicle,3,Wednesday,190,FELL IN/FROM VEHICLE,3,667511,1,0,0,1,0,1,1,5,Not at intersection,3,50,Local Road,144.311253,-36.76523,20200617,BENDIGO
T20200011948,2020-06-20,12:30:00,6,Vehicle overturned (no collision),7,Saturday,182,OFF CARRIAGEWAY ON LEFT BEND,1,656119,1,0,1,0,0,1,1,1,Cross intersection,2,100,Local Road,144.468117,-36.724906,20200620,BENDIGO
T20200012044,2020-06-22,08:32:00,2,Struck Pedestrian,2,Monday,102,FAR SIDE. PED HIT BY VEHICLE FROM THE LEFT,1,51667,1,0,1,0,3,4,1,1,Cross intersection,2,60,Arterial Other,144.286174,-36.769304,20200622,BENDIGO
T20200012387,2020-06-24,17:37:00,1,Collision with vehicle,4,Wednesday,121,RIGHT THROUGH,3,29976,2,0,0,2,1,3,1,1,Cross intersection,3,60,Arterial Other,144.286925,-36.747039,20200624,BENDIGO
T20200012899,2020-06-24,15:30:00,8,No collision and no object struck,4,Wednesday,184,OUT OF CONTROL ON CARRIAGEWAY (ON BEND),1,657826,1,0,1,0,0,1,2,5,Not at intersection,2,60,Local Road,144.356688,-36.7019,20200624,BENDIGO
T20200012199,2020-06-24,10:02:00,2,Struck Pedestrian,4,Wednesday,100,PED NEAR SIDE. PED HIT BY VEHICLE FROM THE RIGHT.,1,657081,1,0,3,0,1,4,1,1,Cross intersection,2,50,Arterial Highway,144.275535,-36.760877,20200624,BENDIGO
T20200012481,2020-06-28,09:45:00,1,Collision with vehicle,1,Sunday,152,PULLING OUT (OVERTAKING),1,656931,2,0,1,1,1,3,1,1,Cross intersection,2,100,Local Road,144.422782,-36.669236,20200628,BENDIGO
T20200012497,2020-06-28,14:45:00,1,Collision with vehicle,1,Sunday,113,RIGHT NEAR (INTERSECTIONS ONLY),1,656806,2,0,2,3,0,5,1,2,T intersection,2,100,Arterial Other,144.71507,-36.807774,20200628,BENDIGO
T20200012535,2020-06-29,08:15:00,4,Collision with a fixed object,2,Monday,171,LEFT OFF CARRIAGEWAY INTO OBJECT/PARKED VEHICLE,1,666913,1,0,0,1,0,1,1,5,Not at intersection,3,100,Arterial Other,144.109248,-36.815002,20200629,BENDIGO
T20200012728,2020-07-01,18:30:00,1,Collision with vehicle,3,Wednesday,110,CROSS TRAFFIC(INTERSECTIONS ONLY),3,58082,2,0,0,2,1,3,1,1,Cross intersection,3,60,Local Road,144.341989,-36.810501,20200701,BENDIGO
T20200012692,2020-07-01,12:45:00,1,Collision with vehicle,4,Wednesday,147,VEHICLE STRIKES ANOTHER VEH WHILE EMERGING FROM DRIVEWAY,1,656935,2,0,1,0,1,2,1,5,Not at intersection,2,50,Local Road,144.302535,-36.765804,20200701,BENDIGO
T20200012884,2020-07-03,15:15:00,4,Collision with a fixed object,6,Friday,171,LEFT OFF CARRIAGEWAY INTO OBJECT/PARKED VEHICLE,1,664822,1,0,0,1,0,1,1,5,Not at intersection,3,70,Arterial Highway,144.312403,-36.721318,20200703,BENDIGO
T20200012948,2020-07-04,15:40:00,4,Collision with a fixed object,6,Saturday,175,OFF END OF ROAD/T-INTERSECTION.,1,664911,1,0,0,1,0,1,1,2,T intersection,3,50,Arterial Other,144.269239,-36.734613,20200704,BENDIGO
T20200013010,2020-07-05,15:00:00,1,Collision with vehicle,0,Sunday,121,RIGHT THROUGH,1,51593,2,0,0,2,0,2,1,1,Cross intersection,3,60,Arterial Other,144.274076,-36.755246,20200705,BENDIGO
T20200013201,2020-07-05,12:45:00,1,Collision with vehicle,1,Sunday,130,REAR END(VEHICLES IN SAME LANE),1,657253,2,0,0,2,1,3,2,5,Not at intersection,3,100,Freeway,144.219445,-36.904647,20200705,BENDIGO
T20200013141,2020-07-07,18:04:00,2,Struck Pedestrian,3,Tuesday,104,PED WALKING WITH TRAFFIC,5,657045,2,1,0,0,2,3,1,5,Not at intersection,1,100,,144.122378,-36.799901,20200707,BENDIGO
T20200015002,2020-07-09,06:30:00,1,Collision with vehicle,5,Thursday,130,REAR END(VEHICLES IN SAME LANE),2,660063,2,0,1,0,0,1,2,1,Cross intersection,2,60,Arterial Highway,144.270516,-36.763529,20200709,BENDIGO
T20200013364,2020-07-10,13:30:00,1,Collision with vehicle,5,Friday,111,RIGHT FAR (INTERSECTIONS ONLY),1,19580,2,0,0,1,1,2,2,2,T intersection,3,100,Arterial Highway,144.222322,-36.861394,20200710,BENDIGO
T20200017222,2020-07-13,17:30:00,3,Struck animal,2,Monday,167,STRUCK ANIMAL,2,666139,1,0,0,1,0,1,2,5,Not at intersection,3,80,Arterial Highway,144.692363,-36.9048,20200713,BENDIGO
T20200013470,2020-07-13,10:30:00,4,Collision with a fixed object,2,Monday,173,RIGHT OFF CARRIAGEWAY INTO OBJECT/PARKED VEHICLE,1,666097,1,0,0,1,0,1,1,5,Not at intersection,3,60,Local Road,144.285129,-36.776185,20200713,BENDIGO
T20200015364,2020-07-18,22:15:00,3,Struck animal,7,Saturday,167,STRUCK ANIMAL,5,666596,1,0,0,1,1,2,1,5,Not at intersection,3,100,Arterial Other,144.144077,-36.88465,20200718,BENDIGO
T20200014562,2020-07-21,08:05:00,8,No collision and no object struck,2,Tuesday,174,OUT OF CONTROL ON CARRIAGEWAY (ON STRAIGHT),1,659077,1,0,0,1,0,1,2,5,Not at intersection,3,50,Local Road,144.304531,-36.709997,20200721,BENDIGO
T20200015463,2020-07-21,08:15:00,1,Collision with vehicle,2,Tuesday,110,CROSS TRAFFIC(INTERSECTIONS ONLY),1,225697,2,0,0,1,0,1,2,1,Cross intersection,3,60,Local Road,144.273846,-36.717782,20200721,BENDIGO
T20200014017,2020-07-22,15:33:00,2,Struck Pedestrian,3,Wednesday,107,PED ON FOOTHPATH STRUCK BY VEHENTERING/LEAVING DRIVEWAY.,1,666752,1,0,0,1,1,2,1,5,Not at intersection,3,50,Local Road,144.251591,-36.719115,20200722,BENDIGO
T20200014019,2020-07-22,16:30:00,4,Collision with a fixed object,4,Wednesday,183,OFF LEFT BEND INTO OBJECT/PARKED VEHICLE,1,659246,1,0,2,0,0,2,1,5,Not at intersection,2,100,,144.327024,-36.764413,20200722,BENDIGO
T20200014097,2020-07-23,17:00:00,4,Collision with a fixed object,4,Thursday,171,LEFT OFF CARRIAGEWAY INTO OBJECT/PARKED VEHICLE,2,658334,1,0,0,1,0,1,1,5,Not at intersection,3,100,,144.272148,-36.665576,20200723,BENDIGO
T20200014375,2020-07-24,10:39:00,1,Collision with vehicle,5,Friday,113,RIGHT NEAR (INTERSECTIONS ONLY),1,51573,2,0,1,0,2,3,1,2,T intersection,2,60,Arterial Other,144.317591,-36.750497,20200724,BENDIGO
T20200014140,2020-07-24,19:30:00,4,Collision with a fixed object,6,Friday,173,RIGHT OFF CARRIAGEWAY INTO OBJECT/PARKED VEHICLE,5,670748,1,0,1,0,0,1,1,5,Not at intersection,2,80,Local Road,144.292614,-36.703414,20200724,BENDIGO
T20200014195,2020-07-25,15:38:00,6,Vehicle overturned (no collision),7,Saturday,170,OFF CARRIAGEWAY TO LEFT,1,659300,1,0,1,0,0,1,1,5,Not at intersection,2,100,,144.511718,-36.733254,20200725,BENDIGO
T20200014232,2020-07-26,15:25:00,1,Collision with vehicle,0,Sunday,110,CROSS TRAFFIC(INTERSECTIONS ONLY),1,51495,2,0,0,1,1,2,1,1,Cross intersection,3,50,Local Road,144.334231,-36.668732,20200726,BENDIGO
T20200014220,2020-07-26,16:45:00,1,Collision with vehicle,0,Sunday,110,CROSS TRAFFIC(INTERSECTIONS ONLY),2,51636,2,0,0,1,1,2,1,1,Cross intersection,3,60,Local Road,144.257601,-36.762479,20200726,BENDIGO
T20200014229,2020-07-26,13:06:00,4,Collision with a fixed object,0,Sunday,181,OFF RIGHT BEND INTO OBJECT/PARKED VEHICLE,1,676297,1,0,0,1,0,1,1,5,Not at intersection,3,100,Local Road,144.301443,-36.824642,20200726,BENDIGO
T20200015329,2020-07-31,13:00:00,1,Collision with vehicle,5,Friday,130,REAR END(VEHICLES IN SAME LANE),1,44628,2,0,0,1,1,2,2,1,Cross intersection,3,60,Arterial Highway,144.255389,-36.775029,20200731,BENDIGO
T20200014697,2020-08-03,13:53:00,1,Collision with vehicle,2,Monday,133,LANE SIDE SWIPE (VEHICLES IN PARALLEL LANES),1,258252,2,0,0,1,2,3,1,5,Not at intersection,3,50,Arterial Highway,144.282159,-36.756999,20200803,BENDIGO
T20200014893,2020-08-07,10:20:00,1,Collision with vehicle,6,Friday,112,LEFT FAR (INTERSECTIONS ONLY),1,20490,2,0,0,2,0,2,1,2,T intersection,3,100,Local Road,144.540445,-36.646458,20200807,BENDIGO
T20200019830,2020-08-07,18:10:00,2,Struck Pedestrian,5,Friday,104,PED WALKING WITH TRAFFIC,9,667162,1,0,0,1,0,1,2,5,Not at intersection,3,60,Arterial Highway,144.257769,-36.773231,20200807,BENDIGO
T20200015136,2020-08-13,09:00:00,4,Collision with a fixed object,5,Thursday,175,OFF END OF ROAD/T-INTERSECTION.,1,233303,1,0,1,1,0,2,1,2,T intersection,2,60,,144.264847,-36.712077,20200813,BENDIGO
T20200015189,2020-08-14,16:05:00,1,Collision with vehicle,6,Friday,139,OTHER SAME DIRECTION-MANOUEVRES NOT INCLUDED IN DCAs 130-137,1,35815,2,0,0,1,1,2,1,4,Multiple intersection,3,50,Arterial Other,144.292096,-36.769124,20200814,BENDIGO
T20200015211,2020-08-14,16:55:00,4,Collision with a fixed object,5,Friday,171,LEFT OFF CARRIAGEWAY INTO OBJECT/PARKED VEHICLE,1,660065,1,0,0,1,0,1,1,5,Not at intersection,3,100,,144.178389,-36.675529,20200814,BENDIGO
T20200015441,2020-08-20,16:30:00,4,Collision with a fixed object,5,Thursday,171,LEFT OFF CARRIAGEWAY INTO OBJECT/PARKED VEHICLE,1,665908,1,0,1,0,0,1,1,5,Not at intersection,2,50,Local Road,144.240263,-36.805275,20200820,BENDIGO
T20210009529,2020-08-23,12:30:00,2,Struck Pedestrian,1,Sunday,104,PED WALKING WITH TRAFFIC,1,682771,1,0,0,1,1,2,1,1,Cross intersection,3,100,,144.1162,-36.682813,20200823,BENDIGO
T20200015604,2020-08-24,19:22:00,2,Struck Pedestrian,1,Monday,103,PED PLAYING/LYING/WORKING/STANDING ON CARRIAGEWAY.,3,667320,1,0,1,0,1,2,1,5,Not at intersection,2,60,Arterial Highway,144.303,-36.733893,20200824,BENDIGO
T20200015698,2020-08-26,14:30:00,1,Collision with vehicle,4,Wednesday,131,LEFT REAR,1,660896,2,0,1,1,0,2,1,5,Not at intersection,2,100,Arterial Other,144.165532,-36.81043,20200826,BENDIGO
T20200015821,2020-08-28,14:40:00,1,Collision with vehicle,6,Friday,130,REAR END(VEHICLES IN SAME LANE),1,44628,2,0,0,1,1,2,2,1,Cross intersection,3,50,Arterial Highway,144.255389,-36.775029,20200828,BENDIGO
T20200015828,2020-08-29,09:20:00,1,Collision with vehicle,7,Saturday,121,RIGHT THROUGH,1,20017,2,0,1,0,1,2,1,1,Cross intersection,2,60,Arterial Highway,144.270669,-36.763391,20200829,BENDIGO
T20200016210,2020-09-05,16:20:00,4,Collision with a fixed object,7,Saturday,183,OFF LEFT BEND INTO OBJECT/PARKED VEHICLE,1,661529,1,0,0,1,0,1,1,5,Not at intersection,3,80,Local Road,144.363932,-36.777226,20200905,BENDIGO
T20200016183,2020-09-05,10:30:00,1,Collision with vehicle,7,Saturday,140,U TURN,1,231179,2,0,1,1,2,4,1,1,Cross intersection,2,100,Arterial Other,144.377077,-36.809168,20200905,BENDIGO
T20200016280,2020-09-07,14:59:00,1,Collision with vehicle,2,Monday,137,LEFT TURN SIDESWIPE,1,51556,2,0,1,0,1,2,1,2,T intersection,2,60,Arterial Other,144.290258,-36.744434,20200907,BENDIGO
T20200016275,2020-09-07,10:00:00,1,Collision with vehicle,1,Monday,132,RIGHT REAR.,1,667634,2,0,0,1,2,3,1,2,T intersection,3,60,Arterial Other,144.311259,-36.777631,20200907,BENDIGO
T20200017862,2020-09-09,15:45:00,1,Collision with vehicle,4,Wednesday,121,RIGHT THROUGH,1,355448,2,0,1,0,1,2,1,1,Cross intersection,2,60,Arterial Highway,144.291828,-36.757281,20200909,BENDIGO
T20200016404,2020-09-09,19:34:00,2,Struck Pedestrian,4,Wednesday,103,PED PLAYING/LYING/WORKING/STANDING ON CARRIAGEWAY.,5,661714,1,1,0,1,0,2,1,5,Not at intersection,1,50,Arterial Highway,144.240898,-36.806982,20200909,BENDIGO
T20200016395,2020-09-09,14:10:00,4,Collision with a fixed object,4,Wednesday,171,LEFT OFF CARRIAGEWAY INTO OBJECT/PARKED VEHICLE,1,662044,1,0,1,0,0,1,1,5,Not at intersection,2,60,Arterial Other,144.271621,-36.764161,20200909,BENDIGO
T20200016487,2020-09-11,15:30:00,6,Vehicle overturned (no collision),6,Friday,180,OFF CARRIAGEWAY ON RIGHT BEND,1,667768,1,0,0,1,0,1,1,5,Not at intersection,3,100,Arterial Other,144.592606,-36.987872,20200911,BENDIGO
T20200016516,2020-09-12,09:05:00,4,Collision with a fixed object,7,Saturday,183,OFF LEFT BEND INTO OBJECT/PARKED VEHICLE,1,662903,1,0,1,0,0,1,1,5,Not at intersection,2,100,Local Road,144.802116,-36.944483,20200912,BENDIGO
T20200016736,2020-09-13,13:00:00,9,Other accident,1,Sunday,179,OTHER ACCIDENTS-OFF STRAIGHT NOT INCLUDED IN DCAs 170-175,1,668517,1,0,0,1,0,1,2,5,Not at intersection,3,999,,144.468642,-36.84506,20200913,BENDIGO
T20200016712,2020-09-16,18:16:00,4,Collision with a fixed object,3,Wednesday,171,LEFT OFF CARRIAGEWAY INTO OBJECT/PARKED VEHICLE,1,668560,1,0,0,1,0,1,1,5,Not at intersection,3,50,Local Road,144.282913,-36.719587,20200916,BENDIGO
T20200016758,2020-09-17,08:15:00,1,Collision with vehicle,4,Thursday,116,LEFT NEAR (INTERSECTIONS ONLY),1,51672,2,0,0,1,1,2,2,1,Cross intersection,3,50,Arterial Other,144.277973,-36.770389,20200917,BENDIGO
T20200016854,2020-09-19,01:15:00,7,Fall from or in moving vehicle,7,Saturday,190,FELL IN/FROM VEHICLE,3,667232,1,0,1,0,1,2,1,1,Cross intersection,2,50,Local Road,144.254486,-36.716345,20200919,BENDIGO
T20200016871,2020-09-19,18:20:00,4,Collision with a fixed object,7,Saturday,181,OFF RIGHT BEND INTO OBJECT/PARKED VEHICLE,2,673405,1,0,3,0,0,3,1,5,Not at intersection,2,60,Local Road,144.328347,-36.704547,20200919,BENDIGO
T20200017248,2020-09-28,03:11:00,4,Collision with a fixed object,2,Monday,173,RIGHT OFF CARRIAGEWAY INTO OBJECT/PARKED VEHICLE,3,665330,2,1,2,0,0,3,1,5,Not at intersection,1,60,Arterial Highway,144.287115,-36.75343,20200928,BENDIGO
T20200017402,2020-09-30,14:09:00,6,Vehicle overturned (no collision),4,Wednesday,174,OUT OF CONTROL ON CARRIAGEWAY (ON STRAIGHT),1,663607,1,0,1,0,1,2,1,5,Not at intersection,2,50,Local Road,144.308226,-36.697476,20200930,BENDIGO
T20200017399,2020-09-30,15:40:00,4,Collision with a fixed object,3,Wednesday,171,LEFT OFF CARRIAGEWAY INTO OBJECT/PARKED VEHICLE,1,669196,1,0,0,1,0,1,1,5,Not at intersection,3,100,,144.20021,-36.661193,20200930,BENDIGO
T20200017445,2020-10-01,11:10:00,2,Struck Pedestrian,5,Thursday,106,VEH STRIKES PED ON FOOTPATH/MEDIAN/TRAFFIC ISLAND.,1,663608,1,0,1,0,1,2,1,5,Not at intersection,2,999,Local Road,144.316556,-36.772472,20201001,BENDIGO
T20200017530,2020-10-02,23:59:00,1,Collision with vehicle,6,Friday,183,OFF LEFT BEND INTO OBJECT/PARKED VEHICLE,5,669961,2,0,1,0,0,1,1,5,Not at intersection,2,60,Arterial Other,144.268821,-36.781747,20201002,BENDIGO
T20200017660,2020-10-05,12:10:00,1,Collision with vehicle,2,Monday,110,CROSS TRAFFIC(INTERSECTIONS ONLY),1,59874,2,0,0,1,2,3,2,1,Cross intersection,3,60,Local Road,144.24381,-36.803243,20201005,BENDIGO
T20200017737,2020-10-07,08:40:00,4,Collision with a fixed object,3,Wednesday,179,OTHER ACCIDENTS-OFF STRAIGHT NOT INCLUDED IN DCAs 170-175,1,664181,1,0,0,1,0,1,1,1,Cross intersection,3,50,Local Road,144.2976,-36.783982,20201007,BENDIGO
T20200017761,2020-10-07,16:44:00,1,Collision with vehicle,4,Wednesday,110,CROSS TRAFFIC(INTERSECTIONS ONLY),1,44856,2,0,0,1,2,3,1,1,Cross intersection,3,50,Local Road,144.240179,-36.772431,20201007,BENDIGO
T20200017806,2020-10-08,12:11:00,1,Collision with vehicle,4,Thursday,132,RIGHT REAR.,1,19681,2,0,0,1,2,3,1,2,T intersection,3,60,Arterial Other,144.252507,-36.747379,20201008,BENDIGO
T20200018871,2020-10-08,16:12:00,1,Collision with vehicle,5,Thursday,110,CROSS TRAFFIC(INTERSECTIONS ONLY),1,58082,3,0,0,2,1,3,1,1,Cross intersection,3,60,Local Road,144.341989,-36.810501,20201008,BENDIGO
T20200017997,2020-10-12,07:56:00,4,Collision with a fixed object,2,Monday,173,RIGHT OFF CARRIAGEWAY INTO OBJECT/PARKED VEHICLE,1,664188,1,0,0,1,0,1,1,5,Not at intersection,3,50,Local Road,144.271405,-36.745204,20201012,BENDIGO
T20200018173,2020-10-14,16:00:00,3,Struck animal,3,Wednesday,167,STRUCK ANIMAL,1,664519,1,0,1,0,0,1,1,5,Not at intersection,2,100,Local Road,144.670176,-36.939917,20201014,BENDIGO