ACCIDENT_NO,ACCIDENT_DATE,ACCIDENT_TIME,ACCIDENT_TYPE,ACCIDENT_TYPE_DESC,DAY_OF_WEEK,DAY_WEEK_DESC,DCA_CODE,DCA_DESC,LIGHT_CONDITION,NODE_ID,NO_OF_VEHICLES,NO_PERSONS_KILLED,NO_PERSONS_INJ_2,NO_PERSONS_INJ_3,NO_PERSONS_NOT_INJ,NO_PERSONS,POLICE_ATTEND,ROAD_GEOMETRY,ROAD_GEOMETRY_DESC,SEVERITY,SPEED_ZONE,RMA, LAT, LONG, DATE, COUNCIL
T20200018160,2020-10-14,04:45:00,4,Collision with a fixed object,4,Wednesday,181,OFF RIGHT BEND INTO OBJECT/PARKED VEHICLE,5,747442,1,0,1,0,0,1,1,5,Not at intersection,2,100,,144.178642,-36.763167,20201014,BENDIGO
T20200018511,2020-10-14,16:45:00,1,Collision with vehicle,3,Wednesday,130,REAR END(VEHICLES IN SAME LANE),1,665580,2,0,0,1,1,2,2,2,T intersection,3,60,Local Road,144.291354,-36.75021,20201014,BENDIGO
T20200018235,2020-10-15,18:00:00,4,Collision with a fixed object,5,Thursday,173,RIGHT OFF CARRIAGEWAY INTO OBJECT/PARKED VEHICLE,9,669130,1,0,1,0,0,1,1,5,Not at intersection,2,999,,144.433586,-36.774425,20201015,BENDIGO
T20200018185,2020-10-15,12:44:00,1,Collision with vehicle,5,Thursday,110,CROSS TRAFFIC(INTERSECTIONS ONLY),1,664442,2,0,1,0,1,2,1,1,Cross intersection,2,100,,144.371007,-36.88418,20201015,BENDIGO
T20200021914,2020-10-16,08:30:00,1,Collision with vehicle,6,Friday,132,RIGHT REAR.,1,670340,2,0,0,3,0,3,2,2,T intersection,3,50,Local Road,144.257738,-36.715891,20201016,BENDIGO
T20200018243,2020-10-16,13:55:00,4,Collision with a fixed object,6,Friday,171,LEFT OFF CARRIAGEWAY INTO OBJECT/PARKED VEHICLE,1,668847,1,0,1,0,0,1,1,5,Not at intersection,2,100,,144.112192,-36.815024,20201016,BENDIGO
T20200018422,2020-10-17,10:30:00,5,collision with some other object,7,Saturday,166,STRUCK OBJECT ON CARRIAGEWAY,1,664867,1,0,1,0,0,1,2,2,T intersection,2,999,,144.154709,-36.66696,20201017,BENDIGO
T20200021498,2020-10-18,11:25:00,1,Collision with vehicle,1,Sunday,121,RIGHT THROUGH,1,20017,2,0,0,2,1,3,1,1,Cross intersection,3,60,Arterial Highway,144.270669,-36.763391,20201018,BENDIGO
T20200018677,2020-10-23,18:00:00,1,Collision with vehicle,6,Friday,160,VEHICLE COLLIDES WITH VEHICLE PARKED ON LEFT OF ROAD,1,192246,2,0,0,1,2,3,1,5,Not at intersection,3,60,Arterial Other,144.277439,-36.746201,20201023,BENDIGO
T20200018720,2020-10-24,13:00:00,1,Collision with vehicle,6,Saturday,113,RIGHT NEAR (INTERSECTIONS ONLY),1,49317,2,0,0,1,1,2,1,1,Cross intersection,3,50,Arterial Highway,144.281181,-36.757697,20201024,BENDIGO
T20200018837,2020-10-25,12:00:00,8,No collision and no object struck,1,Sunday,184,OUT OF CONTROL ON CARRIAGEWAY (ON BEND),1,665589,1,0,0,1,0,1,2,5,Not at intersection,3,888,Local Road,144.257226,-36.705854,20201025,BENDIGO
T20200018863,2020-10-26,21:47:00,4,Collision with a fixed object,1,Monday,175,OFF END OF ROAD/T-INTERSECTION.,5,783528,1,0,0,1,1,2,1,2,T intersection,3,100,,144.427988,-36.855802,20201026,BENDIGO
T20200018835,2020-10-26,12:59:00,1,Collision with vehicle,2,Monday,113,RIGHT NEAR (INTERSECTIONS ONLY),1,55272,2,0,0,1,2,3,1,2,T intersection,3,60,Arterial Other,144.273775,-36.776043,20201026,BENDIGO
T20200018945,2020-10-27,15:40:00,1,Collision with vehicle,2,Tuesday,110,CROSS TRAFFIC(INTERSECTIONS ONLY),1,57302,2,0,0,1,0,1,2,1,Cross intersection,3,50,Local Road,144.279901,-36.74472,20201027,BENDIGO
T20200018921,2020-10-27,15:30:00,1,Collision with vehicle,3,Tuesday,130,REAR END(VEHICLES IN SAME LANE),1,667701,4,0,0,2,5,7,1,5,Not at intersection,3,60,Arterial Highway,144.315612,-36.707977,20201027,BENDIGO
T20200018983,2020-10-28,16:40:00,1,Collision with vehicle,3,Wednesday,110,CROSS TRAFFIC(INTERSECTIONS ONLY),1,668805,2,0,0,2,0,2,1,1,Cross intersection,3,60,Arterial Highway,144.269945,-36.761836,20201028,BENDIGO
T20200019093,2020-10-29,11:45:00,1,Collision with vehicle,5,Thursday,149,OTHER MANOEUVRING NOT INCLUDED IN DCAs 140-148,1,669831,3,0,1,1,0,2,1,5,Not at intersection,2,60,Arterial Other,144.356391,-36.806419,20201029,BENDIGO
T20200019890,2020-10-31,12:20:00,1,Collision with vehicle,6,Saturday,135,LANE CHANGE LEFT (NOT OVERTAKING),1,667078,2,0,0,1,1,2,2,5,Not at intersection,3,60,Arterial Highway,144.271917,-36.762261,20201031,BENDIGO
T20200021463,2020-10-31,18:00:00,1,Collision with vehicle,6,Saturday,111,RIGHT FAR (INTERSECTIONS ONLY),2,59575,2,0,0,1,2,3,2,1,Cross intersection,3,80,Arterial Highway,144.1994,-36.742056,20201031,BENDIGO
T20200019226,2020-11-01,11:15:00,1,Collision with vehicle,1,Sunday,110,CROSS TRAFFIC(INTERSECTIONS ONLY),1,51721,2,0,1,0,1,2,1,1,Cross intersection,2,60,Local Road,144.250204,-36.792453,20201101,BENDIGO
T20200019458,2020-11-04,14:50:00,1,Collision with vehicle,3,Wednesday,110,CROSS TRAFFIC(INTERSECTIONS ONLY),1,667250,2,0,0,1,1,2,1,1,Cross intersection,3,50,Local Road,144.267805,-36.76993,20201104,BENDIGO
T20200019812,2020-11-05,13:23:00,4,Collision with a fixed object,5,Thursday,171,LEFT OFF CARRIAGEWAY INTO OBJECT/PARKED VEHICLE,1,666798,1,0,1,1,0,2,1,5,Not at intersection,2,80,Local Road,144.295845,-36.702955,20201105,BENDIGO
T20200019850,2020-11-09,19:30:00,6,Vehicle overturned (no collision),2,Monday,174,OUT OF CONTROL ON CARRIAGEWAY (ON STRAIGHT),2,51636,1,0,1,0,0,1,1,1,Cross intersection,2,50,Local Road,144.257601,-36.762479,20201109,BENDIGO
T20200019979,2020-11-12,11:14:00,1,Collision with vehicle,5,Thursday,142,LEAVING PARKING,1,667254,2,0,1,0,3,4,1,5,Not at intersection,2,40,,144.274852,-36.756208,20201112,BENDIGO
T20200020294,2020-11-16,16:40:00,1,Collision with vehicle,2,Monday,133,LANE SIDE SWIPE (VEHICLES IN PARALLEL LANES),1,670817,2,0,1,0,1,2,2,5,Not at intersection,2,60,Arterial Other,144.264338,-36.732798,20201116,BENDIGO
T20210014019,2020-11-17,10:00:00,1,Collision with vehicle,2,Tuesday,130,REAR END(VEHICLES IN SAME LANE),1,730731,2,0,0,1,1,2,2,5,Not at intersection,3,60,Local Road,144.29032,-36.773819,20201117,BENDIGO
T20200020597,2020-11-20,09:06:00,1,Collision with vehicle,6,Friday,130,REAR END(VEHICLES IN SAME LANE),1,672773,2,0,0,3,0,3,1,5,Not at intersection,3,50,Arterial Highway,144.288816,-36.758048,20201120,BENDIGO
T20200021472,2020-11-21,02:00:00,2,Struck Pedestrian,7,Saturday,105,PED WALKING AGAINST TRAFFIC.,6,668934,1,0,0,1,0,1,2,5,Not at intersection,3,50,,144.281362,-36.754212,20201121,BENDIGO
T20200020891,2020-11-21,02:00:00,2,Struck Pedestrian,6,Saturday,105,PED WALKING AGAINST TRAFFIC.,3,670991,1,0,1,0,0,1,2,5,Not at intersection,2,50,,144.281779,-36.754709,20201121,BENDIGO
T20200021260,2020-11-24,08:30:00,2,Struck Pedestrian,2,Tuesday,106,VEH STRIKES PED ON FOOTPATH/MEDIAN/TRAFFIC ISLAND.,1,671587,1,0,1,0,1,2,2,1,Cross intersection,2,888,Local Road,144.279713,-36.772061,20201124,BENDIGO
T20200020956,2020-11-24,16:00:00,1,Collision with vehicle,3,Tuesday,130,REAR END(VEHICLES IN SAME LANE),1,688306,4,0,0,2,3,5,1,5,Not at intersection,3,60,Arterial Other,144.282751,-36.750741,20201124,BENDIGO
T20200021214,2020-11-27,18:10:00,1,Collision with vehicle,5,Friday,110,CROSS TRAFFIC(INTERSECTIONS ONLY),1,51700,3,0,0,2,3,5,1,1,Cross intersection,3,60,Arterial Highway,144.250247,-36.779793,20201127,BENDIGO
T20200021208,2020-11-27,14:45:00,1,Collision with vehicle,6,Friday,121,RIGHT THROUGH,1,35817,2,0,1,4,0,5,1,1,Cross intersection,2,60,Arterial Highway,144.261475,-36.771148,20201127,BENDIGO
T20200021455,2020-11-30,14:55:00,5,collision with some other object,2,Monday,199,UNKNOWN-NO DETAILS ON MANOEUVRES OF ROAD-USERS IN ACCIDENT,1,673419,1,0,1,0,1,2,1,5,Not at intersection,2,50,Local Road,144.264717,-36.767186,20201130,BENDIGO
T20200021636,2020-12-02,14:00:00,1,Collision with vehicle,4,Wednesday,140,U TURN,1,669160,2,0,1,1,1,3,1,5,Not at intersection,2,60,Local Road,144.251108,-36.763697,20201202,BENDIGO
T20200021873,2020-12-05,21:16:00,2,Struck Pedestrian,7,Saturday,194,PARKED CAR RUN AWAY,3,674434,1,0,0,1,0,1,1,5,Not at intersection,3,50,Local Road,144.304359,-36.709719,20201205,BENDIGO
T20200021823,2020-12-05,07:07:00,1,Collision with vehicle,7,Saturday,113,RIGHT NEAR (INTERSECTIONS ONLY),1,59838,2,0,1,0,1,2,1,2,T intersection,2,60,Local Road,144.288649,-36.785139,20201205,BENDIGO
T20200023672,2020-12-05,14:00:00,7,Fall from or in moving vehicle,7,Saturday,184,OUT OF CONTROL ON CARRIAGEWAY (ON BEND),1,671474,1,0,0,1,0,1,2,2,T intersection,3,100,Local Road,144.284304,-36.927802,20201205,BENDIGO
T20200021864,2020-12-05,18:15:00,1,Collision with vehicle,7,Saturday,110,CROSS TRAFFIC(INTERSECTIONS ONLY),1,51717,2,0,0,1,1,2,1,1,Cross intersection,3,60,,144.240831,-36.788699,20201205,BENDIGO
T20210005998,2020-12-06,14:55:00,8,No collision and no object struck,0,Sunday,179,OTHER ACCIDENTS-OFF STRAIGHT NOT INCLUDED IN DCAs 170-175,1,730027,1,0,0,1,3,4,2,2,T intersection,3,999,Local Road,144.346554,-36.807836,20201206,BENDIGO
T20210002824,2020-12-07,17:23:00,1,Collision with vehicle,1,Monday,139,OTHER SAME DIRECTION-MANOUEVRES NOT INCLUDED IN DCAs 130-137,1,51677,5,0,0,1,0,1,1,1,Cross intersection,3,60,Arterial Highway,144.259259,-36.772197,20201207,BENDIGO
T20210009963,2020-12-07,13:30:00,4,Collision with a fixed object,1,Monday,171,LEFT OFF CARRIAGEWAY INTO OBJECT/PARKED VEHICLE,1,682775,1,0,0,1,0,1,2,5,Not at intersection,3,60,Local Road,144.372353,-36.888464,20201207,BENDIGO
T20200021988,2020-12-07,09:00:00,1,Collision with vehicle,1,Monday,110,CROSS TRAFFIC(INTERSECTIONS ONLY),1,225697,2,0,0,1,1,2,1,1,Cross intersection,3,60,Local Road,144.273846,-36.717782,20201207,BENDIGO
T20200022042,2020-12-08,08:45:00,1,Collision with vehicle,3,Tuesday,132,RIGHT REAR.,1,669693,2,0,0,1,1,2,1,5,Not at intersection,3,80,Arterial Highway,144.345963,-36.770451,20201208,BENDIGO
T20210003261,2020-12-08,17:00:00,1,Collision with vehicle,3,Tuesday,110,CROSS TRAFFIC(INTERSECTIONS ONLY),1,35815,2,0,0,1,1,2,1,4,Multiple intersection,3,60,Arterial Other,144.292096,-36.769124,20201208,BENDIGO
T20200022037,2020-12-08,07:45:00,4,Collision with a fixed object,2,Tuesday,183,OFF LEFT BEND INTO OBJECT/PARKED VEHICLE,1,673386,1,0,0,3,0,3,1,5,Not at intersection,3,100,Local Road,144.497541,-36.701253,20201208,BENDIGO
T20200022266,2020-12-10,18:39:00,1,Collision with vehicle,5,Thursday,110,CROSS TRAFFIC(INTERSECTIONS ONLY),1,59464,2,0,0,1,2,3,1,1,Cross intersection,3,40,Local Road,144.322687,-36.696551,20201210,BENDIGO
T20210004596,2020-12-16,19:45:00,1,Collision with vehicle,3,Wednesday,110,CROSS TRAFFIC(INTERSECTIONS ONLY),1,225697,2,0,0,1,1,2,1,1,Cross intersection,3,60,Local Road,144.273846,-36.717782,20201216,BENDIGO
T20200022876,2020-12-17,20:05:00,4,Collision with a fixed object,4,Thursday,181,OFF RIGHT BEND INTO OBJECT/PARKED VEHICLE,1,676249,1,0,1,0,0,1,1,5,Not at intersection,2,100,,144.176543,-36.763379,20201217,BENDIGO
T20200023355,2020-12-19,19:20:00,6,Vehicle overturned (no collision),7,Saturday,174,OUT OF CONTROL ON CARRIAGEWAY (ON STRAIGHT),1,671166,1,0,0,2,0,2,1,1,Cross intersection,3,60,Arterial Other,144.258779,-36.725874,20201219,BENDIGO
T20200023128,2020-12-20,21:10:00,1,Collision with vehicle,1,Sunday,160,VEHICLE COLLIDES WITH VEHICLE PARKED ON LEFT OF ROAD,3,676394,2,0,0,1,1,2,1,5,Not at intersection,3,60,Arterial Highway,144.257904,-36.723714,20201220,BENDIGO
T20200023147,2020-12-21,09:45:00,1,Collision with vehicle,1,Monday,110,CROSS TRAFFIC(INTERSECTIONS ONLY),1,298501,2,0,0,1,1,2,1,1,Cross intersection,3,60,Local Road,144.321548,-36.705802,20201221,BENDIGO
T20210000743,2020-12-22,19:50:00,6,Vehicle overturned (no collision),2,Tuesday,172,OFF CARRIAGEWAY TO RIGHT,2,674097,1,0,0,1,0,1,2,5,Not at intersection,3,60,Local Road,144.358854,-36.661458,20201222,BENDIGO
T20200023269,2020-12-22,14:48:00,1,Collision with vehicle,2,Tuesday,116,LEFT NEAR (INTERSECTIONS ONLY),1,51629,2,0,0,2,2,4,1,1,Cross intersection,3,60,Local Road,144.292387,-36.761592,20201222,BENDIGO
T20200023214,2020-12-22,10:38:00,1,Collision with vehicle,3,Tuesday,130,REAR END(VEHICLES IN SAME LANE),1,671006,2,0,0,1,1,2,1,5,Not at intersection,3,50,Arterial Highway,144.244498,-36.794199,20201222,BENDIGO
T20200023358,2020-12-23,13:05:00,1,Collision with vehicle,3,Wednesday,130,REAR END(VEHICLES IN SAME LANE),1,672977,4,0,0,1,3,4,1,5,Not at intersection,3,60,Arterial Highway,144.247678,-36.783278,20201223,BENDIGO
T20200023568,2020-12-26,17:00:00,1,Collision with vehicle,7,Saturday,116,LEFT NEAR (INTERSECTIONS ONLY),1,19402,2,0,1,3,0,4,1,1,Cross intersection,2,100,,144.563723,-36.591006,20201226,BENDIGO
T20200023563,2020-12-26,12:54:00,1,Collision with vehicle,7,Saturday,121,RIGHT THROUGH,1,672721,2,0,0,1,1,2,1,5,Not at intersection,3,60,Arterial Highway,144.260972,-36.757059,20201226,BENDIGO
T20200023688,2020-12-28,15:22:00,1,Collision with vehicle,1,Monday,110,CROSS TRAFFIC(INTERSECTIONS ONLY),1,29981,3,0,0,1,2,3,1,1,Cross intersection,3,50,Arterial Highway,144.275463,-36.760885,20201228,BENDIGO
T20200023774,2020-12-29,23:21:00,1,Collision with vehicle,3,Tuesday,114,TWO RIGHT TURNING (INTERSECTIONS ONLY),5,585334,2,0,0,1,2,3,1,1,Cross intersection,3,80,Local Road,144.319989,-36.71388,20201229,BENDIGO
T20210000005,2020-12-31,23:36:00,4,Collision with a fixed object,5,Thursday,173,RIGHT OFF CARRIAGEWAY INTO OBJECT/PARKED VEHICLE,4,673427,1,0,1,1,0,2,1,5,Not at intersection,2,60,Local Road,144.261617,-36.728867,20201231,BENDIGO
T20200023897,2020-12-31,16:13:00,1,Collision with vehicle,4,Thursday,110,CROSS TRAFFIC(INTERSECTIONS ONLY),1,244234,2,0,1,0,2,3,1,1,Cross intersection,2,80,Arterial Highway,144.204157,-36.742226,20201231,BENDIGO
T20210000189,2021-01-03,22:30:00,4,Collision with a fixed object,1,Sunday,173,RIGHT OFF CARRIAGEWAY INTO OBJECT/PARKED VEHICLE,3,679912,1,0,0,1,0,1,1,5,Not at intersection,3,80,Arterial Highway,144.238167,-36.818545,20210103,BENDIGO
T20210000279,2021-01-05,10:15:00,1,Collision with vehicle,3,Tuesday,139,OTHER SAME DIRECTION-MANOUEVRES NOT INCLUDED IN DCAs 130-137,1,672462,2,0,1,0,0,1,1,5,Not at intersection,2,999,,144.307936,-36.874364,20210105,BENDIGO
T20210004065,2021-01-06,17:45:00,1,Collision with vehicle,3,Wednesday,130,REAR END(VEHICLES IN SAME LANE),1,305008,2,0,0,1,1,2,2,1,Cross intersection,3,60,Arterial Other,144.314068,-36.770771,20210106,BENDIGO
T20210000331,2021-01-06,10:15:00,1,Collision with vehicle,3,Wednesday,192,STRUCK TRAIN,1,773135,2,0,0,1,1,2,1,5,Not at intersection,3,999,,144.204796,-36.650242,20210106,BENDIGO
T20210003027,2021-01-06,19:10:00,1,Collision with vehicle,4,Wednesday,110,CROSS TRAFFIC(INTERSECTIONS ONLY),1,59730,2,0,0,1,1,2,1,1,Cross intersection,3,60,Local Road,144.292334,-36.763694,20210106,BENDIGO
T20210000366,2021-01-06,19:45:00,1,Collision with vehicle,4,Wednesday,110,CROSS TRAFFIC(INTERSECTIONS ONLY),1,51563,2,0,1,1,1,3,1,1,Cross intersection,2,60,Local Road,144.260979,-36.747367,20210106,BENDIGO
T20210000562,2021-01-09,16:30:00,6,Vehicle overturned (no collision),7,Saturday,170,OFF CARRIAGEWAY TO LEFT,1,674739,2,0,1,1,1,3,1,5,Not at intersection,2,100,Local Road,144.332352,-36.849843,20210109,BENDIGO
T20210000622,2021-01-10,14:45:00,4,Collision with a fixed object,0,Sunday,181,OFF RIGHT BEND INTO OBJECT/PARKED VEHICLE,1,739571,1,0,1,0,0,1,1,5,Not at intersection,2,100,Local Road,144.283539,-36.928097,20210110,BENDIGO
T20210000755,2021-01-12,11:30:00,4,Collision with a fixed object,3,Tuesday,171,LEFT OFF CARRIAGEWAY INTO OBJECT/PARKED VEHICLE,1,673050,1,0,0,1,0,1,1,5,Not at intersection,3,100,,144.141516,-36.685732,20210112,BENDIGO
T20210001028,2021-01-12,18:50:00,1,Collision with vehicle,3,Tuesday,110,CROSS TRAFFIC(INTERSECTIONS ONLY),1,51570,3,0,1,0,2,3,2,1,Cross intersection,2,60,Arterial Highway,144.290752,-36.749779,20210112,BENDIGO
T20210000883,2021-01-13,19:00:00,4,Collision with a fixed object,4,Wednesday,173,RIGHT OFF CARRIAGEWAY INTO OBJECT/PARKED VEHICLE,1,675210,1,0,0,1,1,2,1,5,Not at intersection,3,40,,144.33107,-36.764453,20210113,BENDIGO
T20210001051,2021-01-15,18:00:00,1,Collision with vehicle,5,Friday,137,LEFT TURN SIDESWIPE,1,700052,2,0,1,0,1,2,2,1,Cross intersection,2,60,Local Road,144.267971,-36.758453,20210115,BENDIGO
T20210001157,2021-01-17,09:35:00,1,Collision with vehicle,0,Sunday,110,CROSS TRAFFIC(INTERSECTIONS ONLY),1,29984,2,0,0,1,1,2,1,1,Cross intersection,3,60,Local Road,144.285093,-36.776419,20210117,BENDIGO
T20210001242,2021-01-18,14:45:00,1,Collision with vehicle,2,Monday,110,CROSS TRAFFIC(INTERSECTIONS ONLY),1,675767,2,0,0,1,1,2,1,1,Cross intersection,3,60,Local Road,144.293408,-36.718667,20210118,BENDIGO
T20210001550,2021-01-19,13:00:00,1,Collision with vehicle,2,Tuesday,110,CROSS TRAFFIC(INTERSECTIONS ONLY),1,59501,2,0,0,1,2,3,1,1,Cross intersection,3,50,Local Road,144.254607,-36.721558,20210119,BENDIGO
T20210001422,2021-01-19,18:30:00,1,Collision with vehicle,3,Tuesday,121,RIGHT THROUGH,1,355448,2,0,0,1,1,2,2,1,Cross intersection,3,60,Arterial Highway,144.291828,-36.757281,20210119,BENDIGO
T20210001450,2021-01-20,22:05:00,4,Collision with a fixed object,4,Wednesday,173,RIGHT OFF CARRIAGEWAY INTO OBJECT/PARKED VEHICLE,5,679189,1,0,1,0,0,1,1,5,Not at intersection,2,100,Local Road,144.259315,-36.820722,20210120,BENDIGO
T20210001503,2021-01-21,16:28:00,1,Collision with vehicle,5,Thursday,113,RIGHT NEAR (INTERSECTIONS ONLY),1,51521,2,0,0,2,2,4,1,1,Cross intersection,3,60,Arterial Highway,144.309004,-36.726132,20210121,BENDIGO
T20210001603,2021-01-22,16:30:00,1,Collision with vehicle,5,Friday,132,RIGHT REAR.,1,320610,2,0,0,1,1,2,1,2,T intersection,3,100,,144.457694,-36.777776,20210122,BENDIGO
T20210002059,2021-01-29,14:00:00,4,Collision with a fixed object,6,Friday,171,LEFT OFF CARRIAGEWAY INTO OBJECT/PARKED VEHICLE,1,674732,1,0,0,1,0,1,1,5,Not at intersection,3,60,Local Road,144.249143,-36.796339,20210129,BENDIGO
T20210002106,2021-01-29,18:20:00,1,Collision with vehicle,5,Friday,130,REAR END(VEHICLES IN SAME LANE),1,678151,3,0,1,0,3,4,1,5,Not at intersection,2,100,,144.37347,-36.562937,20210129,BENDIGO
T20210002107,2021-01-29,17:35:00,4,Collision with a fixed object,6,Friday,171,LEFT OFF CARRIAGEWAY INTO OBJECT/PARKED VEHICLE,1,674731,1,0,0,1,0,1,1,5,Not at intersection,3,100,Local Road,144.722208,-36.960827,20210129,BENDIGO
T20210002175,2021-01-30,21:48:00,1,Collision with vehicle,7,Saturday,130,REAR END(VEHICLES IN SAME LANE),5,680186,2,1,0,1,0,2,1,5,Not at intersection,1,100,Arterial Other,144.172357,-36.811255,20210130,BENDIGO
T20210002639,2021-01-30,16:00:00,6,Vehicle overturned (no collision),7,Saturday,174,OUT OF CONTROL ON CARRIAGEWAY (ON STRAIGHT),1,224975,1,0,0,1,0,1,2,1,Cross intersection,3,100,Local Road,144.371397,-36.701208,20210130,BENDIGO
T20210002279,2021-01-30,12:00:00,1,Collision with vehicle,7,Saturday,131,LEFT REAR,1,51677,2,0,0,1,1,2,2,1,Cross intersection,3,50,Arterial Highway,144.259259,-36.772197,20210130,BENDIGO
T20210002178,2021-01-31,00:55:00,2,Struck Pedestrian,1,Sunday,102,FAR SIDE. PED HIT BY VEHICLE FROM THE LEFT,3,674214,1,0,1,0,4,5,1,5,Not at intersection,2,60,Arterial Highway,144.30877,-36.726434,20210131,BENDIGO
T20210008883,2021-01-31,16:30:00,8,No collision and no object struck,1,Sunday,174,OUT OF CONTROL ON CARRIAGEWAY (ON STRAIGHT),1,51641,1,0,0,1,0,1,2,1,Cross intersection,3,60,Local Road,144.285362,-36.763171,20210131,BENDIGO
T20210002504,2021-02-04,08:45:00,1,Collision with vehicle,5,Thursday,147,VEHICLE STRIKES ANOTHER VEH WHILE EMERGING FROM DRIVEWAY,1,675088,2,0,1,0,1,2,1,5,Not at intersection,2,40,Arterial Highway,144.304972,-36.731323,20210204,BENDIGO
T20210002781,2021-02-04,08:45:00,1,Collision with vehicle,4,Thursday,140,U TURN,1,675044,2,0,0,1,1,2,1,5,Not at intersection,3,60,Local Road,144.315413,-36.716383,20210204,BENDIGO
T20210002548,2021-02-04,17:20:00,2,Struck Pedestrian,4,Thursday,102,FAR SIDE. PED HIT BY VEHICLE FROM THE LEFT,1,675038,1,0,0,1,1,2,1,5,Not at intersection,3,60,Arterial Highway,144.288744,-36.757964,20210204,BENDIGO
T20210003682,2021-02-05,10:44:00,4,Collision with a fixed object,6,Friday,179,OTHER ACCIDENTS-OFF STRAIGHT NOT INCLUDED IN DCAs 170-175,1,681920,1,0,0,1,0,1,2,5,Not at intersection,3,999,Local Road,144.318834,-36.711221,20210205,BENDIGO
T20210002662,2021-02-05,16:30:00,1,Collision with vehicle,6,Friday,133,LANE SIDE SWIPE (VEHICLES IN PARALLEL LANES),1,44715,3,0,0,1,5,6,1,1,Cross intersection,3,50,Arterial Highway,144.253698,-36.718652,20210205,BENDIGO
T20210002776,2021-02-07,13:00:00,1,Collision with vehicle,1,Sunday,120,HEAD ON (NOT OVERTAKING),1,678152,2,0,2,0,0,2,1,5,Not at intersection,2,100,Local Road,144.263826,-36.816652,20210207,BENDIGO
T20210005970,2021-02-08,16:20:00,1,Collision with vehicle,1,Monday,130,REAR END(VEHICLES IN SAME LANE),1,730025,2,0,0,1,1,2,1,5,Not at intersection,3,50,Local Road,144.271715,-36.76624,20210208,BENDIGO
T20210002885,2021-02-08,15:35:00,2,Struck Pedestrian,1,Monday,102,FAR SIDE. PED HIT BY VEHICLE FROM THE LEFT,1,676232,1,0,0,1,2,3,1,5,Not at intersection,3,40,,144.358639,-36.804046,20210208,BENDIGO
T20210010632,2021-02-09,08:30:00,2,Struck Pedestrian,3,Tuesday,100,PED NEAR SIDE. PED HIT BY VEHICLE FROM THE RIGHT.,9,683359,1,0,0,1,1,2,2,5,Not at intersection,3,80,Local Road,144.33423,-36.801881,20210209,BENDIGO
T20210003070,2021-02-10,11:15:00,1,Collision with vehicle,4,Wednesday,113,RIGHT NEAR (INTERSECTIONS ONLY),1,675539,2,0,0,2,1,3,1,2,T intersection,3,100,Arterial Other,144.480034,-36.946291,20210210,BENDIGO
T20210016145,2021-02-11,14:30:00,1,Collision with vehicle,5,Thursday,121,RIGHT THROUGH,1,51643,2,0,1,1,1,3,2,1,Cross intersection,2,50,Local Road,144.280517,-36.764281,20210211,BENDIGO
T20210003378,2021-02-14,12:10:00,8,No collision and no object struck,1,Sunday,174,OUT OF CONTROL ON CARRIAGEWAY (ON STRAIGHT),1,675723,1,0,1,0,0,1,1,1,Cross intersection,2,70,Local Road,144.715801,-36.933451,20210214,BENDIGO
T20210003689,2021-02-17,18:00:00,1,Collision with vehicle,3,Wednesday,110,CROSS TRAFFIC(INTERSECTIONS ONLY),1,51730,2,0,0,1,1,2,2,1,Cross intersection,3,60,Local Road,144.287366,-36.798775,20210217,BENDIGO
T20210003533,2021-02-17,08:25:00,1,Collision with vehicle,4,Wednesday,110,CROSS TRAFFIC(INTERSECTIONS ONLY),1,44641,2,0,0,1,1,2,2,1,Cross intersection,3,40,Local Road,144.284369,-36.762292,20210217,BENDIGO
T20210003627,2021-02-18,17:16:00,1,Collision with vehicle,5,Thursday,121,RIGHT THROUGH,1,51570,2,0,0,1,2,3,1,1,Cross intersection,3,60,Arterial Highway,144.290752,-36.749779,20210218,BENDIGO
T20210003621,2021-02-18,17:45:00,2,Struck Pedestrian,4,Thursday,106,VEH STRIKES PED ON FOOTPATH/MEDIAN/TRAFFIC ISLAND.,1,170773,1,0,0,1,0,1,2,5,Not at intersection,3,999,Local Road,144.253262,-36.719181,20210218,BENDIGO
T20210003992,2021-02-18,15:21:00,1,Collision with vehicle,4,Thursday,130,REAR END(VEHICLES IN SAME LANE),1,678254,3,0,0,1,2,3,1,5,Not at intersection,3,80,Arterial Highway,144.241826,-36.80444,20210218,BENDIGO
T20210003941,2021-02-22,15:28:00,1,Collision with vehicle,1,Monday,113,RIGHT NEAR (INTERSECTIONS ONLY),1,51695,2,0,0,1,2,3,1,2,T intersection,3,60,Arterial Other,144.247991,-36.777503,20210222,BENDIGO