ACCIDENT_NO,ACCIDENT_DATE,ACCIDENT_TIME,ACCIDENT_TYPE,ACCIDENT_TYPE_DESC,DAY_OF_WEEK,DAY_WEEK_DESC,DCA_CODE,DCA_DESC,LIGHT_CONDITION,NODE_ID,NO_OF_VEHICLES,NO_PERSONS_KILLED,NO_PERSONS_INJ_2,NO_PERSONS_INJ_3,NO_PERSONS_NOT_INJ,NO_PERSONS,POLICE_ATTEND,ROAD_GEOMETRY,ROAD_GEOMETRY_DESC,SEVERITY,SPEED_ZONE,RMA, LAT, LONG, DATE, COUNCIL
T20210008532,2021-02-23,18:00:00,1,Collision with vehicle,3,Tuesday,147,VEHICLE STRIKES ANOTHER VEH WHILE EMERGING FROM DRIVEWAY,1,681186,2,0,0,1,1,2,1,5,Not at intersection,3,60,Local Road,144.317189,-36.705282,20210223,BENDIGO
T20210004104,2021-02-24,17:05:00,1,Collision with vehicle,4,Wednesday,130,REAR END(VEHICLES IN SAME LANE),1,676672,2,0,1,0,1,2,1,2,T intersection,2,50,Arterial Highway,144.277295,-36.76022,20210224,BENDIGO
T20210004137,2021-02-25,08:30:00,2,Struck Pedestrian,5,Thursday,100,PED NEAR SIDE. PED HIT BY VEHICLE FROM THE RIGHT.,1,51916,1,0,0,2,1,3,1,1,Cross intersection,3,60,Arterial Highway,144.316158,-36.705155,20210225,BENDIGO
T20210004278,2021-02-26,15:30:00,2,Struck Pedestrian,6,Friday,109,ANY MANOEUVRE INVOLVING PED NOT INCLUDED IN DCAs 100-108.,1,676852,1,0,1,0,0,1,1,5,Not at intersection,2,999,Local Road,144.328802,-36.68958,20210226,BENDIGO
T20210004268,2021-02-26,10:01:00,1,Collision with vehicle,6,Friday,132,RIGHT REAR.,1,59865,3,0,1,0,2,3,1,2,T intersection,2,50,Arterial Other,144.240636,-36.796326,20210226,BENDIGO
T20210004316,2021-02-27,01:10:00,4,Collision with a fixed object,7,Saturday,173,RIGHT OFF CARRIAGEWAY INTO OBJECT/PARKED VEHICLE,5,676776,1,1,0,0,0,1,1,5,Not at intersection,1,100,Arterial Other,144.222401,-36.68116,20210227,BENDIGO
T20210004380,2021-02-28,00:10:00,1,Collision with vehicle,1,Sunday,160,VEHICLE COLLIDES WITH VEHICLE PARKED ON LEFT OF ROAD,5,686111,2,0,1,0,0,1,1,5,Not at intersection,2,50,Local Road,144.260668,-36.734215,20210228,BENDIGO
T20210004431,2021-02-28,10:00:00,8,No collision and no object struck,1,Sunday,174,OUT OF CONTROL ON CARRIAGEWAY (ON STRAIGHT),1,51705,2,0,0,1,0,1,1,1,Cross intersection,3,60,Arterial Other,144.265266,-36.782612,20210228,BENDIGO
T20210004433,2021-02-28,13:00:00,4,Collision with a fixed object,1,Sunday,171,LEFT OFF CARRIAGEWAY INTO OBJECT/PARKED VEHICLE,1,1254,1,0,1,1,0,2,1,1,Cross intersection,2,60,Arterial Highway,144.31743,-36.759626,20210228,BENDIGO
T20210004533,2021-03-01,14:25:00,1,Collision with vehicle,2,Monday,110,CROSS TRAFFIC(INTERSECTIONS ONLY),1,275591,2,0,2,1,0,3,1,1,Cross intersection,2,100,Arterial Other,144.199532,-36.545513,20210301,BENDIGO
T20210004570,2021-03-02,06:30:00,1,Collision with vehicle,3,Tuesday,110,CROSS TRAFFIC(INTERSECTIONS ONLY),5,253296,2,0,0,1,2,3,1,1,Cross intersection,3,60,Local Road,144.295381,-36.759549,20210302,BENDIGO
T20210005188,2021-03-02,10:00:00,1,Collision with vehicle,2,Tuesday,110,CROSS TRAFFIC(INTERSECTIONS ONLY),1,59916,2,0,0,1,1,2,1,1,Cross intersection,3,50,Local Road,144.704419,-36.919739,20210302,BENDIGO
T20210005177,2021-03-02,11:43:00,1,Collision with vehicle,3,Tuesday,132,RIGHT REAR.,1,677682,2,0,0,1,1,2,1,5,Not at intersection,3,60,Arterial Highway,144.2545,-36.758833,20210302,BENDIGO
T20210004712,2021-03-03,17:30:00,1,Collision with vehicle,4,Wednesday,110,CROSS TRAFFIC(INTERSECTIONS ONLY),1,51611,2,0,0,1,1,2,1,4,Multiple intersection,3,50,Local Road,144.284187,-36.758561,20210303,BENDIGO
T20210004684,2021-03-03,14:43:00,4,Collision with a fixed object,4,Wednesday,173,RIGHT OFF CARRIAGEWAY INTO OBJECT/PARKED VEHICLE,1,677151,1,0,1,0,0,1,1,5,Not at intersection,2,60,Arterial Highway,144.268635,-36.765209,20210303,BENDIGO
T20210004791,2021-03-04,16:15:00,1,Collision with vehicle,4,Thursday,110,CROSS TRAFFIC(INTERSECTIONS ONLY),1,58082,2,0,0,2,2,4,1,1,Cross intersection,3,60,Local Road,144.341989,-36.810501,20210304,BENDIGO
T20210004818,2021-03-04,20:55:00,5,collision with some other object,4,Thursday,173,RIGHT OFF CARRIAGEWAY INTO OBJECT/PARKED VEHICLE,3,681067,1,0,0,1,0,1,1,5,Not at intersection,3,60,Arterial Other,144.317415,-36.760845,20210304,BENDIGO
T20210004799,2021-03-04,14:00:00,6,Vehicle overturned (no collision),5,Thursday,174,OUT OF CONTROL ON CARRIAGEWAY (ON STRAIGHT),1,355448,1,0,0,1,0,1,2,1,Cross intersection,3,60,Arterial Highway,144.291828,-36.757281,20210304,BENDIGO
T20210005032,2021-03-07,17:10:00,1,Collision with vehicle,1,Sunday,140,U TURN,1,682218,2,0,1,3,0,4,1,2,T intersection,2,60,Local Road,144.324725,-36.759387,20210307,BENDIGO
T20210006465,2021-03-08,22:50:00,1,Collision with vehicle,2,Monday,110,CROSS TRAFFIC(INTERSECTIONS ONLY),3,360256,2,0,0,1,3,4,1,1,Cross intersection,3,60,Arterial Highway,144.258238,-36.746907,20210308,BENDIGO
T20210005090,2021-03-08,12:35:00,4,Collision with a fixed object,1,Monday,181,OFF RIGHT BEND INTO OBJECT/PARKED VEHICLE,1,681653,1,0,1,0,0,1,1,5,Not at intersection,2,100,,144.178419,-36.828105,20210308,BENDIGO
T20210005340,2021-03-10,19:55:00,1,Collision with vehicle,4,Wednesday,120,HEAD ON (NOT OVERTAKING),2,681078,2,0,0,1,1,2,1,5,Not at intersection,3,100,,144.218203,-36.902093,20210310,BENDIGO
T20210008944,2021-03-11,17:55:00,1,Collision with vehicle,5,Thursday,110,CROSS TRAFFIC(INTERSECTIONS ONLY),1,681396,2,0,0,1,1,2,1,1,Cross intersection,3,60,Arterial Other,144.30364,-36.730842,20210311,BENDIGO
T20210005483,2021-03-12,12:10:00,4,Collision with a fixed object,6,Friday,181,OFF RIGHT BEND INTO OBJECT/PARKED VEHICLE,1,678586,1,0,1,0,0,1,1,5,Not at intersection,2,100,,144.163497,-36.770461,20210312,BENDIGO
T20210013571,2021-03-14,13:35:00,1,Collision with vehicle,0,Sunday,140,U TURN,1,686149,2,0,0,1,2,3,1,5,Not at intersection,3,60,Local Road,144.278494,-36.721608,20210314,BENDIGO
T20210005738,2021-03-15,15:05:00,1,Collision with vehicle,2,Monday,147,VEHICLE STRIKES ANOTHER VEH WHILE EMERGING FROM DRIVEWAY,1,678177,2,0,0,1,3,4,1,5,Not at intersection,3,60,Arterial Other,144.317436,-36.75914,20210315,BENDIGO
T20210005844,2021-03-16,17:15:00,4,Collision with a fixed object,2,Tuesday,171,LEFT OFF CARRIAGEWAY INTO OBJECT/PARKED VEHICLE,1,682216,1,0,0,1,0,1,1,5,Not at intersection,3,100,Arterial Highway,144.585848,-36.527511,20210316,BENDIGO
T20210005778,2021-03-16,08:20:00,1,Collision with vehicle,3,Tuesday,110,CROSS TRAFFIC(INTERSECTIONS ONLY),1,308330,2,0,0,1,1,2,1,1,Cross intersection,3,50,Local Road,144.298105,-36.725809,20210316,BENDIGO
T20210005946,2021-03-17,18:40:00,1,Collision with vehicle,4,Wednesday,129,OTHER OPPOSING MANOEUVRES NOT INCLUDED IN DCAs 120-125.,1,683309,4,0,2,1,1,4,1,2,T intersection,2,50,Local Road,144.306499,-36.742516,20210317,BENDIGO
T20210005872,2021-03-17,05:40:00,1,Collision with vehicle,4,Wednesday,113,RIGHT NEAR (INTERSECTIONS ONLY),5,53459,2,0,1,0,1,2,1,1,Cross intersection,2,100,Arterial Highway,144.157812,-36.795133,20210317,BENDIGO
T20210005992,2021-03-18,13:25:00,1,Collision with vehicle,5,Thursday,171,LEFT OFF CARRIAGEWAY INTO OBJECT/PARKED VEHICLE,1,678308,2,0,1,0,0,1,1,5,Not at intersection,2,60,Arterial Highway,144.258679,-36.772559,20210318,BENDIGO
T20210007279,2021-03-18,13:00:00,2,Struck Pedestrian,5,Thursday,100,PED NEAR SIDE. PED HIT BY VEHICLE FROM THE RIGHT.,1,679628,1,0,0,1,0,1,2,1,Cross intersection,3,50,Local Road,144.297659,-36.783978,20210318,BENDIGO
T20210006119,2021-03-19,14:49:00,4,Collision with a fixed object,6,Friday,173,RIGHT OFF CARRIAGEWAY INTO OBJECT/PARKED VEHICLE,1,679618,1,0,1,3,0,4,1,5,Not at intersection,2,100,,144.363306,-36.892594,20210319,BENDIGO
T20210007003,2021-03-20,09:45:00,1,Collision with vehicle,7,Saturday,119,OTHER ADJACENT (INTERSECTIONS ONLY),1,54736,2,0,0,1,1,2,2,1,Cross intersection,3,60,Arterial Other,144.358241,-36.80666,20210320,BENDIGO
T20210006205,2021-03-20,11:50:00,4,Collision with a fixed object,7,Saturday,181,OFF RIGHT BEND INTO OBJECT/PARKED VEHICLE,1,679298,1,0,0,2,1,3,1,5,Not at intersection,3,100,Local Road,144.540205,-36.645832,20210320,BENDIGO
T20210006280,2021-03-21,14:35:00,1,Collision with vehicle,1,Sunday,115,RIGHT/LEFT FAR (INTERSECTIONS ONLY),1,678604,2,0,0,3,2,5,1,2,T intersection,3,60,Local Road,144.29022,-36.744383,20210321,BENDIGO
T20210011167,2021-03-24,08:45:00,1,Collision with vehicle,3,Wednesday,130,REAR END(VEHICLES IN SAME LANE),9,687758,2,0,0,1,1,2,2,5,Not at intersection,3,60,Arterial Highway,144.267835,-36.765924,20210324,BENDIGO
T20210006642,2021-03-25,07:25:00,5,collision with some other object,5,Thursday,166,STRUCK OBJECT ON CARRIAGEWAY,1,679352,2,0,0,2,0,2,1,2,T intersection,3,60,Local Road,144.251937,-36.786079,20210325,BENDIGO
T20210008953,2021-03-27,09:00:00,8,No collision and no object struck,7,Saturday,184,OUT OF CONTROL ON CARRIAGEWAY (ON BEND),1,681559,1,0,0,1,0,1,2,5,Not at intersection,3,999,Local Road,144.359568,-36.745004,20210327,BENDIGO
T20210007041,2021-03-29,18:14:00,1,Collision with vehicle,2,Monday,120,HEAD ON (NOT OVERTAKING),2,679553,2,0,1,0,1,2,1,2,T intersection,2,60,Local Road,144.229924,-36.782547,20210329,BENDIGO
T20210007136,2021-03-30,18:15:00,1,Collision with vehicle,3,Tuesday,110,CROSS TRAFFIC(INTERSECTIONS ONLY),1,19689,2,0,0,1,2,3,1,1,Cross intersection,3,60,Arterial Highway,144.501997,-36.786944,20210330,BENDIGO
T20210009968,2021-04-01,07:45:00,1,Collision with vehicle,5,Thursday,110,CROSS TRAFFIC(INTERSECTIONS ONLY),1,19689,2,0,0,1,1,2,2,1,Cross intersection,3,60,Arterial Highway,144.501997,-36.786944,20210401,BENDIGO
T20210007314,2021-04-01,16:00:00,1,Collision with vehicle,5,Thursday,130,REAR END(VEHICLES IN SAME LANE),1,680219,2,0,0,2,1,3,1,5,Not at intersection,3,100,Arterial Other,144.158247,-36.844488,20210401,BENDIGO
T20210007482,2021-04-03,21:12:00,1,Collision with vehicle,7,Saturday,121,RIGHT THROUGH,3,20017,2,0,1,1,3,5,1,1,Cross intersection,2,60,Arterial Highway,144.270669,-36.763391,20210403,BENDIGO
T20210007430,2021-04-03,08:03:00,4,Collision with a fixed object,7,Saturday,181,OFF RIGHT BEND INTO OBJECT/PARKED VEHICLE,1,679891,1,0,1,0,0,1,1,5,Not at intersection,2,100,Arterial Highway,144.153836,-36.786335,20210403,BENDIGO
T20210007553,2021-04-04,21:45:00,4,Collision with a fixed object,1,Sunday,181,OFF RIGHT BEND INTO OBJECT/PARKED VEHICLE,3,681348,2,0,0,1,0,1,1,5,Not at intersection,3,50,Local Road,144.255879,-36.753319,20210404,BENDIGO
T20210007604,2021-04-05,15:00:00,6,Vehicle overturned (no collision),2,Monday,174,OUT OF CONTROL ON CARRIAGEWAY (ON STRAIGHT),1,680475,1,0,1,0,0,1,1,5,Not at intersection,2,60,Arterial Highway,144.274409,-36.761007,20210405,BENDIGO
T20210007577,2021-04-05,11:06:00,2,Struck Pedestrian,1,Monday,103,PED PLAYING/LYING/WORKING/STANDING ON CARRIAGEWAY.,1,680222,1,0,0,1,0,1,1,5,Not at intersection,3,50,Local Road,144.307851,-36.708443,20210405,BENDIGO
T20210007721,2021-04-07,08:50:00,4,Collision with a fixed object,4,Wednesday,183,OFF LEFT BEND INTO OBJECT/PARKED VEHICLE,1,680867,1,0,0,1,0,1,1,5,Not at intersection,3,80,Local Road,144.32699,-36.674866,20210407,BENDIGO
T20210007853,2021-04-08,13:37:00,4,Collision with a fixed object,4,Thursday,183,OFF LEFT BEND INTO OBJECT/PARKED VEHICLE,1,681661,1,0,0,1,0,1,1,5,Not at intersection,3,100,,144.346713,-36.917753,20210408,BENDIGO
T20230003179,2021-04-08,10:00:00,4,Collision with a fixed object,5,Thursday,173,RIGHT OFF CARRIAGEWAY INTO OBJECT/PARKED VEHICLE,1,760578,1,0,0,1,0,1,2,5,Not at intersection,3,100,Local Road,144.127466,-36.805463,20210408,BENDIGO
T20210008257,2021-04-09,18:15:00,1,Collision with vehicle,6,Friday,116,LEFT NEAR (INTERSECTIONS ONLY),1,51689,2,0,0,2,2,4,2,2,T intersection,3,60,Arterial Other,144.307695,-36.77465,20210409,BENDIGO
T20210010233,2021-04-10,09:40:00,1,Collision with vehicle,7,Saturday,137,LEFT TURN SIDESWIPE,1,59814,2,0,0,1,4,5,2,2,T intersection,3,40,Local Road,144.300126,-36.776676,20210410,BENDIGO
T20210008008,2021-04-10,09:40:00,1,Collision with vehicle,7,Saturday,110,CROSS TRAFFIC(INTERSECTIONS ONLY),1,225697,2,0,0,4,0,4,1,1,Cross intersection,3,60,Local Road,144.273846,-36.717782,20210410,BENDIGO
T20210008420,2021-04-15,15:30:00,2,Struck Pedestrian,5,Thursday,100,PED NEAR SIDE. PED HIT BY VEHICLE FROM THE RIGHT.,1,680878,1,0,1,0,0,1,1,5,Not at intersection,2,50,Local Road,144.295445,-36.757744,20210415,BENDIGO
T20210008530,2021-04-16,17:34:00,4,Collision with a fixed object,6,Friday,173,RIGHT OFF CARRIAGEWAY INTO OBJECT/PARKED VEHICLE,1,681183,1,0,1,0,0,1,1,5,Not at intersection,2,100,Arterial Other,144.0645,-36.829283,20210416,BENDIGO
T20210008553,2021-04-16,22:45:00,4,Collision with a fixed object,6,Friday,171,LEFT OFF CARRIAGEWAY INTO OBJECT/PARKED VEHICLE,9,683399,1,0,0,1,1,2,2,5,Not at intersection,3,999,Arterial Highway,144.711975,-36.822861,20210416,BENDIGO
T20210008582,2021-04-17,10:20:00,4,Collision with a fixed object,6,Saturday,171,LEFT OFF CARRIAGEWAY INTO OBJECT/PARKED VEHICLE,1,784841,1,0,1,0,0,1,1,5,Not at intersection,2,80,Arterial Highway,144.327734,-36.761148,20210417,BENDIGO
T20210008966,2021-04-20,10:05:00,1,Collision with vehicle,2,Tuesday,154,PULLING OUT -REAR END,1,694021,2,0,0,1,1,2,1,5,Not at intersection,3,100,Arterial Highway,144.642925,-36.44443,20210420,BENDIGO
T20210011141,2021-04-20,14:20:00,1,Collision with vehicle,3,Tuesday,120,HEAD ON (NOT OVERTAKING),1,690183,2,0,0,1,1,2,2,5,Not at intersection,3,70,Local Road,144.219432,-36.754185,20210420,BENDIGO
T20210013080,2021-04-20,17:50:00,1,Collision with vehicle,2,Tuesday,121,RIGHT THROUGH,2,685736,2,0,0,1,1,2,1,2,T intersection,3,60,Arterial Other,144.249522,-36.779441,20210420,BENDIGO
T20210008919,2021-04-21,16:50:00,1,Collision with vehicle,4,Wednesday,130,REAR END(VEHICLES IN SAME LANE),1,51660,2,0,0,1,2,3,1,1,Cross intersection,3,60,Local Road,144.289508,-36.766832,20210421,BENDIGO
T20210008853,2021-04-21,08:00:00,1,Collision with vehicle,3,Wednesday,116,LEFT NEAR (INTERSECTIONS ONLY),1,681313,2,0,0,1,1,2,1,2,T intersection,3,50,Local Road,144.288137,-36.787701,20210421,BENDIGO
T20210009057,2021-04-23,10:30:00,4,Collision with a fixed object,5,Friday,173,RIGHT OFF CARRIAGEWAY INTO OBJECT/PARKED VEHICLE,1,49075,1,0,1,0,0,1,1,2,T intersection,2,50,Local Road,144.284677,-36.790427,20210423,BENDIGO
T20210009136,2021-04-24,09:50:00,2,Struck Pedestrian,7,Saturday,107,PED ON FOOTHPATH STRUCK BY VEHENTERING/LEAVING DRIVEWAY.,1,682600,1,0,1,0,1,2,1,5,Not at intersection,2,50,Local Road,144.263286,-36.728361,20210424,BENDIGO
T20210015968,2021-04-27,16:00:00,1,Collision with vehicle,2,Tuesday,130,REAR END(VEHICLES IN SAME LANE),1,692611,3,0,0,1,0,1,1,5,Not at intersection,3,60,Local Road,144.25517,-36.764496,20210427,BENDIGO
T20210009464,2021-04-28,14:30:00,4,Collision with a fixed object,3,Wednesday,181,OFF RIGHT BEND INTO OBJECT/PARKED VEHICLE,1,689686,1,0,1,0,0,1,1,5,Not at intersection,2,100,Local Road,144.757,-36.877571,20210428,BENDIGO
T20210009490,2021-04-28,19:35:00,4,Collision with a fixed object,4,Wednesday,171,LEFT OFF CARRIAGEWAY INTO OBJECT/PARKED VEHICLE,5,682808,1,0,0,1,0,1,1,5,Not at intersection,3,100,,144.121919,-36.816228,20210428,BENDIGO
T20210010051,2021-04-28,15:50:00,7,Fall from or in moving vehicle,4,Wednesday,190,FELL IN/FROM VEHICLE,1,686286,1,0,0,2,1,3,2,5,Not at intersection,3,60,Local Road,144.287832,-36.791267,20210428,BENDIGO
T20210009447,2021-04-28,12:30:00,1,Collision with vehicle,4,Wednesday,113,RIGHT NEAR (INTERSECTIONS ONLY),1,681886,2,0,0,1,1,2,1,1,Cross intersection,3,60,Local Road,144.288544,-36.778539,20210428,BENDIGO
T20210009572,2021-04-29,18:30:00,1,Collision with vehicle,4,Thursday,110,CROSS TRAFFIC(INTERSECTIONS ONLY),3,45005,2,0,0,1,1,2,1,1,Cross intersection,3,60,Arterial Other,144.315756,-36.766846,20210429,BENDIGO
T20210020338,2021-05-01,12:08:00,1,Collision with vehicle,7,Saturday,121,RIGHT THROUGH,1,30031,2,0,0,1,1,2,2,1,Cross intersection,3,60,Arterial Highway,144.291933,-36.757373,20210501,BENDIGO
T20210009774,2021-05-01,15:50:00,4,Collision with a fixed object,7,Saturday,183,OFF LEFT BEND INTO OBJECT/PARKED VEHICLE,1,685939,1,0,1,0,1,2,1,5,Not at intersection,2,100,,144.74025,-36.849214,20210501,BENDIGO
T20210009777,2021-05-01,14:30:00,4,Collision with a fixed object,7,Saturday,181,OFF RIGHT BEND INTO OBJECT/PARKED VEHICLE,1,689595,1,0,1,0,0,1,1,5,Not at intersection,2,80,,144.119948,-36.807225,20210501,BENDIGO
T20210010546,2021-05-02,11:30:00,1,Collision with vehicle,0,Sunday,130,REAR END(VEHICLES IN SAME LANE),1,683954,2,0,0,2,0,2,2,5,Not at intersection,3,100,Arterial Other,144.72188,-36.801665,20210502,BENDIGO
T20210009821,2021-05-02,14:30:00,4,Collision with a fixed object,1,Sunday,173,RIGHT OFF CARRIAGEWAY INTO OBJECT/PARKED VEHICLE,1,689489,1,0,1,0,0,1,1,5,Not at intersection,2,50,Local Road,144.267776,-36.744367,20210502,BENDIGO
T20210013566,2021-05-03,17:20:00,1,Collision with vehicle,1,Monday,130,REAR END(VEHICLES IN SAME LANE),1,686094,2,0,0,1,1,2,2,5,Not at intersection,3,60,,144.24512,-36.760356,20210503,BENDIGO
T20210015704,2021-05-04,06:58:00,1,Collision with vehicle,2,Tuesday,121,RIGHT THROUGH,1,51593,2,0,0,1,1,2,1,1,Cross intersection,3,60,Arterial Other,144.274076,-36.755246,20210504,BENDIGO
T20210010550,2021-05-04,09:25:00,2,Struck Pedestrian,3,Tuesday,100,PED NEAR SIDE. PED HIT BY VEHICLE FROM THE RIGHT.,1,683194,1,0,0,1,0,1,2,5,Not at intersection,3,50,Local Road,144.281936,-36.763253,20210504,BENDIGO
T20210015978,2021-05-05,21:45:00,3,Struck animal,4,Wednesday,167,STRUCK ANIMAL,5,688410,1,0,0,1,0,1,2,5,Not at intersection,3,100,Arterial Highway,144.73095,-36.945732,20210505,BENDIGO
T20210010052,2021-05-05,11:53:00,9,Other accident,4,Wednesday,149,OTHER MANOEUVRING NOT INCLUDED IN DCAs 140-148,1,686217,1,0,1,0,0,1,1,5,Not at intersection,2,50,Local Road,144.25628,-36.767024,20210505,BENDIGO
T20210010423,2021-05-09,11:01:00,2,Struck Pedestrian,1,Sunday,100,PED NEAR SIDE. PED HIT BY VEHICLE FROM THE RIGHT.,1,694042,1,0,1,0,2,3,1,5,Not at intersection,2,60,Arterial Highway,144.607936,-36.495394,20210509,BENDIGO
T20210010495,2021-05-10,15:30:00,1,Collision with vehicle,2,Monday,120,HEAD ON (NOT OVERTAKING),1,683192,2,0,0,2,1,3,1,5,Not at intersection,3,100,,144.723811,-36.807779,20210510,BENDIGO
T20210010494,2021-05-10,13:58:00,4,Collision with a fixed object,2,Monday,171,LEFT OFF CARRIAGEWAY INTO OBJECT/PARKED VEHICLE,1,684168,1,0,0,2,0,2,1,5,Not at intersection,3,60,Arterial Highway,144.259118,-36.737738,20210510,BENDIGO
T20210010513,2021-05-10,17:55:00,4,Collision with a fixed object,2,Monday,175,OFF END OF ROAD/T-INTERSECTION.,5,331229,1,0,1,0,0,1,1,2,T intersection,2,100,Local Road,144.204137,-36.71799,20210510,BENDIGO
T20210010474,2021-05-10,09:40:00,2,Struck Pedestrian,1,Monday,100,PED NEAR SIDE. PED HIT BY VEHICLE FROM THE RIGHT.,1,682849,1,0,1,0,1,2,1,5,Not at intersection,2,60,Arterial Highway,144.257514,-36.73179,20210510,BENDIGO
T20210010809,2021-05-13,19:10:00,4,Collision with a fixed object,5,Thursday,171,LEFT OFF CARRIAGEWAY INTO OBJECT/PARKED VEHICLE,5,684846,1,0,1,0,0,1,1,5,Not at intersection,2,100,Local Road,144.511916,-36.736221,20210513,BENDIGO
T20210010776,2021-05-13,11:30:00,4,Collision with a fixed object,5,Thursday,181,OFF RIGHT BEND INTO OBJECT/PARKED VEHICLE,1,685189,1,0,1,0,0,1,1,5,Not at intersection,2,100,Arterial Other,144.764783,-36.931345,20210513,BENDIGO
T20210011317,2021-05-13,11:55:00,1,Collision with vehicle,4,Thursday,110,CROSS TRAFFIC(INTERSECTIONS ONLY),1,59862,2,0,0,1,1,2,2,1,Cross intersection,3,60,Local Road,144.23784,-36.793838,20210513,BENDIGO
T20210010878,2021-05-14,14:10:00,1,Collision with vehicle,5,Friday,130,REAR END(VEHICLES IN SAME LANE),1,684823,2,0,0,2,6,8,1,5,Not at intersection,3,100,,144.201251,-36.809852,20210514,BENDIGO
T20210013272,2021-05-14,15:15:00,1,Collision with vehicle,5,Friday,160,VEHICLE COLLIDES WITH VEHICLE PARKED ON LEFT OF ROAD,1,759727,2,0,1,0,0,1,1,5,Not at intersection,2,60,Local Road,144.258895,-36.746828,20210514,BENDIGO
T20210010985,2021-05-15,18:38:00,1,Collision with vehicle,7,Saturday,111,RIGHT FAR (INTERSECTIONS ONLY),2,51686,2,0,2,3,0,5,1,1,Cross intersection,2,60,Arterial Other,144.250038,-36.773612,20210515,BENDIGO
T20210011270,2021-05-19,16:28:00,1,Collision with vehicle,4,Wednesday,121,RIGHT THROUGH,1,51883,2,0,0,5,1,6,1,2,T intersection,3,80,Arterial Highway,144.220182,-36.75406,20210519,BENDIGO
T20210011252,2021-05-19,06:30:00,4,Collision with a fixed object,4,Wednesday,183,OFF LEFT BEND INTO OBJECT/PARKED VEHICLE,2,685005,1,0,0,1,0,1,1,5,Not at intersection,3,80,Local Road,144.224164,-36.767163,20210519,BENDIGO
T20210011332,2021-05-20,08:30:00,1,Collision with vehicle,5,Thursday,130,REAR END(VEHICLES IN SAME LANE),1,684738,3,0,0,1,4,5,1,5,Not at intersection,3,60,,144.294185,-36.745419,20210520,BENDIGO
T20210011470,2021-05-21,15:42:00,1,Collision with vehicle,5,Friday,147,VEHICLE STRIKES ANOTHER VEH WHILE EMERGING FROM DRIVEWAY,1,692343,2,0,0,2,0,2,2,5,Not at intersection,3,50,Local Road,144.263128,-36.762774,20210521,BENDIGO
T20210011460,2021-05-21,16:00:00,2,Struck Pedestrian,6,Friday,107,PED ON FOOTHPATH STRUCK BY VEHENTERING/LEAVING DRIVEWAY.,1,683732,1,0,0,1,1,2,1,5,Not at intersection,3,50,Local Road,144.24852,-36.794553,20210521,BENDIGO
T20210011602,2021-05-23,13:25:00,1,Collision with vehicle,0,Sunday,130,REAR END(VEHICLES IN SAME LANE),1,689734,2,0,0,1,5,6,1,5,Not at intersection,3,60,Arterial Highway,144.250327,-36.779684,20210523,BENDIGO
T20210017070,2021-05-24,17:30:00,1,Collision with vehicle,1,Monday,121,RIGHT THROUGH,3,20017,2,0,0,1,1,2,1,1,Cross intersection,3,60,Arterial Highway,144.270669,-36.763391,20210524,BENDIGO
T20210011825,2021-05-25,15:26:00,1,Collision with vehicle,2,Tuesday,132,RIGHT REAR.,1,44628,2,0,0,1,1,2,1,1,Cross intersection,3,60,Arterial Highway,144.255389,-36.775029,20210525,BENDIGO
T20210011993,2021-05-27,17:00:00,1,Collision with vehicle,5,Thursday,130,REAR END(VEHICLES IN SAME LANE),1,684426,2,0,1,0,1,2,1,5,Not at intersection,2,60,Arterial Highway,144.270531,-36.763516,20210527,BENDIGO
T20210013358,2021-06-02,18:00:00,8,No collision and no object struck,4,Wednesday,179,OTHER ACCIDENTS-OFF STRAIGHT NOT INCLUDED IN DCAs 170-175,5,686774,1,0,0,1,0,1,2,5,Not at intersection,3,999,Local Road,144.258308,-36.74562,20210602,BENDIGO
T20210012408,2021-06-03,17:00:00,1,Collision with vehicle,4,Thursday,110,CROSS TRAFFIC(INTERSECTIONS ONLY),1,57302,2,0,0,1,1,2,1,1,Cross intersection,3,50,Local Road,144.279901,-36.74472,20210603,BENDIGO
T20210012652,2021-06-07,06:50:00,1,Collision with vehicle,1,Monday,121,RIGHT THROUGH,2,51570,2,0,0,1,1,2,1,1,Cross intersection,3,60,Arterial Highway,144.290752,-36.749779,20210607,BENDIGO
T20210012667,2021-06-08,06:58:00,4,Collision with a fixed object,3,Tuesday,171,LEFT OFF CARRIAGEWAY INTO OBJECT/PARKED VEHICLE,2,685386,1,0,0,1,0,1,1,5,Not at intersection,3,60,Arterial Highway,144.270843,-36.763234,20210608,BENDIGO
T20210012881,2021-06-11,08:00:00,1,Collision with vehicle,6,Friday,160,VEHICLE COLLIDES WITH VEHICLE PARKED ON LEFT OF ROAD,1,730284,2,0,0,1,0,1,1,5,Not at intersection,3,50,Local Road,144.244983,-36.794864,20210611,BENDIGO