ACCIDENT_NO,ACCIDENT_DATE,ACCIDENT_TIME,ACCIDENT_TYPE,ACCIDENT_TYPE_DESC,DAY_OF_WEEK,DAY_WEEK_DESC,DCA_CODE,DCA_DESC,LIGHT_CONDITION,NODE_ID,NO_OF_VEHICLES,NO_PERSONS_KILLED,NO_PERSONS_INJ_2,NO_PERSONS_INJ_3,NO_PERSONS_NOT_INJ,NO_PERSONS,POLICE_ATTEND,ROAD_GEOMETRY,ROAD_GEOMETRY_DESC,SEVERITY,SPEED_ZONE,RMA, LAT, LONG, DATE, COUNCIL
T20210014238,2021-06-12,12:10:00,1,Collision with vehicle,6,Saturday,142,LEAVING PARKING,1,687303,2,0,0,1,1,2,2,5,Not at intersection,3,60,Arterial Other,144.260899,-36.78119,20210612,BENDIGO
T20210013196,2021-06-15,15:45:00,2,Struck Pedestrian,2,Tuesday,106,VEH STRIKES PED ON FOOTPATH/MEDIAN/TRAFFIC ISLAND.,1,691095,1,0,0,1,0,1,2,5,Not at intersection,3,60,Arterial Highway,144.262281,-36.770714,20210615,BENDIGO
T20210013114,2021-06-15,07:15:00,3,Struck animal,2,Tuesday,167,STRUCK ANIMAL,2,685737,1,0,1,0,0,1,2,5,Not at intersection,2,100,Arterial Highway,144.703296,-36.859467,20210615,BENDIGO
T20210014164,2021-06-16,15:45:00,1,Collision with vehicle,3,Wednesday,130,REAR END(VEHICLES IN SAME LANE),1,730733,2,0,0,1,2,3,2,2,T intersection,3,80,Arterial Highway,144.340115,-36.768877,20210616,BENDIGO
T20210013182,2021-06-16,04:26:00,1,Collision with vehicle,3,Wednesday,121,RIGHT THROUGH,3,51570,2,0,0,1,1,2,1,1,Cross intersection,3,60,Arterial Highway,144.290752,-36.749779,20210616,BENDIGO
T20210013414,2021-06-17,19:56:00,1,Collision with vehicle,5,Thursday,121,RIGHT THROUGH,3,355448,2,0,0,2,0,2,1,1,Cross intersection,3,60,Arterial Highway,144.291828,-36.757281,20210617,BENDIGO
T20210014227,2021-06-18,18:02:00,1,Collision with vehicle,6,Friday,130,REAR END(VEHICLES IN SAME LANE),3,686868,3,0,0,1,2,3,1,5,Not at intersection,3,60,Arterial Highway,144.288419,-36.758144,20210618,BENDIGO
T20210013396,2021-06-18,18:37:00,4,Collision with a fixed object,6,Friday,171,LEFT OFF CARRIAGEWAY INTO OBJECT/PARKED VEHICLE,5,685947,1,0,1,0,0,1,1,5,Not at intersection,2,100,Local Road,144.099431,-36.723988,20210618,BENDIGO
T20210015511,2021-06-19,13:00:00,8,No collision and no object struck,7,Saturday,172,OFF CARRIAGEWAY TO RIGHT,1,688116,1,0,0,1,0,1,2,5,Not at intersection,3,999,,144.274348,-36.66872,20210619,BENDIGO
T20210016864,2021-06-20,15:00:00,1,Collision with vehicle,0,Sunday,121,RIGHT THROUGH,1,51561,2,0,0,1,1,2,2,1,Cross intersection,3,60,Arterial Highway,144.258109,-36.746919,20210620,BENDIGO
T20210015713,2021-06-21,15:40:00,1,Collision with vehicle,2,Monday,130,REAR END(VEHICLES IN SAME LANE),1,688233,2,0,0,1,1,2,2,5,Not at intersection,3,50,Arterial Highway,144.243661,-36.797928,20210621,BENDIGO
T20210013941,2021-06-25,12:19:00,1,Collision with vehicle,5,Friday,113,RIGHT NEAR (INTERSECTIONS ONLY),1,51602,3,0,0,1,2,3,1,2,T intersection,3,60,Arterial Highway,144.262361,-36.756454,20210625,BENDIGO
T20210013895,2021-06-25,05:00:00,1,Collision with vehicle,5,Friday,160,VEHICLE COLLIDES WITH VEHICLE PARKED ON LEFT OF ROAD,3,691535,2,0,0,1,0,1,1,5,Not at intersection,3,60,Arterial Other,144.28611,-36.747779,20210625,BENDIGO
T20210013940,2021-06-25,13:30:00,1,Collision with vehicle,6,Friday,132,RIGHT REAR.,1,686404,2,0,1,1,0,2,1,2,T intersection,2,60,Local Road,144.300327,-36.754264,20210625,BENDIGO
T20210017702,2021-06-25,14:45:00,1,Collision with vehicle,6,Friday,111,RIGHT FAR (INTERSECTIONS ONLY),1,232112,2,0,0,1,5,6,1,1,Cross intersection,3,60,Local Road,144.328389,-36.659632,20210625,BENDIGO
T20210016489,2021-06-25,13:10:00,1,Collision with vehicle,6,Friday,116,LEFT NEAR (INTERSECTIONS ONLY),1,689320,2,0,0,1,1,2,1,2,T intersection,3,60,Arterial Other,144.314145,-36.782254,20210625,BENDIGO
T20210014160,2021-06-28,11:40:00,1,Collision with vehicle,2,Monday,160,VEHICLE COLLIDES WITH VEHICLE PARKED ON LEFT OF ROAD,1,690526,2,0,1,0,0,1,1,5,Not at intersection,2,50,Local Road,144.34909,-36.659655,20210628,BENDIGO
T20210014216,2021-06-29,05:57:00,4,Collision with a fixed object,3,Tuesday,181,OFF RIGHT BEND INTO OBJECT/PARKED VEHICLE,5,686640,1,0,1,0,0,1,1,5,Not at intersection,2,100,Local Road,144.533305,-36.646713,20210629,BENDIGO
T20210014956,2021-06-30,13:51:00,1,Collision with vehicle,3,Wednesday,130,REAR END(VEHICLES IN SAME LANE),1,687322,2,0,0,1,1,2,2,5,Not at intersection,3,60,Local Road,144.316036,-36.70514,20210630,BENDIGO
T20210014543,2021-07-02,18:20:00,2,Struck Pedestrian,6,Friday,102,FAR SIDE. PED HIT BY VEHICLE FROM THE LEFT,3,35676,1,0,1,0,1,2,1,1,Cross intersection,2,40,Arterial Highway,144.280104,-36.758517,20210702,BENDIGO
T20210016394,2021-07-02,15:10:00,1,Collision with vehicle,5,Friday,130,REAR END(VEHICLES IN SAME LANE),1,730800,3,0,0,1,2,3,1,5,Not at intersection,3,60,Arterial Highway,144.264923,-36.75584,20210702,BENDIGO
T20210014486,2021-07-02,02:55:00,3,Struck animal,6,Friday,167,STRUCK ANIMAL,5,687144,1,0,0,1,0,1,1,5,Not at intersection,3,50,Local Road,144.269663,-36.782426,20210702,BENDIGO
T20210014824,2021-07-06,10:10:00,1,Collision with vehicle,3,Tuesday,121,RIGHT THROUGH,1,51713,2,0,1,0,1,2,1,1,Cross intersection,2,60,Arterial Highway,144.246673,-36.785355,20210706,BENDIGO
T20210014957,2021-07-07,16:55:00,1,Collision with vehicle,3,Wednesday,116,LEFT NEAR (INTERSECTIONS ONLY),2,51903,2,0,0,1,1,2,1,1,Cross intersection,3,80,Arterial Highway,144.317907,-36.695965,20210707,BENDIGO
T20210014967,2021-07-07,18:45:00,1,Collision with vehicle,4,Wednesday,110,CROSS TRAFFIC(INTERSECTIONS ONLY),3,51724,2,0,0,1,2,3,1,1,Cross intersection,3,60,Local Road,144.242886,-36.794551,20210707,BENDIGO
T20210015872,2021-07-07,15:20:00,1,Collision with vehicle,3,Wednesday,130,REAR END(VEHICLES IN SAME LANE),1,730782,3,0,0,3,1,4,1,5,Not at intersection,3,60,,144.242835,-36.80121,20210707,BENDIGO
T20210016112,2021-07-09,00:30:00,3,Struck animal,5,Friday,167,STRUCK ANIMAL,5,688911,1,0,0,1,0,1,2,5,Not at intersection,3,999,Arterial Highway,144.710574,-36.834965,20210709,BENDIGO
T20210015084,2021-07-09,07:25:00,6,Vehicle overturned (no collision),6,Friday,174,OUT OF CONTROL ON CARRIAGEWAY (ON STRAIGHT),1,711677,1,0,0,1,0,1,1,5,Not at intersection,3,100,Arterial Highway,144.577996,-36.540906,20210709,BENDIGO
T20210015599,2021-07-15,08:34:00,1,Collision with vehicle,5,Thursday,139,OTHER SAME DIRECTION-MANOUEVRES NOT INCLUDED IN DCAs 130-137,1,51677,2,0,0,1,1,2,1,1,Cross intersection,3,60,Arterial Highway,144.259259,-36.772197,20210715,BENDIGO
T20210015888,2021-07-19,19:45:00,1,Collision with vehicle,2,Monday,160,VEHICLE COLLIDES WITH VEHICLE PARKED ON LEFT OF ROAD,3,688608,2,0,0,1,1,2,1,5,Not at intersection,3,60,Local Road,144.303021,-36.776539,20210719,BENDIGO
T20210015893,2021-07-19,23:37:00,3,Struck animal,2,Monday,167,STRUCK ANIMAL,3,688336,1,0,0,1,0,1,1,5,Not at intersection,3,50,Local Road,144.274729,-36.775981,20210719,BENDIGO
T20210015942,2021-07-20,15:50:00,1,Collision with vehicle,3,Tuesday,120,HEAD ON (NOT OVERTAKING),1,54394,2,0,2,2,0,4,1,1,Cross intersection,2,60,Arterial Highway,144.244331,-36.791307,20210720,BENDIGO
T20210015930,2021-07-20,14:34:00,1,Collision with vehicle,3,Tuesday,120,HEAD ON (NOT OVERTAKING),1,688609,2,0,2,1,0,3,1,5,Not at intersection,2,60,Local Road,144.305998,-36.703905,20210720,BENDIGO
T20210015965,2021-07-21,11:21:00,1,Collision with vehicle,4,Wednesday,113,RIGHT NEAR (INTERSECTIONS ONLY),1,689984,2,0,1,0,1,2,1,2,T intersection,2,50,Local Road,144.268418,-36.740171,20210721,BENDIGO
T20210016081,2021-07-22,23:18:00,4,Collision with a fixed object,5,Thursday,171,LEFT OFF CARRIAGEWAY INTO OBJECT/PARKED VEHICLE,3,692813,1,0,1,0,1,2,1,5,Not at intersection,2,50,Local Road,144.261502,-36.728938,20210722,BENDIGO
T20210016128,2021-07-23,21:18:00,1,Collision with vehicle,6,Friday,160,VEHICLE COLLIDES WITH VEHICLE PARKED ON LEFT OF ROAD,3,690995,2,0,1,0,0,1,1,5,Not at intersection,2,60,Arterial Other,144.278206,-36.746845,20210723,BENDIGO
T20210017233,2021-07-31,11:20:00,1,Collision with vehicle,7,Saturday,130,REAR END(VEHICLES IN SAME LANE),1,696209,3,0,1,0,4,5,2,5,Not at intersection,2,60,Local Road,144.323375,-36.725353,20210731,BENDIGO
T20210016750,2021-08-01,19:15:00,1,Collision with vehicle,0,Sunday,130,REAR END(VEHICLES IN SAME LANE),3,706571,2,0,0,1,2,3,1,5,Not at intersection,3,60,Arterial Highway,144.296063,-36.742899,20210801,BENDIGO
T20210016888,2021-08-03,17:22:00,1,Collision with vehicle,2,Tuesday,121,RIGHT THROUGH,1,29976,3,0,0,1,3,4,1,1,Cross intersection,3,60,Arterial Other,144.286925,-36.747039,20210803,BENDIGO
T20210017229,2021-08-03,10:00:00,8,No collision and no object struck,2,Tuesday,174,OUT OF CONTROL ON CARRIAGEWAY (ON STRAIGHT),1,690197,1,0,0,1,0,1,2,5,Not at intersection,3,50,Local Road,144.362091,-36.797104,20210803,BENDIGO
T20210016873,2021-08-03,17:45:00,6,Vehicle overturned (no collision),3,Tuesday,174,OUT OF CONTROL ON CARRIAGEWAY (ON STRAIGHT),2,689520,1,0,0,1,0,1,1,5,Not at intersection,3,100,Local Road,144.747166,-36.899661,20210803,BENDIGO
T20210016916,2021-08-04,11:10:00,1,Collision with vehicle,4,Wednesday,110,CROSS TRAFFIC(INTERSECTIONS ONLY),1,51526,3,0,1,2,1,4,1,1,Cross intersection,2,60,Arterial Other,144.261881,-36.728705,20210804,BENDIGO
T20210016941,2021-08-04,16:05:00,1,Collision with vehicle,3,Wednesday,130,REAR END(VEHICLES IN SAME LANE),1,689610,2,0,0,1,1,2,1,5,Not at intersection,3,60,Arterial Other,144.274386,-36.743714,20210804,BENDIGO
T20210017192,2021-08-04,09:45:00,4,Collision with a fixed object,4,Wednesday,171,LEFT OFF CARRIAGEWAY INTO OBJECT/PARKED VEHICLE,1,692667,1,0,1,0,0,1,1,5,Not at intersection,2,100,,144.284082,-36.822006,20210804,BENDIGO
T20210017036,2021-08-06,23:20:00,4,Collision with a fixed object,6,Friday,198,OTHER ACCIDENTS NOT CLASSIFIABLE ELSEWHERE,3,29984,2,0,1,0,1,2,1,1,Cross intersection,2,60,Local Road,144.285093,-36.776419,20210806,BENDIGO
T20210017269,2021-08-10,12:02:00,1,Collision with vehicle,3,Tuesday,110,CROSS TRAFFIC(INTERSECTIONS ONLY),1,19419,2,0,1,2,0,3,1,1,Cross intersection,2,60,Arterial Other,144.263983,-36.73788,20210810,BENDIGO
T20210017281,2021-08-10,14:26:00,4,Collision with a fixed object,3,Tuesday,171,LEFT OFF CARRIAGEWAY INTO OBJECT/PARKED VEHICLE,1,690025,1,0,1,0,0,1,1,2,T intersection,2,50,Arterial Highway,144.251989,-36.717588,20210810,BENDIGO
T20210017503,2021-08-13,18:00:00,1,Collision with vehicle,6,Friday,132,RIGHT REAR.,3,19421,2,0,1,1,1,3,1,2,T intersection,2,60,Arterial Other,144.262804,-36.738732,20210813,BENDIGO
T20210017610,2021-08-15,15:35:00,3,Struck animal,0,Sunday,167,STRUCK ANIMAL,1,690495,1,0,1,0,0,1,1,5,Not at intersection,2,100,Arterial Other,144.478188,-36.837793,20210815,BENDIGO
T20210018139,2021-08-19,12:00:00,1,Collision with vehicle,5,Thursday,130,REAR END(VEHICLES IN SAME LANE),1,51602,2,0,0,1,1,2,2,2,T intersection,3,80,Arterial Highway,144.262361,-36.756454,20210819,BENDIGO
T20210017827,2021-08-19,10:15:00,2,Struck Pedestrian,5,Thursday,102,FAR SIDE. PED HIT BY VEHICLE FROM THE LEFT,1,690928,1,0,1,0,1,2,1,5,Not at intersection,2,50,Arterial Highway,144.244213,-36.796046,20210819,BENDIGO
T20210017912,2021-08-20,17:45:00,4,Collision with a fixed object,6,Friday,181,OFF RIGHT BEND INTO OBJECT/PARKED VEHICLE,2,692074,1,0,1,0,0,1,1,5,Not at intersection,2,50,Local Road,144.247659,-36.734303,20210820,BENDIGO
T20210018432,2021-08-21,16:00:00,5,collision with some other object,7,Saturday,166,STRUCK OBJECT ON CARRIAGEWAY,1,691881,1,0,1,0,0,1,2,5,Not at intersection,2,60,,144.478701,-36.744337,20210821,BENDIGO
T20210018478,2021-08-29,11:19:00,1,Collision with vehicle,1,Sunday,110,CROSS TRAFFIC(INTERSECTIONS ONLY),1,59872,2,0,0,1,1,2,1,1,Cross intersection,3,50,Local Road,144.237553,-36.802046,20210829,BENDIGO
T20210018316,2021-08-29,01:00:00,1,Collision with vehicle,1,Sunday,160,VEHICLE COLLIDES WITH VEHICLE PARKED ON LEFT OF ROAD,3,694025,2,0,0,2,3,5,1,5,Not at intersection,3,60,Arterial Other,144.288033,-36.746275,20210829,BENDIGO
T20210018638,2021-09-03,19:45:00,4,Collision with a fixed object,5,Friday,171,LEFT OFF CARRIAGEWAY INTO OBJECT/PARKED VEHICLE,5,698902,1,0,1,0,0,1,1,5,Not at intersection,2,100,Local Road,144.163969,-36.659651,20210903,BENDIGO
T20210018754,2021-09-06,13:15:00,1,Collision with vehicle,1,Monday,110,CROSS TRAFFIC(INTERSECTIONS ONLY),1,51526,2,0,0,1,3,4,1,1,Cross intersection,3,60,Arterial Other,144.261881,-36.728705,20210906,BENDIGO
T20210018863,2021-09-08,11:30:00,4,Collision with a fixed object,3,Wednesday,181,OFF RIGHT BEND INTO OBJECT/PARKED VEHICLE,1,692373,1,0,0,1,0,1,2,5,Not at intersection,3,999,Local Road,144.356588,-36.701912,20210908,BENDIGO
T20210018857,2021-09-08,07:45:00,1,Collision with vehicle,4,Wednesday,121,RIGHT THROUGH,1,51604,2,0,2,0,0,2,1,2,T intersection,2,50,Arterial Highway,144.282281,-36.756913,20210908,BENDIGO
T20210019023,2021-09-11,09:45:00,4,Collision with a fixed object,7,Saturday,181,OFF RIGHT BEND INTO OBJECT/PARKED VEHICLE,1,692550,1,1,1,0,0,2,1,5,Not at intersection,1,60,Arterial Other,144.205597,-36.538093,20210911,BENDIGO
T20210019144,2021-09-14,02:04:00,4,Collision with a fixed object,3,Tuesday,181,OFF RIGHT BEND INTO OBJECT/PARKED VEHICLE,5,693127,1,0,0,1,2,3,1,5,Not at intersection,3,40,Local Road,144.236436,-36.765597,20210914,BENDIGO
T20210020672,2021-09-17,18:40:00,1,Collision with vehicle,5,Friday,121,RIGHT THROUGH,2,695680,2,0,0,1,1,2,2,5,Not at intersection,3,50,Arterial Highway,144.243646,-36.798003,20210917,BENDIGO
T20210019387,2021-09-17,18:10:00,1,Collision with vehicle,6,Friday,121,RIGHT THROUGH,3,343920,2,0,0,4,0,4,1,2,T intersection,3,60,Local Road,144.306398,-36.742093,20210917,BENDIGO
T20220007650,2021-09-18,19:00:00,1,Collision with vehicle,6,Saturday,116,LEFT NEAR (INTERSECTIONS ONLY),5,710396,2,0,0,1,1,2,1,1,Cross intersection,3,50,Local Road,144.252275,-36.720438,20210918,BENDIGO
T20210021705,2021-09-19,15:30:00,4,Collision with a fixed object,0,Sunday,171,LEFT OFF CARRIAGEWAY INTO OBJECT/PARKED VEHICLE,9,730950,1,0,0,2,0,2,2,5,Not at intersection,3,100,Local Road,144.279788,-36.702142,20210919,BENDIGO
T20210019793,2021-09-23,19:00:00,8,No collision and no object struck,4,Thursday,170,OFF CARRIAGEWAY TO LEFT,2,730898,1,0,0,1,1,2,2,5,Not at intersection,3,100,Arterial Other,144.199459,-36.569915,20210923,BENDIGO
T20210019798,2021-09-24,22:19:00,1,Collision with vehicle,5,Friday,113,RIGHT NEAR (INTERSECTIONS ONLY),3,265368,2,0,1,1,0,2,1,2,T intersection,2,60,Arterial Highway,144.2632,-36.770223,20210924,BENDIGO
T20210019955,2021-09-28,14:49:00,1,Collision with vehicle,3,Tuesday,140,U TURN,1,693658,2,0,1,0,1,2,1,5,Not at intersection,2,60,Arterial Highway,144.255806,-36.774713,20210928,BENDIGO
T20210022587,2021-09-30,18:40:00,1,Collision with vehicle,4,Thursday,130,REAR END(VEHICLES IN SAME LANE),9,51922,2,0,0,1,1,2,2,1,Cross intersection,3,80,Arterial Other,144.346269,-36.801,20210930,BENDIGO
T20210020295,2021-10-02,14:00:00,6,Vehicle overturned (no collision),7,Saturday,174,OUT OF CONTROL ON CARRIAGEWAY (ON STRAIGHT),1,695010,1,0,1,0,0,1,2,5,Not at intersection,2,100,Local Road,144.629748,-36.97006,20211002,BENDIGO
T20210020282,2021-10-05,08:16:00,2,Struck Pedestrian,2,Tuesday,102,FAR SIDE. PED HIT BY VEHICLE FROM THE LEFT,1,694526,1,0,1,0,1,2,1,5,Not at intersection,2,40,Local Road,144.274067,-36.743678,20211005,BENDIGO
T20210023176,2021-10-05,04:15:00,3,Struck animal,3,Tuesday,167,STRUCK ANIMAL,3,697215,1,0,0,1,0,1,2,5,Not at intersection,3,80,Arterial Highway,144.196553,-36.873669,20211005,BENDIGO
T20210020351,2021-10-06,12:15:00,1,Collision with vehicle,4,Wednesday,110,CROSS TRAFFIC(INTERSECTIONS ONLY),1,51532,2,0,0,1,1,2,1,1,Cross intersection,3,50,Local Road,144.260992,-36.732936,20211006,BENDIGO
T20210020953,2021-10-16,20:37:00,1,Collision with vehicle,7,Saturday,110,CROSS TRAFFIC(INTERSECTIONS ONLY),3,258685,2,0,2,0,1,3,1,1,Cross intersection,2,60,Local Road,144.307094,-36.71773,20211016,BENDIGO
T20210021053,2021-10-17,14:45:00,6,Vehicle overturned (no collision),1,Sunday,170,OFF CARRIAGEWAY TO LEFT,1,695019,1,0,0,1,0,1,2,5,Not at intersection,3,100,,144.215969,-36.892343,20211017,BENDIGO
T20210021013,2021-10-17,23:10:00,1,Collision with vehicle,0,Sunday,160,VEHICLE COLLIDES WITH VEHICLE PARKED ON LEFT OF ROAD,3,699064,2,0,0,1,0,1,1,5,Not at intersection,3,60,Arterial Highway,144.255706,-36.758676,20211017,BENDIGO
T20210020967,2021-10-17,05:00:00,4,Collision with a fixed object,1,Sunday,183,OFF LEFT BEND INTO OBJECT/PARKED VEHICLE,5,697965,1,0,0,1,0,1,1,5,Not at intersection,3,100,Local Road,144.780543,-36.928015,20211017,BENDIGO
T20210024276,2021-10-18,16:30:00,1,Collision with vehicle,2,Monday,110,CROSS TRAFFIC(INTERSECTIONS ONLY),1,698263,2,0,0,1,1,2,1,1,Cross intersection,3,60,Arterial Highway,144.295414,-36.757877,20211018,BENDIGO
T20210021091,2021-10-19,05:50:00,1,Collision with vehicle,3,Tuesday,111,RIGHT FAR (INTERSECTIONS ONLY),2,258685,2,0,0,1,2,3,1,1,Cross intersection,3,60,Local Road,144.307094,-36.71773,20211019,BENDIGO
T20210021193,2021-10-20,15:50:00,1,Collision with vehicle,4,Wednesday,113,RIGHT NEAR (INTERSECTIONS ONLY),1,319603,3,0,1,0,3,4,1,2,T intersection,2,100,Arterial Other,144.598721,-36.486776,20211020,BENDIGO
T20210021204,2021-10-20,17:00:00,1,Collision with vehicle,4,Wednesday,110,CROSS TRAFFIC(INTERSECTIONS ONLY),1,51551,2,0,0,1,1,2,1,1,Cross intersection,3,60,Local Road,144.319462,-36.743149,20211020,BENDIGO
T20210021467,2021-10-24,12:30:00,1,Collision with vehicle,0,Sunday,160,VEHICLE COLLIDES WITH VEHICLE PARKED ON LEFT OF ROAD,1,695694,2,0,0,3,0,3,1,5,Not at intersection,3,50,Local Road,144.260589,-36.729533,20211024,BENDIGO
T20210021644,2021-10-26,15:30:00,1,Collision with vehicle,2,Tuesday,130,REAR END(VEHICLES IN SAME LANE),1,778413,2,0,0,1,1,2,2,5,Not at intersection,3,60,Arterial Highway,144.159268,-36.799634,20211026,BENDIGO
T20210021642,2021-10-26,20:20:00,1,Collision with vehicle,3,Tuesday,121,RIGHT THROUGH,3,29983,2,0,0,1,1,2,1,1,Cross intersection,3,60,Arterial Highway,144.266509,-36.767121,20211026,BENDIGO
T20210021570,2021-10-26,06:00:00,6,Vehicle overturned (no collision),2,Tuesday,174,OUT OF CONTROL ON CARRIAGEWAY (ON STRAIGHT),1,773138,1,0,0,1,0,1,1,1,Cross intersection,3,60,Arterial Other,144.346303,-36.801038,20211026,BENDIGO
T20210021563,2021-10-26,08:13:00,4,Collision with a fixed object,2,Tuesday,173,RIGHT OFF CARRIAGEWAY INTO OBJECT/PARKED VEHICLE,1,776840,1,0,1,1,2,4,1,2,T intersection,2,100,,144.662653,-36.413704,20211026,BENDIGO
T20210021819,2021-10-29,22:13:00,3,Struck animal,6,Friday,167,STRUCK ANIMAL,5,695978,1,0,0,1,0,1,1,5,Not at intersection,3,80,Arterial Other,144.316743,-36.783837,20211029,BENDIGO
T20210021943,2021-10-31,18:31:00,1,Collision with vehicle,1,Sunday,140,U TURN,1,698359,2,0,1,1,0,2,1,5,Not at intersection,2,80,Arterial Other,144.367329,-36.807878,20211031,BENDIGO
T20210022175,2021-11-03,19:23:00,1,Collision with vehicle,4,Wednesday,110,CROSS TRAFFIC(INTERSECTIONS ONLY),1,360256,2,0,0,2,0,2,1,1,Cross intersection,3,60,Arterial Highway,144.258238,-36.746907,20211103,BENDIGO
T20210023805,2021-11-05,15:30:00,1,Collision with vehicle,5,Friday,130,REAR END(VEHICLES IN SAME LANE),1,627728,3,0,0,1,2,3,1,5,Not at intersection,3,60,Arterial Highway,144.274077,-36.761046,20211105,BENDIGO
T20210022433,2021-11-06,12:45:00,1,Collision with vehicle,6,Saturday,111,RIGHT FAR (INTERSECTIONS ONLY),1,697700,2,0,0,1,1,2,1,1,Cross intersection,3,100,,144.223242,-36.662448,20211106,BENDIGO
T20210022523,2021-11-07,18:00:00,4,Collision with a fixed object,1,Sunday,181,OFF RIGHT BEND INTO OBJECT/PARKED VEHICLE,1,697245,1,2,0,0,0,2,1,5,Not at intersection,1,100,Arterial Highway,144.697511,-36.9007,20211107,BENDIGO
T20210022590,2021-11-08,15:30:00,1,Collision with vehicle,2,Monday,120,HEAD ON (NOT OVERTAKING),1,697010,2,0,0,2,5,7,1,5,Not at intersection,3,60,Arterial Other,144.28949,-36.769441,20211108,BENDIGO
T20210022617,2021-11-09,02:00:00,4,Collision with a fixed object,3,Tuesday,181,OFF RIGHT BEND INTO OBJECT/PARKED VEHICLE,5,697074,1,0,0,1,0,1,1,5,Not at intersection,3,100,Arterial Other,144.655534,-36.951785,20211109,BENDIGO
T20220002211,2021-11-12,17:00:00,1,Collision with vehicle,5,Friday,121,RIGHT THROUGH,2,29983,2,0,0,1,1,2,1,1,Cross intersection,3,60,Arterial Highway,144.266509,-36.767121,20211112,BENDIGO
T20210023001,2021-11-13,14:50:00,1,Collision with vehicle,7,Saturday,160,VEHICLE COLLIDES WITH VEHICLE PARKED ON LEFT OF ROAD,1,59551,3,0,0,1,1,2,1,2,T intersection,3,60,Arterial Other,144.270202,-36.738893,20211113,BENDIGO
T20210024181,2021-11-13,16:45:00,5,collision with some other object,7,Saturday,198,OTHER ACCIDENTS NOT CLASSIFIABLE ELSEWHERE,1,172375,1,0,0,1,1,2,1,5,Not at intersection,3,60,Arterial Highway,144.258329,-36.772809,20211113,BENDIGO
T20210023407,2021-11-14,10:30:00,1,Collision with vehicle,0,Sunday,130,REAR END(VEHICLES IN SAME LANE),1,697645,2,0,0,2,1,3,2,5,Not at intersection,3,50,Local Road,144.276058,-36.757554,20211114,BENDIGO
T20210023257,2021-11-14,00:30:00,7,Fall from or in moving vehicle,0,Sunday,190,FELL IN/FROM VEHICLE,5,697219,1,0,0,1,0,1,2,2,T intersection,3,60,,144.425424,-36.815967,20211114,BENDIGO
T20210023438,2021-11-15,17:00:00,1,Collision with vehicle,2,Monday,132,RIGHT REAR.,1,697638,3,0,0,2,1,3,2,5,Not at intersection,3,60,,144.289086,-36.748618,20211115,BENDIGO
T20210023617,2021-11-18,15:42:00,1,Collision with vehicle,5,Thursday,147,VEHICLE STRIKES ANOTHER VEH WHILE EMERGING FROM DRIVEWAY,1,240665,2,0,0,1,1,2,1,5,Not at intersection,3,999,Local Road,144.291093,-36.779241,20211118,BENDIGO
T20210023729,2021-11-20,20:40:00,1,Collision with vehicle,6,Saturday,110,CROSS TRAFFIC(INTERSECTIONS ONLY),3,226243,2,0,0,1,2,3,1,1,Cross intersection,3,60,Local Road,144.304265,-36.72079,20211120,BENDIGO
T20220001893,2021-11-22,09:00:00,1,Collision with vehicle,2,Monday,137,LEFT TURN SIDESWIPE,1,703340,2,0,0,1,1,2,2,1,Cross intersection,3,60,,144.305292,-36.773275,20211122,BENDIGO
T20210023658,2021-11-22,14:30:00,1,Collision with vehicle,2,Monday,120,HEAD ON (NOT OVERTAKING),1,697883,2,0,0,1,1,2,1,5,Not at intersection,3,60,Arterial Highway,144.29131,-36.757373,20211122,BENDIGO
T20210023724,2021-11-23,09:33:00,4,Collision with a fixed object,3,Tuesday,171,LEFT OFF CARRIAGEWAY INTO OBJECT/PARKED VEHICLE,1,698204,1,0,1,0,0,1,1,5,Not at intersection,2,60,Local Road,144.260125,-36.790926,20211123,BENDIGO
T20210023809,2021-11-24,07:40:00,1,Collision with vehicle,3,Wednesday,110,CROSS TRAFFIC(INTERSECTIONS ONLY),1,51610,2,0,0,1,1,2,1,1,Cross intersection,3,60,Arterial Highway,144.298155,-36.758555,20211124,BENDIGO
T20210025123,2021-11-24,12:00:00,1,Collision with vehicle,4,Wednesday,135,LANE CHANGE LEFT (NOT OVERTAKING),1,699360,2,0,0,1,1,2,2,1,Cross intersection,3,60,Local Road,144.254257,-36.707703,20211124,BENDIGO
T20210023926,2021-11-25,12:44:00,1,Collision with vehicle,5,Thursday,149,OTHER MANOEUVRING NOT INCLUDED IN DCAs 140-148,1,701959,2,0,1,3,1,5,1,5,Not at intersection,2,50,Local Road,144.283317,-36.752459,20211125,BENDIGO