ACCIDENT_NO,ACCIDENT_DATE,ACCIDENT_TIME,ACCIDENT_TYPE,ACCIDENT_TYPE_DESC,DAY_OF_WEEK,DAY_WEEK_DESC,DCA_CODE,DCA_DESC,LIGHT_CONDITION,NODE_ID,NO_OF_VEHICLES,NO_PERSONS_KILLED,NO_PERSONS_INJ_2,NO_PERSONS_INJ_3,NO_PERSONS_NOT_INJ,NO_PERSONS,POLICE_ATTEND,ROAD_GEOMETRY,ROAD_GEOMETRY_DESC,SEVERITY,SPEED_ZONE,RMA, LAT, LONG, DATE, COUNCIL
T20220015864,2022-07-15,18:43:00,8,No collision and no object struck,5,Friday,174,OUT OF CONTROL ON CARRIAGEWAY (ON STRAIGHT),5,782325,1,0,0,1,0,1,1,5,Not at intersection,3,80,,144.291857,-36.703591,20220715,BENDIGO
T20220019236,2022-07-16,19:05:00,1,Collision with vehicle,6,Saturday,121,RIGHT THROUGH,3,35812,2,0,0,1,2,3,1,1,Cross intersection,3,60,Arterial Highway,144.268039,-36.758417,20220716,BENDIGO
T20220019118,2022-07-18,17:45:00,1,Collision with vehicle,1,Monday,130,REAR END(VEHICLES IN SAME LANE),1,722748,4,0,0,1,3,4,2,1,Cross intersection,3,70,Arterial Highway,144.316175,-36.705072,20220718,BENDIGO
T20220016137,2022-07-19,14:55:00,1,Collision with vehicle,2,Tuesday,110,CROSS TRAFFIC(INTERSECTIONS ONLY),1,51649,2,0,0,1,4,5,1,1,Cross intersection,3,50,Local Road,144.265,-36.765143,20220719,BENDIGO
T20220016086,2022-07-19,05:53:00,1,Collision with vehicle,3,Tuesday,110,CROSS TRAFFIC(INTERSECTIONS ONLY),3,51641,2,0,1,0,1,2,1,1,Cross intersection,2,40,Local Road,144.285362,-36.763171,20220719,BENDIGO
T20220016113,2022-07-19,11:49:00,1,Collision with vehicle,2,Tuesday,130,REAR END(VEHICLES IN SAME LANE),1,307924,2,0,0,1,1,2,1,2,T intersection,3,80,Arterial Highway,144.240366,-36.810193,20220719,BENDIGO
T20220016814,2022-07-20,05:10:00,3,Struck animal,3,Wednesday,167,STRUCK ANIMAL,5,779666,1,0,0,1,0,1,2,5,Not at intersection,3,100,Local Road,144.303396,-36.828076,20220720,BENDIGO
T20220016846,2022-07-22,13:08:00,1,Collision with vehicle,5,Friday,110,CROSS TRAFFIC(INTERSECTIONS ONLY),1,722526,2,0,0,1,1,2,1,1,Cross intersection,3,60,Arterial Highway,144.133107,-36.735725,20220722,BENDIGO
T20220016375,2022-07-22,10:44:00,1,Collision with vehicle,5,Friday,160,VEHICLE COLLIDES WITH VEHICLE PARKED ON LEFT OF ROAD,1,779129,2,0,0,1,1,2,1,5,Not at intersection,3,60,Arterial Other,144.251139,-36.71663,20220722,BENDIGO
T20220016488,2022-07-23,10:55:00,1,Collision with vehicle,6,Saturday,132,RIGHT REAR.,1,746669,2,0,0,1,1,2,2,1,Cross intersection,3,80,Arterial Highway,144.204174,-36.742227,20220723,BENDIGO
T20220018951,2022-07-23,17:10:00,4,Collision with a fixed object,6,Saturday,173,RIGHT OFF CARRIAGEWAY INTO OBJECT/PARKED VEHICLE,2,782307,1,0,0,1,0,1,1,5,Not at intersection,3,100,,144.471864,-36.690727,20220723,BENDIGO
T20220016473,2022-07-23,10:45:00,4,Collision with a fixed object,6,Saturday,171,LEFT OFF CARRIAGEWAY INTO OBJECT/PARKED VEHICLE,1,718960,1,0,0,1,0,1,1,5,Not at intersection,3,60,Local Road,144.291926,-36.756422,20220723,BENDIGO
T20220020104,2022-07-25,17:56:00,1,Collision with vehicle,1,Monday,121,RIGHT THROUGH,3,51700,2,0,0,1,1,2,1,1,Cross intersection,3,60,Arterial Highway,144.250247,-36.779793,20220725,BENDIGO
T20220017172,2022-07-27,16:30:00,8,No collision and no object struck,4,Wednesday,184,OUT OF CONTROL ON CARRIAGEWAY (ON BEND),2,782530,1,0,0,1,0,1,2,5,Not at intersection,3,40,Local Road,144.122261,-36.865421,20220727,BENDIGO
T20220017402,2022-08-04,11:26:00,2,Struck Pedestrian,5,Thursday,100,PED NEAR SIDE. PED HIT BY VEHICLE FROM THE RIGHT.,1,782332,1,0,0,1,1,2,1,5,Not at intersection,3,60,,144.345207,-36.774962,20220804,BENDIGO
T20220017508,2022-08-05,15:07:00,1,Collision with vehicle,5,Friday,110,CROSS TRAFFIC(INTERSECTIONS ONLY),1,720537,2,0,0,1,1,2,1,1,Cross intersection,3,60,,144.304218,-36.746686,20220805,BENDIGO
T20220017771,2022-08-08,12:50:00,4,Collision with a fixed object,2,Monday,171,LEFT OFF CARRIAGEWAY INTO OBJECT/PARKED VEHICLE,1,59864,2,0,0,1,2,3,1,1,Cross intersection,3,50,Arterial Other,144.239379,-36.79623,20220808,BENDIGO
T20220017719,2022-08-08,09:43:00,4,Collision with a fixed object,1,Monday,171,LEFT OFF CARRIAGEWAY INTO OBJECT/PARKED VEHICLE,1,724110,1,0,0,1,0,1,1,1,Cross intersection,3,100,Local Road,144.33757,-36.84572,20220808,BENDIGO
T20220018616,2022-08-19,08:30:00,4,Collision with a fixed object,5,Friday,171,LEFT OFF CARRIAGEWAY INTO OBJECT/PARKED VEHICLE,1,782800,1,0,0,1,0,1,1,5,Not at intersection,3,60,Arterial Other,144.293173,-36.769296,20220819,BENDIGO
T20220018676,2022-08-19,20:15:00,1,Collision with vehicle,5,Friday,113,RIGHT NEAR (INTERSECTIONS ONLY),3,782803,2,0,0,2,2,4,1,2,T intersection,3,60,Arterial Other,144.236708,-36.796323,20220819,BENDIGO
T20220019012,2022-08-24,10:15:00,1,Collision with vehicle,3,Wednesday,121,RIGHT THROUGH,1,51576,3,0,1,2,2,5,1,2,T intersection,2,60,Arterial Other,144.282508,-36.750867,20220824,BENDIGO
T20220022800,2022-08-24,17:15:00,4,Collision with a fixed object,3,Wednesday,171,LEFT OFF CARRIAGEWAY INTO OBJECT/PARKED VEHICLE,2,729006,1,0,0,1,0,1,2,5,Not at intersection,3,999,Arterial Other,144.653976,-36.959192,20220824,BENDIGO
T20220019237,2022-08-26,16:38:00,2,Struck Pedestrian,5,Friday,100,PED NEAR SIDE. PED HIT BY VEHICLE FROM THE RIGHT.,1,44640,1,0,0,1,1,2,1,2,T intersection,3,40,Local Road,144.281094,-36.759398,20220826,BENDIGO
T20220019346,2022-08-27,21:42:00,6,Vehicle overturned (no collision),7,Saturday,172,OFF CARRIAGEWAY TO RIGHT,3,724358,2,0,0,1,2,3,1,1,Cross intersection,3,50,Local Road,144.350605,-36.663129,20220827,BENDIGO
T20220022046,2022-08-27,17:30:00,8,No collision and no object struck,6,Saturday,174,OUT OF CONTROL ON CARRIAGEWAY (ON STRAIGHT),2,728199,1,0,0,1,1,2,2,5,Not at intersection,3,80,,144.395716,-36.653203,20220827,BENDIGO
T20220019402,2022-08-28,15:00:00,1,Collision with vehicle,1,Sunday,140,U TURN,1,19449,2,0,2,2,0,4,1,2,T intersection,2,100,Arterial Highway,144.587373,-36.825398,20220828,BENDIGO
T20220019384,2022-08-28,12:10:00,1,Collision with vehicle,0,Sunday,130,REAR END(VEHICLES IN SAME LANE),1,744476,2,0,0,1,1,2,1,5,Not at intersection,3,100,Arterial Highway,144.614049,-36.486495,20220828,BENDIGO
T20220019638,2022-08-31,11:10:00,1,Collision with vehicle,3,Wednesday,121,RIGHT THROUGH,1,723566,2,0,1,0,1,2,1,5,Not at intersection,2,60,Arterial Highway,144.245151,-36.788783,20220831,BENDIGO
T20220019636,2022-08-31,07:50:00,1,Collision with vehicle,3,Wednesday,119,OTHER ADJACENT (INTERSECTIONS ONLY),1,59856,2,0,0,1,1,2,1,1,Cross intersection,3,60,Arterial Highway,144.244331,-36.791307,20220831,BENDIGO
T20220019610,2022-08-31,04:05:00,4,Collision with a fixed object,3,Wednesday,173,RIGHT OFF CARRIAGEWAY INTO OBJECT/PARKED VEHICLE,5,723497,1,0,0,1,2,3,1,5,Not at intersection,3,100,,144.213564,-36.877563,20220831,BENDIGO
T20220020113,2022-08-31,13:00:00,1,Collision with vehicle,4,Wednesday,114,TWO RIGHT TURNING (INTERSECTIONS ONLY),1,44780,2,0,0,1,1,2,2,1,Cross intersection,3,60,Arterial Highway,144.700797,-36.914763,20220831,BENDIGO
T20220019726,2022-09-01,09:36:00,4,Collision with a fixed object,4,Thursday,146,REVERSING INTO FIXED OBJECT/PARKED VEHICLE,1,782579,1,0,0,1,0,1,1,5,Not at intersection,3,50,Local Road,144.258889,-36.746055,20220901,BENDIGO
T20220020191,2022-09-03,20:50:00,1,Collision with vehicle,6,Saturday,133,LANE SIDE SWIPE (VEHICLES IN PARALLEL LANES),3,724681,2,0,0,1,1,2,1,2,T intersection,3,60,Arterial Other,144.283642,-36.755067,20220903,BENDIGO
T20220020124,2022-09-06,17:06:00,1,Collision with vehicle,3,Tuesday,113,RIGHT NEAR (INTERSECTIONS ONLY),1,51920,2,0,1,0,1,2,1,2,T intersection,2,50,Local Road,144.267593,-36.769222,20220906,BENDIGO
T20220020353,2022-09-06,19:45:00,6,Vehicle overturned (no collision),3,Tuesday,184,OUT OF CONTROL ON CARRIAGEWAY (ON BEND),5,727896,1,0,0,1,0,1,2,5,Not at intersection,3,60,,144.307489,-36.740438,20220906,BENDIGO
T20220020395,2022-09-09,23:20:00,4,Collision with a fixed object,6,Friday,181,OFF RIGHT BEND INTO OBJECT/PARKED VEHICLE,5,731589,1,0,1,0,0,1,1,5,Not at intersection,2,40,Arterial Other,144.541007,-37.015831,20220909,BENDIGO
T20220020394,2022-09-09,14:11:00,4,Collision with a fixed object,6,Friday,181,OFF RIGHT BEND INTO OBJECT/PARKED VEHICLE,1,279125,1,0,1,0,0,1,1,5,Not at intersection,2,110,Freeway,144.221834,-36.921502,20220909,BENDIGO
T20220022485,2022-09-12,17:00:00,1,Collision with vehicle,1,Monday,142,LEAVING PARKING,2,727702,2,0,0,1,1,2,1,5,Not at intersection,3,50,Local Road,144.309595,-36.723489,20220912,BENDIGO
T20220020674,2022-09-13,09:20:00,1,Collision with vehicle,2,Tuesday,130,REAR END(VEHICLES IN SAME LANE),1,782664,3,0,0,3,2,5,1,5,Not at intersection,3,60,Arterial Highway,144.265865,-36.767712,20220913,BENDIGO
T20220020760,2022-09-14,10:35:00,1,Collision with vehicle,3,Wednesday,130,REAR END(VEHICLES IN SAME LANE),1,49321,2,0,1,0,2,3,1,1,Cross intersection,2,60,Arterial Other,144.305216,-36.773247,20220914,BENDIGO
T20220021359,2022-09-16,07:30:00,1,Collision with vehicle,5,Friday,132,RIGHT REAR.,1,779394,2,0,0,2,1,3,2,2,T intersection,3,999,Arterial Other,144.35555,-36.80631,20220916,BENDIGO
T20220020955,2022-09-16,09:30:00,1,Collision with vehicle,6,Friday,135,LANE CHANGE LEFT (NOT OVERTAKING),1,774978,2,0,0,1,1,2,1,5,Not at intersection,3,60,Arterial Highway,144.244883,-36.789517,20220916,BENDIGO
T20220021206,2022-09-19,16:00:00,1,Collision with vehicle,2,Monday,110,CROSS TRAFFIC(INTERSECTIONS ONLY),1,59919,2,0,1,0,1,2,1,1,Cross intersection,2,50,Arterial Highway,144.710376,-36.92439,20220919,BENDIGO
T20220021341,2022-09-21,10:43:00,2,Struck Pedestrian,3,Wednesday,100,PED NEAR SIDE. PED HIT BY VEHICLE FROM THE RIGHT.,1,725723,1,0,0,1,1,2,1,5,Not at intersection,3,777,,144.28022,-36.766958,20220921,BENDIGO
T20220021450,2022-09-22,15:05:00,1,Collision with vehicle,5,Thursday,110,CROSS TRAFFIC(INTERSECTIONS ONLY),1,726346,2,0,2,1,0,3,1,1,Cross intersection,2,60,Local Road,144.269235,-36.764533,20220922,BENDIGO
T20220021423,2022-09-22,10:16:00,1,Collision with vehicle,4,Thursday,139,OTHER SAME DIRECTION-MANOUEVRES NOT INCLUDED IN DCAs 130-137,1,725845,2,0,0,1,1,2,1,5,Not at intersection,3,50,Local Road,144.289822,-36.749115,20220922,BENDIGO
T20220021467,2022-09-22,18:35:00,1,Collision with vehicle,4,Thursday,121,RIGHT THROUGH,3,51916,2,0,0,1,1,2,1,1,Cross intersection,3,60,Arterial Highway,144.316158,-36.705155,20220922,BENDIGO
T20220021502,2022-09-23,10:40:00,4,Collision with a fixed object,6,Friday,173,RIGHT OFF CARRIAGEWAY INTO OBJECT/PARKED VEHICLE,1,751277,1,0,1,0,0,1,1,5,Not at intersection,2,888,Local Road,144.49052,-36.713947,20220923,BENDIGO
T20220021522,2022-09-23,14:40:00,1,Collision with vehicle,5,Friday,132,RIGHT REAR.,1,726949,2,0,1,2,4,7,1,2,T intersection,2,80,Arterial Other,144.368439,-36.808027,20220923,BENDIGO
T20220021536,2022-09-23,18:06:00,6,Vehicle overturned (no collision),5,Friday,174,OUT OF CONTROL ON CARRIAGEWAY (ON STRAIGHT),1,19430,1,0,0,1,0,1,1,1,Cross intersection,3,50,Local Road,144.275064,-36.753271,20220923,BENDIGO
T20220021658,2022-09-25,11:50:00,1,Collision with vehicle,0,Sunday,132,RIGHT REAR.,1,726950,3,0,0,2,2,4,1,5,Not at intersection,3,60,,144.262891,-36.730358,20220925,BENDIGO
T20220021767,2022-09-26,05:55:00,1,Collision with vehicle,1,Monday,173,RIGHT OFF CARRIAGEWAY INTO OBJECT/PARKED VEHICLE,1,782980,2,0,0,1,0,1,1,5,Not at intersection,3,50,Arterial Other,144.206816,-36.5355,20220926,BENDIGO
T20220021720,2022-09-26,12:30:00,4,Collision with a fixed object,1,Monday,181,OFF RIGHT BEND INTO OBJECT/PARKED VEHICLE,1,726282,1,0,0,1,0,1,1,5,Not at intersection,3,100,,144.347731,-36.916281,20220926,BENDIGO
T20220021834,2022-09-27,18:30:00,4,Collision with a fixed object,2,Tuesday,181,OFF RIGHT BEND INTO OBJECT/PARKED VEHICLE,2,786251,1,0,1,0,0,1,1,5,Not at intersection,2,100,Arterial Other,144.737947,-36.941504,20220927,BENDIGO
T20220021870,2022-09-28,14:45:00,5,collision with some other object,3,Wednesday,191,LOAD OR MISSILE STRUCK VEHICLE,1,786264,1,0,1,0,0,1,1,5,Not at intersection,2,100,Arterial Highway,144.706167,-36.850921,20220928,BENDIGO
T20220022155,2022-10-02,11:15:00,1,Collision with vehicle,0,Sunday,110,CROSS TRAFFIC(INTERSECTIONS ONLY),1,59570,2,0,2,0,0,2,1,1,Cross intersection,2,60,Local Road,144.283183,-36.741937,20221002,BENDIGO
T20220022884,2022-10-03,12:15:00,1,Collision with vehicle,1,Monday,130,REAR END(VEHICLES IN SAME LANE),1,51633,2,0,0,1,1,2,2,1,Cross intersection,3,50,Arterial Highway,144.272129,-36.762069,20221003,BENDIGO
T20220022355,2022-10-04,17:13:00,1,Collision with vehicle,2,Tuesday,113,RIGHT NEAR (INTERSECTIONS ONLY),2,19692,2,0,0,2,1,3,1,2,T intersection,3,50,Local Road,144.23927,-36.800302,20221004,BENDIGO
T20220022420,2022-10-05,11:30:00,4,Collision with a fixed object,3,Wednesday,183,OFF LEFT BEND INTO OBJECT/PARKED VEHICLE,1,727961,2,0,0,2,1,3,1,5,Not at intersection,3,60,Local Road,144.292535,-36.753893,20221005,BENDIGO
T20220023926,2022-10-06,15:50:00,4,Collision with a fixed object,4,Thursday,151,OUT OF CONTROL (OVERTAKING),1,731552,1,0,0,1,0,1,1,5,Not at intersection,3,40,Local Road,144.279687,-36.762708,20221006,BENDIGO
T20220022584,2022-10-07,10:35:00,1,Collision with vehicle,6,Friday,130,REAR END(VEHICLES IN SAME LANE),1,727703,4,0,1,2,4,7,1,5,Not at intersection,2,70,,144.242569,-36.802141,20221007,BENDIGO
T20220022989,2022-10-08,19:30:00,6,Vehicle overturned (no collision),7,Saturday,172,OFF CARRIAGEWAY TO RIGHT,9,728837,1,0,0,1,0,1,2,5,Not at intersection,3,999,Local Road,144.275134,-36.79167,20221008,BENDIGO
T20220022721,2022-10-09,11:28:00,1,Collision with vehicle,0,Sunday,140,U TURN,1,727705,2,0,0,5,0,5,1,5,Not at intersection,3,60,,144.250267,-36.769954,20221009,BENDIGO
T20220026406,2022-10-10,13:30:00,1,Collision with vehicle,1,Monday,111,RIGHT FAR (INTERSECTIONS ONLY),9,35815,2,0,0,1,1,2,2,4,Multiple intersection,3,60,Arterial Other,144.292096,-36.769124,20221010,BENDIGO
T20220022812,2022-10-10,17:45:00,1,Collision with vehicle,2,Monday,120,HEAD ON (NOT OVERTAKING),1,731699,3,0,0,1,2,3,1,5,Not at intersection,3,60,,144.250035,-36.769294,20221010,BENDIGO
T20220023002,2022-10-12,17:20:00,4,Collision with a fixed object,3,Wednesday,171,LEFT OFF CARRIAGEWAY INTO OBJECT/PARKED VEHICLE,1,783333,1,0,0,2,3,5,1,5,Not at intersection,3,60,Arterial Highway,144.305129,-36.731123,20221012,BENDIGO
T20220023604,2022-10-14,12:45:00,4,Collision with a fixed object,5,Friday,173,RIGHT OFF CARRIAGEWAY INTO OBJECT/PARKED VEHICLE,1,783369,1,0,0,1,0,1,1,5,Not at intersection,3,50,Local Road,144.512478,-36.61636,20221014,BENDIGO
T20220023309,2022-10-16,20:34:00,1,Collision with vehicle,1,Sunday,110,CROSS TRAFFIC(INTERSECTIONS ONLY),3,51650,2,0,0,2,1,3,1,1,Cross intersection,3,60,Arterial Other,144.273072,-36.7653,20221016,BENDIGO
T20230006117,2022-10-17,20:53:00,1,Collision with vehicle,1,Monday,160,VEHICLE COLLIDES WITH VEHICLE PARKED ON LEFT OF ROAD,6,783058,3,0,0,1,0,1,1,5,Not at intersection,3,60,,144.26012,-36.781249,20221017,BENDIGO
T20220023537,2022-10-19,06:30:00,4,Collision with a fixed object,3,Wednesday,171,LEFT OFF CARRIAGEWAY INTO OBJECT/PARKED VEHICLE,2,760541,1,0,1,0,0,1,1,5,Not at intersection,2,100,Arterial Highway,144.468766,-36.779806,20221019,BENDIGO
T20220025437,2022-10-20,17:30:00,6,Vehicle overturned (no collision),5,Thursday,174,OUT OF CONTROL ON CARRIAGEWAY (ON STRAIGHT),1,787329,1,0,0,1,0,1,2,5,Not at intersection,3,80,,144.30345,-36.800962,20221020,BENDIGO
T20220023785,2022-10-22,10:50:00,4,Collision with a fixed object,7,Saturday,183,OFF LEFT BEND INTO OBJECT/PARKED VEHICLE,1,732645,1,0,1,2,0,3,1,2,T intersection,2,80,,144.249536,-36.635212,20221022,BENDIGO
T20230027376,2022-10-22,22:00:00,8,No collision and no object struck,7,Saturday,198,OTHER ACCIDENTS NOT CLASSIFIABLE ELSEWHERE,5,794996,1,0,0,1,0,1,2,5,Not at intersection,3,100,,144.221694,-36.666685,20221022,BENDIGO
T20240009586,2022-10-22,20:30:00,1,Collision with vehicle,6,Saturday,113,RIGHT NEAR (INTERSECTIONS ONLY),3,801718,2,0,0,1,2,3,1,2,T intersection,3,60,Local Road,144.277769,-36.736879,20221022,BENDIGO
T20220023936,2022-10-24,14:27:00,1,Collision with vehicle,1,Monday,130,REAR END(VEHICLES IN SAME LANE),1,748589,2,0,2,0,2,4,1,5,Not at intersection,2,70,Arterial Highway,144.317589,-36.759635,20221024,BENDIGO
T20220023903,2022-10-24,09:00:00,1,Collision with vehicle,1,Monday,121,RIGHT THROUGH,1,244234,2,0,0,1,1,2,1,1,Cross intersection,3,999,Arterial Highway,144.204157,-36.742226,20221024,BENDIGO
T20220027699,2022-10-24,12:45:00,1,Collision with vehicle,2,Monday,132,RIGHT REAR.,1,779873,2,0,0,1,1,2,2,1,Cross intersection,3,40,Local Road,144.278528,-36.759635,20221024,BENDIGO
T20220025213,2022-10-26,12:00:00,6,Vehicle overturned (no collision),3,Wednesday,170,OFF CARRIAGEWAY TO LEFT,1,734105,1,0,0,1,0,1,2,5,Not at intersection,3,999,,144.350433,-36.545167,20221026,BENDIGO
T20220024099,2022-10-26,08:00:00,1,Collision with vehicle,3,Wednesday,113,RIGHT NEAR (INTERSECTIONS ONLY),1,786846,2,0,1,0,1,2,1,2,T intersection,2,60,,144.281046,-36.751628,20221026,BENDIGO
T20220024278,2022-10-27,21:25:00,1,Collision with vehicle,4,Thursday,110,CROSS TRAFFIC(INTERSECTIONS ONLY),3,51526,2,0,0,2,1,3,1,1,Cross intersection,3,60,Arterial Other,144.261881,-36.728705,20221027,BENDIGO
T20220024208,2022-10-27,09:09:00,1,Collision with vehicle,5,Thursday,130,REAR END(VEHICLES IN SAME LANE),1,779914,3,0,0,1,2,3,1,5,Not at intersection,3,60,Arterial Other,144.309358,-36.774586,20221027,BENDIGO
T20220026237,2022-10-28,18:15:00,1,Collision with vehicle,5,Friday,121,RIGHT THROUGH,1,588708,2,0,0,1,1,2,1,1,Cross intersection,3,60,Arterial Highway,144.268133,-36.758367,20221028,BENDIGO
T20220024617,2022-11-01,11:35:00,6,Vehicle overturned (no collision),2,Tuesday,174,OUT OF CONTROL ON CARRIAGEWAY (ON STRAIGHT),1,186022,1,0,0,1,0,1,2,1,Cross intersection,3,50,Arterial Highway,144.270717,-36.763348,20221101,BENDIGO
T20220024701,2022-11-02,22:30:00,1,Collision with vehicle,3,Wednesday,110,CROSS TRAFFIC(INTERSECTIONS ONLY),3,35770,2,0,0,1,3,4,1,1,Cross intersection,3,50,Arterial Highway,144.278595,-36.7597,20221102,BENDIGO
T20220024716,2022-11-03,08:30:00,1,Collision with vehicle,4,Thursday,130,REAR END(VEHICLES IN SAME LANE),1,733535,2,0,0,1,1,2,1,5,Not at intersection,3,60,Arterial Other,144.316545,-36.740146,20221103,BENDIGO
T20220024847,2022-11-04,16:47:00,1,Collision with vehicle,5,Friday,110,CROSS TRAFFIC(INTERSECTIONS ONLY),1,35770,2,0,0,2,1,3,1,1,Cross intersection,3,50,Arterial Highway,144.278595,-36.7597,20221104,BENDIGO
T20220024979,2022-11-06,00:40:00,1,Collision with vehicle,1,Sunday,136,RIGHT TURN SIDESWIPE,3,44641,2,0,0,1,2,3,1,1,Cross intersection,3,50,Local Road,144.284369,-36.762292,20221106,BENDIGO
T20220027791,2022-11-07,20:30:00,5,collision with some other object,1,Monday,166,STRUCK OBJECT ON CARRIAGEWAY,2,51605,1,0,0,1,0,1,1,1,Cross intersection,3,40,,144.275472,-36.75699,20221107,BENDIGO
T20220025108,2022-11-07,15:45:00,4,Collision with a fixed object,2,Monday,171,LEFT OFF CARRIAGEWAY INTO OBJECT/PARKED VEHICLE,1,225697,1,0,1,1,0,2,1,1,Cross intersection,2,60,Local Road,144.273846,-36.717782,20221107,BENDIGO
T20220025310,2022-11-09,16:50:00,5,collision with some other object,4,Wednesday,191,LOAD OR MISSILE STRUCK VEHICLE,1,734493,3,0,0,1,2,3,1,5,Not at intersection,3,100,,144.383726,-36.868484,20221109,BENDIGO
T20220025394,2022-11-10,14:41:00,1,Collision with vehicle,4,Thursday,113,RIGHT NEAR (INTERSECTIONS ONLY),1,734689,2,0,0,1,1,2,1,2,T intersection,3,50,,144.261475,-36.737761,20221110,BENDIGO
T20220025486,2022-11-11,12:58:00,4,Collision with a fixed object,5,Friday,173,RIGHT OFF CARRIAGEWAY INTO OBJECT/PARKED VEHICLE,1,738622,1,0,0,1,0,1,1,5,Not at intersection,3,40,Local Road,144.27931,-36.754394,20221111,BENDIGO
T20220026046,2022-11-18,06:48:00,1,Collision with vehicle,6,Friday,111,RIGHT FAR (INTERSECTIONS ONLY),1,59605,2,0,0,2,0,2,2,1,Cross intersection,3,50,Local Road,144.269327,-36.746254,20221118,BENDIGO
T20220026175,2022-11-19,11:18:00,1,Collision with vehicle,7,Saturday,120,HEAD ON (NOT OVERTAKING),1,737961,2,0,0,2,1,3,1,5,Not at intersection,3,50,Arterial Highway,144.134198,-36.73597,20221119,BENDIGO
T20220026398,2022-11-21,17:00:00,6,Vehicle overturned (no collision),1,Monday,174,OUT OF CONTROL ON CARRIAGEWAY (ON STRAIGHT),1,742106,1,0,1,0,0,1,1,5,Not at intersection,2,60,Local Road,144.323338,-36.700208,20221121,BENDIGO
T20220027595,2022-11-21,12:09:00,1,Collision with vehicle,2,Monday,110,CROSS TRAFFIC(INTERSECTIONS ONLY),1,51717,2,0,0,1,3,4,1,1,Cross intersection,3,60,,144.240831,-36.788699,20221121,BENDIGO
T20230005152,2022-11-22,08:00:00,1,Collision with vehicle,2,Tuesday,130,REAR END(VEHICLES IN SAME LANE),1,778193,2,0,0,1,1,2,2,2,T intersection,3,60,Arterial Other,144.296471,-36.742231,20221122,BENDIGO
T20220026641,2022-11-24,17:50:00,1,Collision with vehicle,4,Thursday,110,CROSS TRAFFIC(INTERSECTIONS ONLY),1,51526,3,0,0,2,1,3,1,1,Cross intersection,3,60,Arterial Other,144.261881,-36.728705,20221124,BENDIGO
T20220026600,2022-11-24,10:14:00,1,Collision with vehicle,4,Thursday,110,CROSS TRAFFIC(INTERSECTIONS ONLY),1,51671,2,0,0,1,1,2,1,1,Cross intersection,3,60,Local Road,144.291599,-36.770442,20221124,BENDIGO
T20220026593,2022-11-24,09:06:00,4,Collision with a fixed object,5,Thursday,171,LEFT OFF CARRIAGEWAY INTO OBJECT/PARKED VEHICLE,1,765419,1,0,1,0,0,1,1,5,Not at intersection,2,60,Arterial Highway,144.267881,-36.765884,20221124,BENDIGO
T20220027138,2022-11-25,14:30:00,8,No collision and no object struck,6,Friday,174,OUT OF CONTROL ON CARRIAGEWAY (ON STRAIGHT),1,740102,1,0,0,1,0,1,2,5,Not at intersection,3,100,Local Road,144.755956,-36.954716,20221125,BENDIGO
T20220026932,2022-11-27,18:38:00,4,Collision with a fixed object,0,Sunday,181,OFF RIGHT BEND INTO OBJECT/PARKED VEHICLE,1,756398,1,0,0,1,1,2,2,5,Not at intersection,3,40,,144.302336,-36.804761,20221127,BENDIGO
T20220028045,2022-11-30,15:20:00,1,Collision with vehicle,3,Wednesday,130,REAR END(VEHICLES IN SAME LANE),1,740886,2,0,0,1,1,2,2,2,T intersection,3,999,Local Road,144.295563,-36.751274,20221130,BENDIGO
T20220027113,2022-11-30,14:27:00,1,Collision with vehicle,4,Wednesday,130,REAR END(VEHICLES IN SAME LANE),1,764478,2,0,1,0,2,3,1,5,Not at intersection,2,60,Arterial Other,144.280816,-36.748438,20221130,BENDIGO
T20220027189,2022-12-01,08:42:00,1,Collision with vehicle,4,Thursday,140,U TURN,1,738859,2,0,0,1,1,2,1,5,Not at intersection,3,60,Arterial Other,144.280448,-36.75194,20221201,BENDIGO
T20220027330,2022-12-02,13:04:00,1,Collision with vehicle,6,Friday,160,VEHICLE COLLIDES WITH VEHICLE PARKED ON LEFT OF ROAD,1,775689,2,0,0,1,0,1,1,5,Not at intersection,3,60,,144.292253,-36.766478,20221202,BENDIGO
T20230009985,2022-12-02,10:15:00,6,Vehicle overturned (no collision),6,Friday,172,OFF CARRIAGEWAY TO RIGHT,1,773805,1,0,1,0,0,1,2,5,Not at intersection,2,100,,144.823772,-36.862405,20221202,BENDIGO