ACCIDENT_NO,ACCIDENT_DATE,ACCIDENT_TIME,ACCIDENT_TYPE,ACCIDENT_TYPE_DESC,DAY_OF_WEEK,DAY_WEEK_DESC,DCA_CODE,DCA_DESC,LIGHT_CONDITION,NODE_ID,NO_OF_VEHICLES,NO_PERSONS_KILLED,NO_PERSONS_INJ_2,NO_PERSONS_INJ_3,NO_PERSONS_NOT_INJ,NO_PERSONS,POLICE_ATTEND,ROAD_GEOMETRY,ROAD_GEOMETRY_DESC,SEVERITY,SPEED_ZONE,RMA, LAT, LONG, DATE, COUNCIL
T20220027455,2022-12-03,20:30:00,4,Collision with a fixed object,7,Saturday,183,OFF LEFT BEND INTO OBJECT/PARKED VEHICLE,2,740143,1,0,1,0,0,1,1,5,Not at intersection,2,80,Arterial Other,144.69218,-36.918726,20221203,BENDIGO
T20220027507,2022-12-04,15:30:00,4,Collision with a fixed object,1,Sunday,181,OFF RIGHT BEND INTO OBJECT/PARKED VEHICLE,1,797602,1,0,1,0,0,1,1,5,Not at intersection,2,100,,144.810488,-36.864414,20221204,BENDIGO
T20220028723,2022-12-07,15:30:00,4,Collision with a fixed object,3,Wednesday,179,OTHER ACCIDENTS-OFF STRAIGHT NOT INCLUDED IN DCAs 170-175,1,763485,1,0,0,1,0,1,2,5,Not at intersection,3,60,Local Road,144.316353,-36.705179,20221207,BENDIGO
T20220027781,2022-12-07,16:28:00,8,No collision and no object struck,4,Wednesday,174,OUT OF CONTROL ON CARRIAGEWAY (ON STRAIGHT),1,744803,1,0,0,1,0,1,1,5,Not at intersection,3,100,Arterial Highway,144.228787,-36.850779,20221207,BENDIGO
T20230004309,2022-12-08,18:00:00,1,Collision with vehicle,4,Thursday,130,REAR END(VEHICLES IN SAME LANE),9,51709,3,0,0,1,2,3,1,2,T intersection,3,60,Arterial Highway,144.247599,-36.783389,20221208,BENDIGO
T20230001171,2022-12-09,19:15:00,1,Collision with vehicle,6,Friday,116,LEFT NEAR (INTERSECTIONS ONLY),9,51569,2,0,0,1,1,2,2,2,T intersection,3,60,Arterial Highway,144.258748,-36.749473,20221209,BENDIGO
T20220027930,2022-12-09,04:00:00,4,Collision with a fixed object,5,Friday,173,RIGHT OFF CARRIAGEWAY INTO OBJECT/PARKED VEHICLE,5,740596,1,0,0,1,0,1,1,5,Not at intersection,3,60,Local Road,144.28817,-36.724884,20221209,BENDIGO
T20220028157,2022-12-11,15:00:00,4,Collision with a fixed object,1,Sunday,175,OFF END OF ROAD/T-INTERSECTION.,1,51556,1,0,0,1,3,4,1,2,T intersection,3,60,Arterial Other,144.290258,-36.744434,20221211,BENDIGO
T20230001716,2022-12-13,15:42:00,1,Collision with vehicle,3,Tuesday,147,VEHICLE STRIKES ANOTHER VEH WHILE EMERGING FROM DRIVEWAY,1,762380,2,0,0,1,1,2,1,5,Not at intersection,3,50,Local Road,144.353942,-36.801941,20221213,BENDIGO
T20220028420,2022-12-13,14:30:00,2,Struck Pedestrian,3,Tuesday,107,PED ON FOOTHPATH STRUCK BY VEHENTERING/LEAVING DRIVEWAY.,1,753238,1,0,1,0,1,2,1,5,Not at intersection,2,50,Arterial Highway,144.712138,-36.927543,20221213,BENDIGO
T20220028674,2022-12-16,17:42:00,6,Vehicle overturned (no collision),6,Friday,184,OUT OF CONTROL ON CARRIAGEWAY (ON BEND),1,19517,2,0,0,1,1,2,1,2,T intersection,3,60,Arterial Other,144.25283,-36.751469,20221216,BENDIGO
T20220028696,2022-12-16,13:10:00,1,Collision with vehicle,6,Friday,110,CROSS TRAFFIC(INTERSECTIONS ONLY),1,742123,2,0,0,2,0,2,1,1,Cross intersection,3,50,Local Road,144.316394,-36.772626,20221216,BENDIGO
T20220028842,2022-12-19,06:30:00,1,Collision with vehicle,1,Monday,110,CROSS TRAFFIC(INTERSECTIONS ONLY),1,35770,2,0,1,0,1,2,1,1,Cross intersection,2,50,Arterial Highway,144.278595,-36.7597,20221219,BENDIGO
T20230004975,2022-12-19,15:52:00,8,No collision and no object struck,1,Monday,169,OTHER ON PATH,1,55272,1,0,0,1,0,1,2,2,T intersection,3,60,Arterial Other,144.273775,-36.776043,20221219,BENDIGO
T20220029031,2022-12-20,17:04:00,1,Collision with vehicle,3,Tuesday,121,RIGHT THROUGH,1,744177,2,0,0,1,2,3,1,5,Not at intersection,3,60,Arterial Other,144.264518,-36.733219,20221220,BENDIGO
T20220029133,2022-12-21,16:30:00,5,collision with some other object,4,Wednesday,166,STRUCK OBJECT ON CARRIAGEWAY,1,776466,1,0,1,1,0,2,1,5,Not at intersection,2,100,Local Road,144.511515,-36.985701,20221221,BENDIGO
T20220029397,2022-12-24,15:05:00,4,Collision with a fixed object,6,Saturday,181,OFF RIGHT BEND INTO OBJECT/PARKED VEHICLE,1,744179,1,0,0,1,0,1,1,5,Not at intersection,3,100,Arterial Other,144.479252,-36.942606,20221224,BENDIGO
T20220029454,2022-12-25,15:50:00,1,Collision with vehicle,1,Sunday,140,U TURN,1,744181,2,0,0,2,4,6,1,5,Not at intersection,3,60,Arterial Highway,144.250972,-36.778993,20221225,BENDIGO
T20230013698,2022-12-26,13:00:00,8,No collision and no object struck,1,Monday,174,OUT OF CONTROL ON CARRIAGEWAY (ON STRAIGHT),1,776481,1,0,0,1,0,1,2,5,Not at intersection,3,50,Local Road,144.268438,-36.750736,20221226,BENDIGO
T20220029768,2022-12-30,07:58:00,3,Struck animal,5,Friday,167,STRUCK ANIMAL,1,744829,1,0,0,1,0,1,1,5,Not at intersection,3,100,Local Road,144.329747,-36.624342,20221230,BENDIGO
T20230001143,2023-01-02,22:00:00,1,Collision with vehicle,2,Monday,110,CROSS TRAFFIC(INTERSECTIONS ONLY),3,59749,2,0,0,1,1,2,2,1,Cross intersection,3,60,Local Road,144.261792,-36.767122,20230102,BENDIGO
T20230006671,2023-01-04,08:20:00,1,Collision with vehicle,3,Wednesday,130,REAR END(VEHICLES IN SAME LANE),1,51750,2,0,0,1,1,2,2,1,Cross intersection,3,80,Local Road,144.302781,-36.826515,20230104,BENDIGO
T20230000891,2023-01-05,16:00:00,1,Collision with vehicle,5,Thursday,140,U TURN,1,777093,2,0,0,1,1,2,2,5,Not at intersection,3,50,Local Road,144.261836,-36.771914,20230105,BENDIGO
T20230000339,2023-01-06,08:00:00,1,Collision with vehicle,6,Friday,120,HEAD ON (NOT OVERTAKING),1,746194,2,1,0,1,0,2,1,5,Not at intersection,1,100,Arterial Highway,144.66304,-36.885341,20230106,BENDIGO
T20230000966,2023-01-14,08:15:00,8,No collision and no object struck,6,Saturday,130,REAR END(VEHICLES IN SAME LANE),1,783476,2,0,0,1,0,1,1,5,Not at intersection,3,30,Local Road,144.385166,-36.861066,20230114,BENDIGO
T20230001048,2023-01-15,11:40:00,1,Collision with vehicle,0,Sunday,121,RIGHT THROUGH,1,59490,2,0,0,1,1,2,2,2,T intersection,3,50,Arterial Highway,144.250408,-36.717676,20230115,BENDIGO
T20230001176,2023-01-16,14:30:00,1,Collision with vehicle,1,Monday,139,OTHER SAME DIRECTION-MANOUEVRES NOT INCLUDED IN DCAs 130-137,1,783592,2,0,0,1,1,2,1,5,Not at intersection,3,100,,144.293279,-36.929247,20230116,BENDIGO
T20230001409,2023-01-17,16:20:00,8,No collision and no object struck,3,Tuesday,172,OFF CARRIAGEWAY TO RIGHT,1,754888,2,0,0,1,1,2,1,5,Not at intersection,3,60,Arterial Highway,144.309438,-36.725572,20230117,BENDIGO
T20230001483,2023-01-17,11:30:00,1,Collision with vehicle,2,Tuesday,130,REAR END(VEHICLES IN SAME LANE),1,749356,2,0,0,1,1,2,2,1,Cross intersection,3,50,Local Road,144.286969,-36.747071,20230117,BENDIGO
T20230001321,2023-01-18,18:00:00,4,Collision with a fixed object,3,Wednesday,171,LEFT OFF CARRIAGEWAY INTO OBJECT/PARKED VEHICLE,1,787369,1,0,1,0,0,1,1,5,Not at intersection,2,100,,144.689662,-36.932034,20230118,BENDIGO
T20230001306,2023-01-18,14:42:00,1,Collision with vehicle,4,Wednesday,121,RIGHT THROUGH,1,51916,2,0,0,2,0,2,1,1,Cross intersection,3,70,Arterial Highway,144.316158,-36.705155,20230118,BENDIGO
T20230001343,2023-01-19,00:15:00,1,Collision with vehicle,5,Thursday,121,RIGHT THROUGH,3,44630,2,0,0,3,0,3,1,1,Cross intersection,3,60,Arterial Highway,144.270579,-36.763471,20230119,BENDIGO
T20230001376,2023-01-19,12:30:00,1,Collision with vehicle,4,Thursday,134,LANE CHANGE RIGHT (NOT OVERTAKING),1,760890,2,0,0,1,1,2,1,5,Not at intersection,3,50,,144.280797,-36.757971,20230119,BENDIGO
T20230001530,2023-01-20,16:13:00,1,Collision with vehicle,5,Friday,110,CROSS TRAFFIC(INTERSECTIONS ONLY),1,225697,2,0,0,1,1,2,2,1,Cross intersection,3,60,Local Road,144.273846,-36.717782,20230120,BENDIGO
T20230001475,2023-01-20,08:30:00,1,Collision with vehicle,5,Friday,130,REAR END(VEHICLES IN SAME LANE),1,760587,2,0,0,1,1,2,2,5,Not at intersection,3,80,Arterial Highway,144.356706,-36.77271,20230120,BENDIGO
T20230001479,2023-01-20,09:30:00,1,Collision with vehicle,6,Friday,147,VEHICLE STRIKES ANOTHER VEH WHILE EMERGING FROM DRIVEWAY,1,775244,2,0,0,1,1,2,2,5,Not at intersection,3,777,Arterial Highway,144.605236,-36.499251,20230120,BENDIGO
T20230001873,2023-01-24,18:21:00,1,Collision with vehicle,2,Tuesday,110,CROSS TRAFFIC(INTERSECTIONS ONLY),1,288498,2,0,0,1,1,2,1,1,Cross intersection,3,50,Arterial Highway,144.278355,-36.75947,20230124,BENDIGO
T20230002278,2023-01-29,19:53:00,1,Collision with vehicle,1,Sunday,139,OTHER SAME DIRECTION-MANOUEVRES NOT INCLUDED IN DCAs 130-137,1,752484,2,0,0,1,1,2,1,5,Not at intersection,3,60,Local Road,144.317068,-36.715307,20230129,BENDIGO
T20230002351,2023-01-30,19:00:00,4,Collision with a fixed object,1,Monday,171,LEFT OFF CARRIAGEWAY INTO OBJECT/PARKED VEHICLE,1,751385,1,0,0,1,0,1,1,1,Cross intersection,3,60,,144.350993,-36.662983,20230130,BENDIGO
T20230002528,2023-01-31,05:40:00,3,Struck animal,3,Tuesday,167,STRUCK ANIMAL,2,751720,1,0,0,2,0,2,2,5,Not at intersection,3,100,Arterial Highway,144.408733,-36.771761,20230131,BENDIGO
T20230002377,2023-01-31,08:37:00,1,Collision with vehicle,3,Tuesday,132,RIGHT REAR.,1,51675,2,0,0,4,0,4,1,2,T intersection,3,100,Arterial Highway,144.134859,-36.769845,20230131,BENDIGO
T20230002487,2023-02-01,08:25:00,2,Struck Pedestrian,4,Wednesday,102,FAR SIDE. PED HIT BY VEHICLE FROM THE LEFT,1,59730,2,0,1,0,2,3,1,1,Cross intersection,2,60,Local Road,144.292334,-36.763694,20230201,BENDIGO
T20230002670,2023-02-02,22:06:00,1,Collision with vehicle,4,Thursday,121,RIGHT THROUGH,3,19417,2,0,0,1,1,2,1,1,Cross intersection,3,60,Arterial Other,144.266885,-36.735703,20230202,BENDIGO
T20230002740,2023-02-03,17:30:00,1,Collision with vehicle,6,Friday,140,U TURN,1,752286,2,0,1,1,0,2,1,2,T intersection,2,60,Arterial Other,144.235165,-36.796642,20230203,BENDIGO
T20230002852,2023-02-05,13:20:00,3,Struck animal,1,Sunday,167,STRUCK ANIMAL,1,760580,1,0,1,1,0,2,1,5,Not at intersection,2,100,Local Road,144.731344,-36.887085,20230205,BENDIGO
T20230003968,2023-02-09,21:40:00,4,Collision with a fixed object,5,Thursday,173,RIGHT OFF CARRIAGEWAY INTO OBJECT/PARKED VEHICLE,5,755498,1,0,0,2,0,2,2,5,Not at intersection,3,999,,144.269014,-36.652145,20230209,BENDIGO
T20230006160,2023-02-10,22:30:00,4,Collision with a fixed object,6,Friday,164,PERMANENT OBSTRUCTION ON CARRIAGEWAY,5,761165,1,0,0,2,0,2,2,5,Not at intersection,3,888,,144.56857,-36.724584,20230210,BENDIGO
T20230004101,2023-02-11,10:00:00,4,Collision with a fixed object,6,Saturday,146,REVERSING INTO FIXED OBJECT/PARKED VEHICLE,1,759708,1,0,0,1,0,1,2,5,Not at intersection,3,999,Local Road,144.253645,-36.717822,20230211,BENDIGO
T20230003681,2023-02-11,10:05:00,2,Struck Pedestrian,6,Saturday,109,ANY MANOEUVRE INVOLVING PED NOT INCLUDED IN DCAs 100-108.,1,767721,1,0,1,0,1,2,1,5,Not at intersection,2,50,Arterial Highway,144.608574,-36.494473,20230211,BENDIGO
T20230003977,2023-02-11,19:30:00,6,Vehicle overturned (no collision),7,Saturday,184,OUT OF CONTROL ON CARRIAGEWAY (ON BEND),2,270301,1,0,1,1,0,2,9,3,Y intersection,2,80,,144.565894,-36.934966,20230211,BENDIGO
T20230003686,2023-02-15,14:05:00,1,Collision with vehicle,4,Wednesday,140,U TURN,1,756822,2,0,2,1,1,4,1,5,Not at intersection,2,60,Local Road,144.291939,-36.76954,20230215,BENDIGO
T20230004104,2023-02-15,07:45:00,1,Collision with vehicle,4,Wednesday,130,REAR END(VEHICLES IN SAME LANE),1,778374,2,0,0,1,1,2,2,5,Not at intersection,3,40,Arterial Highway,144.509393,-36.791258,20230215,BENDIGO
T20230003852,2023-02-17,11:20:00,4,Collision with a fixed object,6,Friday,183,OFF LEFT BEND INTO OBJECT/PARKED VEHICLE,1,770595,1,0,1,0,0,1,2,5,Not at intersection,2,999,Local Road,144.685591,-36.938819,20230217,BENDIGO
T20230004254,2023-02-21,14:20:00,6,Vehicle overturned (no collision),2,Tuesday,174,OUT OF CONTROL ON CARRIAGEWAY (ON STRAIGHT),1,760576,1,0,1,0,0,1,1,5,Not at intersection,2,50,Local Road,144.7144,-36.929001,20230221,BENDIGO
T20230004430,2023-02-23,12:30:00,1,Collision with vehicle,4,Thursday,160,VEHICLE COLLIDES WITH VEHICLE PARKED ON LEFT OF ROAD,1,779853,2,0,1,0,0,1,1,5,Not at intersection,2,60,Local Road,144.278496,-36.711048,20230223,BENDIGO
T20230004487,2023-02-23,20:15:00,1,Collision with vehicle,4,Thursday,110,CROSS TRAFFIC(INTERSECTIONS ONLY),3,59505,2,0,0,2,0,2,1,1,Cross intersection,3,50,Local Road,144.25894,-36.722363,20230223,BENDIGO
T20230004486,2023-02-24,00:30:00,4,Collision with a fixed object,5,Friday,171,LEFT OFF CARRIAGEWAY INTO OBJECT/PARKED VEHICLE,3,773749,1,0,0,1,0,1,1,2,T intersection,3,60,Local Road,144.249142,-36.7076,20230224,BENDIGO
T20230004754,2023-02-25,15:30:00,6,Vehicle overturned (no collision),7,Saturday,174,OUT OF CONTROL ON CARRIAGEWAY (ON STRAIGHT),1,757878,1,0,0,1,0,1,2,2,T intersection,3,999,Local Road,144.254439,-36.702128,20230225,BENDIGO
T20230004871,2023-02-28,13:52:00,4,Collision with a fixed object,2,Tuesday,171,LEFT OFF CARRIAGEWAY INTO OBJECT/PARKED VEHICLE,1,760942,1,0,1,0,0,1,1,1,Cross intersection,2,60,Local Road,144.253713,-36.776631,20230228,BENDIGO
T20230008104,2023-03-01,08:30:00,1,Collision with vehicle,3,Wednesday,130,REAR END(VEHICLES IN SAME LANE),1,777836,2,0,0,1,3,4,2,5,Not at intersection,3,50,Arterial Other,144.272466,-36.756088,20230301,BENDIGO
T20230006663,2023-03-02,09:30:00,1,Collision with vehicle,5,Thursday,130,REAR END(VEHICLES IN SAME LANE),9,779365,3,0,0,1,2,3,2,5,Not at intersection,3,999,Arterial Highway,144.28627,-36.754044,20230302,BENDIGO
T20230024503,2023-03-02,14:00:00,1,Collision with vehicle,4,Thursday,130,REAR END(VEHICLES IN SAME LANE),1,783779,3,0,0,1,2,3,1,5,Not at intersection,3,40,Local Road,144.266322,-36.721194,20230302,BENDIGO
T20230005151,2023-03-03,13:45:00,1,Collision with vehicle,6,Friday,160,VEHICLE COLLIDES WITH VEHICLE PARKED ON LEFT OF ROAD,1,758642,2,0,1,0,0,1,2,5,Not at intersection,2,60,Local Road,144.274288,-36.77601,20230303,BENDIGO
T20230005202,2023-03-04,12:20:00,8,No collision and no object struck,6,Saturday,174,OUT OF CONTROL ON CARRIAGEWAY (ON STRAIGHT),1,51595,1,0,0,1,0,1,1,1,Cross intersection,3,60,Arterial Highway,144.263662,-36.755656,20230304,BENDIGO
T20230005250,2023-03-04,17:20:00,6,Vehicle overturned (no collision),6,Saturday,174,OUT OF CONTROL ON CARRIAGEWAY (ON STRAIGHT),1,777468,2,0,1,0,2,3,1,5,Not at intersection,2,60,Local Road,144.29066,-36.742249,20230304,BENDIGO
T20230005268,2023-03-04,11:30:00,8,No collision and no object struck,7,Saturday,174,OUT OF CONTROL ON CARRIAGEWAY (ON STRAIGHT),1,787905,1,0,1,0,0,1,1,5,Not at intersection,2,888,Local Road,144.350332,-36.669311,20230304,BENDIGO
T20230005323,2023-03-06,08:45:00,2,Struck Pedestrian,2,Monday,107,PED ON FOOTHPATH STRUCK BY VEHENTERING/LEAVING DRIVEWAY.,1,759022,1,0,0,1,1,2,1,5,Not at intersection,3,999,Local Road,144.305736,-36.729451,20230306,BENDIGO
T20230006340,2023-03-07,06:55:00,3,Struck animal,2,Tuesday,167,STRUCK ANIMAL,2,781700,1,0,0,1,0,1,2,5,Not at intersection,3,999,Local Road,144.344414,-36.695639,20230307,BENDIGO
T20230005536,2023-03-08,08:20:00,4,Collision with a fixed object,4,Wednesday,171,LEFT OFF CARRIAGEWAY INTO OBJECT/PARKED VEHICLE,1,783945,1,0,1,1,1,3,1,2,T intersection,2,50,Local Road,144.270621,-36.723995,20230308,BENDIGO
T20230005664,2023-03-08,20:15:00,8,No collision and no object struck,3,Wednesday,180,OFF CARRIAGEWAY ON RIGHT BEND,2,780736,1,0,0,1,0,1,2,1,Cross intersection,3,50,Local Road,144.224446,-36.803609,20230308,BENDIGO
T20230005704,2023-03-09,18:20:00,1,Collision with vehicle,5,Thursday,110,CROSS TRAFFIC(INTERSECTIONS ONLY),1,59609,2,0,2,2,0,4,1,1,Cross intersection,2,50,Local Road,144.267448,-36.746817,20230309,BENDIGO
T20230005671,2023-03-09,15:25:00,1,Collision with vehicle,4,Thursday,121,RIGHT THROUGH,1,760568,2,0,0,1,1,2,1,5,Not at intersection,3,50,Local Road,144.294134,-36.774446,20230309,BENDIGO
T20230006765,2023-03-10,22:00:00,1,Collision with vehicle,5,Friday,121,RIGHT THROUGH,3,49321,2,0,0,1,3,4,1,1,Cross intersection,3,60,Arterial Other,144.305216,-36.773247,20230310,BENDIGO
T20230007910,2023-03-10,18:49:00,4,Collision with a fixed object,6,Friday,171,LEFT OFF CARRIAGEWAY INTO OBJECT/PARKED VEHICLE,1,723134,1,0,0,1,0,1,1,5,Not at intersection,3,60,Arterial Other,144.283882,-36.752268,20230310,BENDIGO
T20230007390,2023-03-10,09:07:00,1,Collision with vehicle,5,Friday,130,REAR END(VEHICLES IN SAME LANE),1,780426,4,0,0,1,5,6,1,5,Not at intersection,3,60,Arterial Highway,144.293771,-36.745856,20230310,BENDIGO
T20230020363,2023-03-11,09:00:00,1,Collision with vehicle,7,Saturday,132,RIGHT REAR.,2,780032,2,0,0,2,4,6,2,5,Not at intersection,3,60,Arterial Highway,144.509181,-36.613857,20230311,BENDIGO
T20230009794,2023-03-12,01:30:00,3,Struck animal,0,Sunday,167,STRUCK ANIMAL,5,780751,1,0,0,1,1,2,1,5,Not at intersection,3,80,Local Road,144.322459,-36.814405,20230312,BENDIGO
T20230006071,2023-03-13,15:00:00,8,No collision and no object struck,1,Monday,184,OUT OF CONTROL ON CARRIAGEWAY (ON BEND),1,775183,1,0,1,0,0,1,2,5,Not at intersection,2,999,Local Road,144.262325,-36.816985,20230313,BENDIGO
T20230006157,2023-03-14,22:30:00,4,Collision with a fixed object,3,Tuesday,181,OFF RIGHT BEND INTO OBJECT/PARKED VEHICLE,5,775262,1,0,0,1,1,2,1,5,Not at intersection,3,80,Local Road,144.322317,-36.789743,20230314,BENDIGO
T20230006356,2023-03-15,22:00:00,2,Struck Pedestrian,3,Wednesday,103,PED PLAYING/LYING/WORKING/STANDING ON CARRIAGEWAY.,3,776748,3,0,0,1,2,3,2,5,Not at intersection,3,60,Arterial Other,144.279541,-36.747789,20230315,BENDIGO
T20230006170,2023-03-15,08:30:00,2,Struck Pedestrian,4,Wednesday,102,FAR SIDE. PED HIT BY VEHICLE FROM THE LEFT,1,761122,1,0,0,1,1,2,1,5,Not at intersection,3,60,Local Road,144.319923,-36.705623,20230315,BENDIGO
T20230006768,2023-03-16,11:50:00,1,Collision with vehicle,4,Thursday,130,REAR END(VEHICLES IN SAME LANE),1,765303,2,0,0,1,1,2,2,5,Not at intersection,3,60,Arterial Highway,144.290924,-36.749553,20230316,BENDIGO
T20230006271,2023-03-16,12:30:00,4,Collision with a fixed object,5,Thursday,173,RIGHT OFF CARRIAGEWAY INTO OBJECT/PARKED VEHICLE,1,761266,1,0,0,1,1,2,1,5,Not at intersection,3,50,Local Road,144.255383,-36.759705,20230316,BENDIGO
T20230006276,2023-03-16,08:30:00,4,Collision with a fixed object,4,Thursday,175,OFF END OF ROAD/T-INTERSECTION.,1,775128,1,0,1,0,0,1,1,2,T intersection,2,80,Local Road,144.139664,-36.700125,20230316,BENDIGO
T20230006452,2023-03-18,12:15:00,6,Vehicle overturned (no collision),6,Saturday,184,OUT OF CONTROL ON CARRIAGEWAY (ON BEND),1,763958,1,0,0,1,0,1,1,5,Not at intersection,3,100,Arterial Highway,144.120692,-36.725811,20230318,BENDIGO
T20230006457,2023-03-18,14:42:00,7,Fall from or in moving vehicle,6,Saturday,190,FELL IN/FROM VEHICLE,1,51695,1,0,0,2,0,2,1,2,T intersection,3,60,Arterial Other,144.247991,-36.777503,20230318,BENDIGO
T20230006560,2023-03-20,04:30:00,4,Collision with a fixed object,1,Monday,171,LEFT OFF CARRIAGEWAY INTO OBJECT/PARKED VEHICLE,5,776780,1,0,1,0,0,1,2,5,Not at intersection,2,100,,144.569003,-36.583113,20230320,BENDIGO
T20230006813,2023-03-22,20:09:00,4,Collision with a fixed object,4,Wednesday,171,LEFT OFF CARRIAGEWAY INTO OBJECT/PARKED VEHICLE,5,769775,1,0,1,0,0,1,1,5,Not at intersection,2,100,,144.375234,-36.487219,20230322,BENDIGO
T20230006863,2023-03-23,11:04:00,1,Collision with vehicle,4,Thursday,113,RIGHT NEAR (INTERSECTIONS ONLY),1,51521,2,0,0,1,1,2,1,1,Cross intersection,3,60,Arterial Highway,144.309004,-36.726132,20230323,BENDIGO
T20230006971,2023-03-24,07:17:00,1,Collision with vehicle,6,Friday,113,RIGHT NEAR (INTERSECTIONS ONLY),2,773816,2,0,0,1,3,4,1,2,T intersection,3,60,Arterial Other,144.315311,-36.742693,20230324,BENDIGO
T20230007108,2023-03-25,06:45:00,1,Collision with vehicle,7,Saturday,130,REAR END(VEHICLES IN SAME LANE),3,763366,2,0,0,1,1,2,2,5,Not at intersection,3,60,Local Road,144.244278,-36.782417,20230325,BENDIGO
T20230007238,2023-03-27,17:50:00,4,Collision with a fixed object,2,Monday,171,LEFT OFF CARRIAGEWAY INTO OBJECT/PARKED VEHICLE,1,51713,1,0,0,1,0,1,1,1,Cross intersection,3,60,Arterial Highway,144.246673,-36.785355,20230327,BENDIGO
T20230020084,2023-03-28,16:15:00,1,Collision with vehicle,3,Tuesday,130,REAR END(VEHICLES IN SAME LANE),1,779937,5,0,0,2,4,6,1,5,Not at intersection,3,60,Arterial Highway,144.316778,-36.701944,20230328,BENDIGO
T20230007499,2023-03-29,12:35:00,1,Collision with vehicle,4,Wednesday,130,REAR END(VEHICLES IN SAME LANE),1,773620,4,0,0,1,4,5,1,5,Not at intersection,3,60,Arterial Highway,144.249141,-36.781291,20230329,BENDIGO
T20230007496,2023-03-30,11:35:00,1,Collision with vehicle,5,Thursday,121,RIGHT THROUGH,1,51903,3,0,1,1,2,4,2,1,Cross intersection,2,80,Arterial Highway,144.317907,-36.695965,20230330,BENDIGO
T20230007555,2023-03-30,22:10:00,2,Struck Pedestrian,5,Thursday,102,FAR SIDE. PED HIT BY VEHICLE FROM THE LEFT,3,773701,2,0,1,0,2,3,1,5,Not at intersection,2,60,Local Road,144.284798,-36.786498,20230330,BENDIGO
T20230009808,2023-03-31,08:30:00,1,Collision with vehicle,6,Friday,124,RIGHT/RIGHT BOTH VEHs FROM OPPOSITE DIRECTIONS TURNING RIGHT,1,51703,2,0,0,1,1,2,1,1,Cross intersection,3,60,Arterial Other,144.253813,-36.780686,20230331,BENDIGO
T20230007605,2023-03-31,15:15:00,1,Collision with vehicle,6,Friday,132,RIGHT REAR.,1,51614,2,0,1,1,0,2,1,2,T intersection,2,60,Arterial Highway,144.256617,-36.758552,20230331,BENDIGO
T20230007822,2023-04-03,10:35:00,4,Collision with a fixed object,1,Monday,141,U TURN INTO FIXED OBJECT/PARKED VEHICLE,1,784299,1,0,0,1,0,1,1,5,Not at intersection,3,50,Arterial Highway,144.709049,-36.922143,20230403,BENDIGO
T20230007835,2023-04-03,12:25:00,1,Collision with vehicle,2,Monday,169,OTHER ON PATH,1,766884,2,0,1,0,0,1,1,5,Not at intersection,2,60,Arterial Other,144.253684,-36.74677,20230403,BENDIGO
T20230008639,2023-04-05,19:30:00,3,Struck animal,3,Wednesday,167,STRUCK ANIMAL,5,782708,1,0,1,0,0,1,2,5,Not at intersection,2,100,Local Road,144.367636,-36.678679,20230405,BENDIGO
T20230008136,2023-04-05,10:55:00,1,Collision with vehicle,4,Wednesday,130,REAR END(VEHICLES IN SAME LANE),1,51584,3,0,0,1,2,3,1,2,T intersection,3,60,Local Road,144.294246,-36.752285,20230405,BENDIGO
T20230008177,2023-04-06,20:35:00,4,Collision with a fixed object,5,Thursday,179,OTHER ACCIDENTS-OFF STRAIGHT NOT INCLUDED IN DCAs 170-175,3,773761,1,0,1,0,0,1,1,5,Not at intersection,2,50,Local Road,144.28336,-36.762291,20230406,BENDIGO
T20230008170,2023-04-06,20:00:00,4,Collision with a fixed object,5,Thursday,179,OTHER ACCIDENTS-OFF STRAIGHT NOT INCLUDED IN DCAs 170-175,3,773762,1,0,1,1,1,3,1,5,Not at intersection,2,50,Arterial Other,144.282979,-36.749817,20230406,BENDIGO
T20230008123,2023-04-06,06:54:00,1,Collision with vehicle,5,Thursday,142,LEAVING PARKING,2,788040,2,0,1,0,1,2,1,5,Not at intersection,2,60,Arterial Highway,144.254164,-36.776086,20230406,BENDIGO
T20230008223,2023-04-07,11:35:00,1,Collision with vehicle,6,Friday,121,RIGHT THROUGH,1,51650,2,0,0,4,0,4,1,1,Cross intersection,3,50,Arterial Other,144.273072,-36.7653,20230407,BENDIGO
T20230008281,2023-04-08,08:31:00,1,Collision with vehicle,7,Saturday,110,CROSS TRAFFIC(INTERSECTIONS ONLY),1,19418,2,0,0,1,1,2,1,1,Cross intersection,3,60,Arterial Highway,144.132975,-36.735691,20230408,BENDIGO