ACCIDENT_NO,ACCIDENT_DATE,ACCIDENT_TIME,ACCIDENT_TYPE,ACCIDENT_TYPE_DESC,DAY_OF_WEEK,DAY_WEEK_DESC,DCA_CODE,DCA_DESC,LIGHT_CONDITION,NODE_ID,NO_OF_VEHICLES,NO_PERSONS_KILLED,NO_PERSONS_INJ_2,NO_PERSONS_INJ_3,NO_PERSONS_NOT_INJ,NO_PERSONS,POLICE_ATTEND,ROAD_GEOMETRY,ROAD_GEOMETRY_DESC,SEVERITY,SPEED_ZONE,RMA, LAT, LONG, DATE, COUNCIL
T20230008450,2023-04-11,01:00:00,6,Vehicle overturned (no collision),3,Tuesday,174,OUT OF CONTROL ON CARRIAGEWAY (ON STRAIGHT),5,766897,1,1,0,0,0,1,1,5,Not at intersection,1,50,,144.690136,-36.839408,20230411,BENDIGO
T20230022109,2023-04-12,11:15:00,1,Collision with vehicle,3,Wednesday,130,REAR END(VEHICLES IN SAME LANE),1,781872,2,0,0,1,2,3,2,5,Not at intersection,3,50,,144.28235,-36.765312,20230412,BENDIGO
T20230008668,2023-04-13,17:49:00,4,Collision with a fixed object,5,Thursday,171,LEFT OFF CARRIAGEWAY INTO OBJECT/PARKED VEHICLE,2,777039,1,0,0,1,0,1,1,5,Not at intersection,3,60,Arterial Highway,144.248671,-36.781924,20230413,BENDIGO
T20230008672,2023-04-13,14:30:00,4,Collision with a fixed object,5,Thursday,181,OFF RIGHT BEND INTO OBJECT/PARKED VEHICLE,1,795468,1,1,0,0,0,1,1,5,Not at intersection,1,60,Arterial Other,144.540561,-37.016049,20230413,BENDIGO
T20230008637,2023-04-13,09:15:00,1,Collision with vehicle,4,Thursday,121,RIGHT THROUGH,1,20017,2,0,0,1,2,3,1,1,Cross intersection,3,60,Arterial Highway,144.270669,-36.763391,20230413,BENDIGO
T20230008619,2023-04-13,07:42:00,1,Collision with vehicle,5,Thursday,116,LEFT NEAR (INTERSECTIONS ONLY),1,768535,2,0,1,0,1,2,1,2,T intersection,2,50,Local Road,144.309501,-36.786045,20230413,BENDIGO
T20230014859,2023-04-13,13:00:00,1,Collision with vehicle,4,Thursday,130,REAR END(VEHICLES IN SAME LANE),1,776946,2,0,0,1,1,2,2,5,Not at intersection,3,60,Local Road,144.278322,-36.734082,20230413,BENDIGO
T20230008962,2023-04-14,11:17:00,5,collision with some other object,5,Friday,181,OFF RIGHT BEND INTO OBJECT/PARKED VEHICLE,1,787985,1,0,0,1,0,1,1,5,Not at intersection,3,100,Arterial Other,144.519365,-37.017987,20230414,BENDIGO
T20230009316,2023-04-15,12:10:00,1,Collision with vehicle,6,Saturday,110,CROSS TRAFFIC(INTERSECTIONS ONLY),1,51724,2,0,0,1,2,3,1,1,Cross intersection,3,50,Local Road,144.242886,-36.794551,20230415,BENDIGO
T20230008971,2023-04-17,14:15:00,1,Collision with vehicle,1,Monday,130,REAR END(VEHICLES IN SAME LANE),1,768795,3,0,0,1,2,3,1,5,Not at intersection,3,60,Arterial Other,144.284241,-36.750727,20230417,BENDIGO
T20230009111,2023-04-18,14:00:00,1,Collision with vehicle,2,Tuesday,136,RIGHT TURN SIDESWIPE,1,784044,2,0,0,1,1,2,2,5,Not at intersection,3,999,Arterial Other,144.295194,-36.7424,20230418,BENDIGO
T20230009683,2023-04-18,17:25:00,1,Collision with vehicle,2,Tuesday,130,REAR END(VEHICLES IN SAME LANE),2,49318,2,0,0,1,1,2,2,1,Cross intersection,3,60,Arterial Highway,144.287376,-36.758373,20230418,BENDIGO
T20230009230,2023-04-20,16:50:00,6,Vehicle overturned (no collision),4,Thursday,172,OFF CARRIAGEWAY TO RIGHT,1,783942,1,0,0,1,0,1,1,4,Multiple intersection,3,100,,144.530328,-36.479011,20230420,BENDIGO
T20230011472,2023-04-21,01:00:00,4,Collision with a fixed object,6,Friday,171,LEFT OFF CARRIAGEWAY INTO OBJECT/PARKED VEHICLE,6,776969,1,0,1,0,2,3,2,5,Not at intersection,2,999,Arterial Highway,144.263234,-36.755589,20230421,BENDIGO
T20230009347,2023-04-21,23:55:00,4,Collision with a fixed object,5,Friday,171,LEFT OFF CARRIAGEWAY INTO OBJECT/PARKED VEHICLE,3,787935,1,0,0,1,0,1,1,5,Not at intersection,3,60,Local Road,144.27889,-36.732342,20230421,BENDIGO
T20230009285,2023-04-21,11:00:00,1,Collision with vehicle,6,Friday,121,RIGHT THROUGH,1,51716,2,0,1,0,1,2,1,2,T intersection,2,60,Arterial Highway,144.245239,-36.788568,20230421,BENDIGO
T20230009414,2023-04-22,19:37:00,1,Collision with vehicle,7,Saturday,130,REAR END(VEHICLES IN SAME LANE),2,778008,2,0,0,1,1,2,1,5,Not at intersection,3,70,,144.240541,-36.810068,20230422,BENDIGO
T20230009453,2023-04-23,16:30:00,1,Collision with vehicle,0,Sunday,110,CROSS TRAFFIC(INTERSECTIONS ONLY),1,51540,2,0,0,2,0,2,1,1,Cross intersection,3,60,Local Road,144.252799,-36.736884,20230423,BENDIGO
T20230009566,2023-04-24,21:19:00,1,Collision with vehicle,2,Monday,116,LEFT NEAR (INTERSECTIONS ONLY),3,51615,2,0,1,0,1,2,1,2,T intersection,2,60,Arterial Highway,144.256016,-36.758636,20230424,BENDIGO
T20230012749,2023-04-25,17:40:00,1,Collision with vehicle,2,Tuesday,111,RIGHT FAR (INTERSECTIONS ONLY),1,243933,2,0,0,1,1,2,1,2,T intersection,3,60,Arterial Highway,144.227707,-36.76004,20230425,BENDIGO
T20230009727,2023-04-26,18:18:00,2,Struck Pedestrian,4,Wednesday,100,PED NEAR SIDE. PED HIT BY VEHICLE FROM THE RIGHT.,3,19417,1,0,1,0,1,2,1,1,Cross intersection,2,60,Arterial Other,144.266885,-36.735703,20230426,BENDIGO
T20230009848,2023-04-27,15:15:00,1,Collision with vehicle,4,Thursday,147,VEHICLE STRIKES ANOTHER VEH WHILE EMERGING FROM DRIVEWAY,1,790529,2,0,0,1,1,2,2,5,Not at intersection,3,999,Local Road,144.318539,-36.705448,20230427,BENDIGO
T20230009859,2023-04-27,09:00:00,2,Struck Pedestrian,4,Thursday,106,VEH STRIKES PED ON FOOTPATH/MEDIAN/TRAFFIC ISLAND.,1,49321,1,0,0,1,1,2,2,1,Cross intersection,3,60,Arterial Other,144.305216,-36.773247,20230427,BENDIGO
T20230010079,2023-04-27,08:31:00,1,Collision with vehicle,4,Thursday,130,REAR END(VEHICLES IN SAME LANE),1,784886,3,0,0,4,4,8,2,5,Not at intersection,3,60,Arterial Other,144.354341,-36.806145,20230427,BENDIGO
T20230010319,2023-04-28,14:00:00,1,Collision with vehicle,6,Friday,110,CROSS TRAFFIC(INTERSECTIONS ONLY),1,51724,2,0,0,1,1,2,2,1,Cross intersection,3,60,Local Road,144.242886,-36.794551,20230428,BENDIGO
T20230009863,2023-04-28,09:00:00,1,Collision with vehicle,6,Friday,130,REAR END(VEHICLES IN SAME LANE),1,777744,4,0,0,3,3,6,1,5,Not at intersection,3,60,Local Road,144.292443,-36.759397,20230428,BENDIGO
T20230010063,2023-04-30,11:15:00,1,Collision with vehicle,1,Sunday,130,REAR END(VEHICLES IN SAME LANE),1,778942,2,0,2,2,0,4,1,2,T intersection,2,100,Arterial Highway,144.412601,-36.772029,20230430,BENDIGO
T20230010158,2023-05-01,16:00:00,1,Collision with vehicle,2,Monday,130,REAR END(VEHICLES IN SAME LANE),1,772218,3,0,0,2,1,3,1,5,Not at intersection,3,60,Arterial Other,144.279897,-36.752227,20230501,BENDIGO
T20230011365,2023-05-02,16:30:00,3,Struck animal,3,Tuesday,167,STRUCK ANIMAL,1,774126,1,0,0,1,0,1,2,5,Not at intersection,3,60,,144.344206,-36.523128,20230502,BENDIGO
T20230010906,2023-05-03,18:00:00,3,Struck animal,3,Wednesday,167,STRUCK ANIMAL,1,773857,1,0,0,1,0,1,2,5,Not at intersection,3,50,Local Road,144.260309,-36.669414,20230503,BENDIGO
T20230011973,2023-05-08,09:10:00,1,Collision with vehicle,1,Monday,137,LEFT TURN SIDESWIPE,1,775887,2,0,0,1,1,2,1,5,Not at intersection,3,60,Arterial Highway,144.245031,-36.789078,20230508,BENDIGO
T20230012764,2023-05-10,15:05:00,6,Vehicle overturned (no collision),3,Wednesday,180,OFF CARRIAGEWAY ON RIGHT BEND,1,775440,1,0,0,1,0,1,1,5,Not at intersection,3,60,Local Road,144.259596,-36.791341,20230510,BENDIGO
T20230011060,2023-05-11,17:30:00,8,No collision and no object struck,5,Thursday,170,OFF CARRIAGEWAY TO LEFT,2,774107,1,0,0,1,0,1,2,5,Not at intersection,3,50,Local Road,144.340179,-36.677698,20230511,BENDIGO
T20230012598,2023-05-12,13:50:00,1,Collision with vehicle,5,Friday,130,REAR END(VEHICLES IN SAME LANE),1,775238,3,0,0,1,2,3,1,5,Not at intersection,3,60,Arterial Highway,144.288086,-36.758221,20230512,BENDIGO
T20230011256,2023-05-12,15:14:00,1,Collision with vehicle,5,Friday,152,PULLING OUT (OVERTAKING),1,775816,2,0,0,1,1,2,1,5,Not at intersection,3,40,Local Road,144.350897,-36.804144,20230512,BENDIGO
T20230011372,2023-05-15,18:30:00,1,Collision with vehicle,2,Monday,121,RIGHT THROUGH,3,51661,2,0,1,0,1,2,1,1,Cross intersection,2,60,Arterial Other,144.275167,-36.767008,20230515,BENDIGO
T20230014936,2023-05-17,16:15:00,2,Struck Pedestrian,3,Wednesday,102,FAR SIDE. PED HIT BY VEHICLE FROM THE LEFT,1,788289,1,0,0,1,1,2,2,5,Not at intersection,3,50,Local Road,144.274373,-36.764108,20230517,BENDIGO
T20230011772,2023-05-18,16:10:00,1,Collision with vehicle,5,Thursday,130,REAR END(VEHICLES IN SAME LANE),1,243933,2,0,0,1,1,2,2,2,T intersection,3,60,Arterial Highway,144.227707,-36.76004,20230518,BENDIGO
T20230011718,2023-05-19,17:44:00,2,Struck Pedestrian,6,Friday,102,FAR SIDE. PED HIT BY VEHICLE FROM THE LEFT,2,783013,1,0,1,0,2,3,1,5,Not at intersection,2,60,Arterial Highway,144.244996,-36.789163,20230519,BENDIGO
T20230011892,2023-05-22,05:38:00,6,Vehicle overturned (no collision),1,Monday,174,OUT OF CONTROL ON CARRIAGEWAY (ON STRAIGHT),2,681396,1,0,1,0,0,1,1,1,Cross intersection,2,60,Arterial Other,144.30364,-36.730842,20230522,BENDIGO
T20230012008,2023-05-23,13:30:00,4,Collision with a fixed object,3,Tuesday,173,RIGHT OFF CARRIAGEWAY INTO OBJECT/PARKED VEHICLE,1,782790,1,0,0,1,0,1,1,5,Not at intersection,3,60,Local Road,144.272644,-36.787765,20230523,BENDIGO
T20230012966,2023-05-25,13:00:00,6,Vehicle overturned (no collision),5,Thursday,174,OUT OF CONTROL ON CARRIAGEWAY (ON STRAIGHT),1,775577,1,0,1,0,0,1,2,5,Not at intersection,2,999,Local Road,144.095736,-36.859915,20230525,BENDIGO
T20230012346,2023-05-27,03:20:00,4,Collision with a fixed object,7,Saturday,173,RIGHT OFF CARRIAGEWAY INTO OBJECT/PARKED VEHICLE,5,782573,1,0,0,2,0,2,1,5,Not at intersection,3,80,Arterial Highway,144.200486,-36.742095,20230527,BENDIGO
T20230013521,2023-05-28,14:40:00,6,Vehicle overturned (no collision),0,Sunday,174,OUT OF CONTROL ON CARRIAGEWAY (ON STRAIGHT),1,776914,1,0,0,1,0,1,2,5,Not at intersection,3,50,Local Road,144.267715,-36.76449,20230528,BENDIGO
T20230012596,2023-05-30,13:30:00,1,Collision with vehicle,2,Tuesday,110,CROSS TRAFFIC(INTERSECTIONS ONLY),1,356970,2,0,0,1,1,2,1,1,Cross intersection,3,50,Local Road,144.293697,-36.767904,20230530,BENDIGO
T20230012654,2023-05-31,08:39:00,4,Collision with a fixed object,3,Wednesday,171,LEFT OFF CARRIAGEWAY INTO OBJECT/PARKED VEHICLE,1,781672,1,0,0,1,0,1,1,5,Not at intersection,3,80,Local Road,144.223617,-36.763088,20230531,BENDIGO
T20230013238,2023-05-31,13:30:00,8,No collision and no object struck,3,Wednesday,180,OFF CARRIAGEWAY ON RIGHT BEND,1,791843,1,0,0,1,0,1,2,5,Not at intersection,3,999,Local Road,144.235384,-36.737005,20230531,BENDIGO
T20230012805,2023-06-01,13:20:00,1,Collision with vehicle,4,Thursday,110,CROSS TRAFFIC(INTERSECTIONS ONLY),1,30168,2,0,0,1,5,6,1,1,Cross intersection,3,40,Local Road,144.264539,-36.722181,20230601,BENDIGO
T20230012791,2023-06-01,12:45:00,1,Collision with vehicle,4,Thursday,121,RIGHT THROUGH,1,53578,2,0,2,0,0,2,1,4,Multiple intersection,2,100,,144.196868,-36.670145,20230601,BENDIGO
T20230012808,2023-06-01,13:54:00,1,Collision with vehicle,5,Thursday,130,REAR END(VEHICLES IN SAME LANE),1,775461,2,0,1,0,1,2,1,5,Not at intersection,2,80,Local Road,144.304851,-36.834515,20230601,BENDIGO
T20230025668,2023-06-02,17:30:00,3,Struck animal,5,Friday,167,STRUCK ANIMAL,2,806625,1,0,0,1,0,1,2,5,Not at intersection,3,100,Arterial Other,144.4958,-36.899547,20230602,BENDIGO
T20230012938,2023-06-03,03:10:00,4,Collision with a fixed object,6,Saturday,173,RIGHT OFF CARRIAGEWAY INTO OBJECT/PARKED VEHICLE,5,783457,1,0,0,1,0,1,1,5,Not at intersection,3,100,Local Road,144.746301,-36.951327,20230603,BENDIGO
T20230013220,2023-06-07,08:30:00,1,Collision with vehicle,4,Wednesday,110,CROSS TRAFFIC(INTERSECTIONS ONLY),1,59821,2,0,0,1,1,2,1,1,Cross intersection,3,50,Local Road,144.242914,-36.77831,20230607,BENDIGO
T20230013688,2023-06-08,08:32:00,1,Collision with vehicle,5,Thursday,111,RIGHT FAR (INTERSECTIONS ONLY),2,775870,2,0,1,0,4,5,1,2,T intersection,2,60,Arterial Highway,144.132955,-36.73574,20230608,BENDIGO
T20230013569,2023-06-08,18:10:00,4,Collision with a fixed object,4,Thursday,171,LEFT OFF CARRIAGEWAY INTO OBJECT/PARKED VEHICLE,2,783467,1,0,0,2,0,2,1,5,Not at intersection,3,100,,144.262696,-36.522697,20230608,BENDIGO
T20230014467,2023-06-09,20:15:00,1,Collision with vehicle,6,Friday,130,REAR END(VEHICLES IN SAME LANE),6,776298,2,0,0,1,1,2,2,2,T intersection,3,50,Local Road,144.28853,-36.753982,20230609,BENDIGO
T20230013442,2023-06-09,15:01:00,1,Collision with vehicle,6,Friday,160,VEHICLE COLLIDES WITH VEHICLE PARKED ON LEFT OF ROAD,1,776810,3,0,1,1,0,2,1,5,Not at intersection,2,70,Arterial Highway,144.310848,-36.759224,20230609,BENDIGO
T20230016786,2023-06-10,14:30:00,8,No collision and no object struck,6,Saturday,151,OUT OF CONTROL (OVERTAKING),9,784312,1,0,0,1,0,1,2,5,Not at intersection,3,999,Local Road,144.763885,-36.82598,20230610,BENDIGO
T20230013633,2023-06-12,11:28:00,1,Collision with vehicle,1,Monday,110,CROSS TRAFFIC(INTERSECTIONS ONLY),1,51485,2,0,0,2,1,3,1,1,Cross intersection,3,50,Arterial Highway,144.609363,-36.493338,20230612,BENDIGO
T20230017913,2023-06-14,12:20:00,1,Collision with vehicle,3,Wednesday,130,REAR END(VEHICLES IN SAME LANE),1,29983,2,0,0,1,1,2,2,1,Cross intersection,3,60,Arterial Highway,144.266509,-36.767121,20230614,BENDIGO
T20230013833,2023-06-14,17:03:00,2,Struck Pedestrian,3,Wednesday,102,FAR SIDE. PED HIT BY VEHICLE FROM THE LEFT,2,775915,1,0,0,1,1,2,1,5,Not at intersection,3,60,Arterial Highway,144.248266,-36.759545,20230614,BENDIGO
T20230016872,2023-06-16,09:30:00,4,Collision with a fixed object,5,Friday,179,OTHER ACCIDENTS-OFF STRAIGHT NOT INCLUDED IN DCAs 170-175,1,793158,1,0,0,1,0,1,2,2,T intersection,3,40,Local Road,144.233443,-36.81787,20230616,BENDIGO
T20230014011,2023-06-16,17:15:00,1,Collision with vehicle,5,Friday,110,CROSS TRAFFIC(INTERSECTIONS ONLY),3,51537,2,0,0,1,1,2,1,1,Cross intersection,3,60,Arterial Highway,144.258163,-36.735256,20230616,BENDIGO
T20230014402,2023-06-17,16:55:00,1,Collision with vehicle,7,Saturday,130,REAR END(VEHICLES IN SAME LANE),1,776297,2,0,0,1,1,2,2,1,Cross intersection,3,60,Arterial Other,144.305141,-36.773224,20230617,BENDIGO
T20230014265,2023-06-19,17:16:00,2,Struck Pedestrian,2,Monday,101,PED EMERGES FROM IN FRONT OF PARKED OR STATIONARY VEHICLE,1,776218,1,0,1,0,1,2,1,1,Cross intersection,2,60,Arterial Highway,144.285144,-36.756401,20230619,BENDIGO
T20230014335,2023-06-19,18:00:00,1,Collision with vehicle,2,Monday,130,REAR END(VEHICLES IN SAME LANE),3,783916,2,0,0,1,1,2,2,1,Cross intersection,3,50,Local Road,144.278333,-36.759451,20230619,BENDIGO
T20230014486,2023-06-22,06:06:00,4,Collision with a fixed object,5,Thursday,183,OFF LEFT BEND INTO OBJECT/PARKED VEHICLE,3,783805,1,0,0,1,0,1,1,5,Not at intersection,3,60,Local Road,144.226885,-36.707445,20230622,BENDIGO
T20230014561,2023-06-22,22:22:00,1,Collision with vehicle,5,Thursday,130,REAR END(VEHICLES IN SAME LANE),5,776300,2,0,1,1,1,3,1,5,Not at intersection,2,100,,144.434409,-36.774527,20230622,BENDIGO
T20230014575,2023-06-23,08:20:00,1,Collision with vehicle,6,Friday,130,REAR END(VEHICLES IN SAME LANE),1,776301,3,0,0,1,5,6,1,5,Not at intersection,3,60,Arterial Highway,144.315776,-36.707109,20230623,BENDIGO
T20230016425,2023-06-24,13:30:00,2,Struck Pedestrian,6,Saturday,100,PED NEAR SIDE. PED HIT BY VEHICLE FROM THE RIGHT.,1,51700,1,0,0,1,1,2,2,1,Cross intersection,3,60,Arterial Highway,144.250247,-36.779793,20230624,BENDIGO
T20230014745,2023-06-25,03:17:00,1,Collision with vehicle,1,Sunday,160,VEHICLE COLLIDES WITH VEHICLE PARKED ON LEFT OF ROAD,3,777011,3,0,0,2,3,5,1,5,Not at intersection,3,60,Arterial Other,144.264441,-36.733038,20230625,BENDIGO
T20230014856,2023-06-26,16:00:00,2,Struck Pedestrian,2,Monday,100,PED NEAR SIDE. PED HIT BY VEHICLE FROM THE RIGHT.,1,51593,1,0,1,0,1,2,1,1,Cross intersection,2,60,Arterial Other,144.274076,-36.755246,20230626,BENDIGO
T20230015005,2023-06-28,11:50:00,7,Fall from or in moving vehicle,4,Wednesday,190,FELL IN/FROM VEHICLE,1,785124,1,0,0,1,0,1,1,5,Not at intersection,3,60,Arterial Other,144.295859,-36.742276,20230628,BENDIGO
T20230015029,2023-06-28,18:25:00,4,Collision with a fixed object,4,Wednesday,173,RIGHT OFF CARRIAGEWAY INTO OBJECT/PARKED VEHICLE,3,776622,1,0,1,0,0,1,1,1,Cross intersection,2,60,Arterial Other,144.273811,-36.766007,20230628,BENDIGO
T20230015106,2023-06-29,15:32:00,1,Collision with vehicle,5,Thursday,110,CROSS TRAFFIC(INTERSECTIONS ONLY),1,1254,2,0,0,3,1,4,1,1,Cross intersection,3,70,Arterial Highway,144.31743,-36.759626,20230629,BENDIGO
T20230015716,2023-06-30,17:40:00,2,Struck Pedestrian,5,Friday,100,PED NEAR SIDE. PED HIT BY VEHICLE FROM THE RIGHT.,2,777972,1,0,0,1,1,2,2,5,Not at intersection,3,50,Local Road,144.265172,-36.765368,20230630,BENDIGO
T20230015398,2023-07-03,17:19:00,1,Collision with vehicle,2,Monday,130,REAR END(VEHICLES IN SAME LANE),2,54737,2,0,0,1,1,2,1,2,T intersection,3,60,Arterial Other,144.2769,-36.745818,20230703,BENDIGO
T20230015426,2023-07-03,00:30:00,4,Collision with a fixed object,2,Monday,173,RIGHT OFF CARRIAGEWAY INTO OBJECT/PARKED VEHICLE,5,776675,1,0,2,0,0,2,1,5,Not at intersection,2,100,Arterial Other,144.501652,-37.000459,20230703,BENDIGO
T20230015537,2023-07-05,09:30:00,1,Collision with vehicle,4,Wednesday,132,RIGHT REAR.,1,776916,2,0,1,0,1,2,1,5,Not at intersection,2,60,Arterial Highway,144.327028,-36.670212,20230705,BENDIGO
T20230016591,2023-07-07,20:15:00,1,Collision with vehicle,6,Friday,130,REAR END(VEHICLES IN SAME LANE),3,777304,2,0,0,1,1,2,2,5,Not at intersection,3,777,Local Road,144.284365,-36.776266,20230707,BENDIGO
T20230015904,2023-07-08,22:30:00,4,Collision with a fixed object,7,Saturday,171,LEFT OFF CARRIAGEWAY INTO OBJECT/PARKED VEHICLE,5,795990,1,0,0,1,0,1,1,5,Not at intersection,3,100,Arterial Other,144.653665,-36.961363,20230708,BENDIGO
T20230015805,2023-07-08,07:25:00,1,Collision with vehicle,7,Saturday,130,REAR END(VEHICLES IN SAME LANE),1,776953,2,0,1,0,5,6,1,5,Not at intersection,2,60,Arterial Other,144.292198,-36.769213,20230708,BENDIGO
T20230015936,2023-07-09,20:30:00,1,Collision with vehicle,1,Sunday,133,LANE SIDE SWIPE (VEHICLES IN PARALLEL LANES),3,777005,2,0,0,1,2,3,1,5,Not at intersection,3,60,Arterial Highway,144.259086,-36.739832,20230709,BENDIGO
T20230015997,2023-07-10,17:35:00,1,Collision with vehicle,1,Monday,130,REAR END(VEHICLES IN SAME LANE),2,777659,3,0,0,2,2,4,1,5,Not at intersection,3,60,Arterial Highway,144.250844,-36.779107,20230710,BENDIGO
T20230023153,2023-07-10,07:10:00,3,Struck animal,2,Monday,167,STRUCK ANIMAL,2,782391,1,0,0,1,0,1,2,5,Not at intersection,3,80,Local Road,144.328039,-36.795643,20230710,BENDIGO
T20230016253,2023-07-12,18:50:00,2,Struck Pedestrian,4,Wednesday,102,FAR SIDE. PED HIT BY VEHICLE FROM THE LEFT,2,787337,1,0,1,0,1,2,2,5,Not at intersection,2,50,,144.258881,-36.748481,20230712,BENDIGO
T20230018869,2023-07-12,20:00:00,1,Collision with vehicle,3,Wednesday,130,REAR END(VEHICLES IN SAME LANE),3,796429,2,0,0,1,3,4,1,2,T intersection,3,60,Arterial Highway,144.259037,-36.757608,20230712,BENDIGO
T20230016263,2023-07-13,16:22:00,1,Collision with vehicle,4,Thursday,130,REAR END(VEHICLES IN SAME LANE),2,777255,2,0,0,1,1,2,1,5,Not at intersection,3,60,Arterial Highway,144.247993,-36.759566,20230713,BENDIGO
T20230016352,2023-07-14,16:10:00,1,Collision with vehicle,6,Friday,110,CROSS TRAFFIC(INTERSECTIONS ONLY),2,51645,2,0,1,1,0,2,1,1,Cross intersection,2,60,Arterial Other,144.248056,-36.764191,20230714,BENDIGO
T20230016358,2023-07-14,08:30:00,1,Collision with vehicle,5,Friday,133,LANE SIDE SWIPE (VEHICLES IN PARALLEL LANES),2,777219,2,0,0,1,1,2,2,5,Not at intersection,3,60,Local Road,144.253824,-36.713581,20230714,BENDIGO
T20230016476,2023-07-15,21:32:00,1,Collision with vehicle,6,Saturday,121,RIGHT THROUGH,3,588708,2,0,1,1,0,2,1,1,Cross intersection,2,60,Arterial Highway,144.268133,-36.758367,20230715,BENDIGO
T20230016429,2023-07-15,13:00:00,1,Collision with vehicle,6,Saturday,110,CROSS TRAFFIC(INTERSECTIONS ONLY),1,29975,2,0,0,1,2,3,1,1,Cross intersection,3,60,,144.254326,-36.736315,20230715,BENDIGO
T20240003793,2023-07-15,14:15:00,1,Collision with vehicle,6,Saturday,130,REAR END(VEHICLES IN SAME LANE),1,1254,2,0,0,1,1,2,2,1,Cross intersection,3,70,Arterial Highway,144.31743,-36.759626,20230715,BENDIGO
T20230016524,2023-07-16,16:00:00,3,Struck animal,1,Sunday,167,STRUCK ANIMAL,1,777264,1,0,1,0,0,1,1,5,Not at intersection,2,50,Local Road,144.227111,-36.772705,20230716,BENDIGO
T20230016620,2023-07-17,16:05:00,1,Collision with vehicle,1,Monday,110,CROSS TRAFFIC(INTERSECTIONS ONLY),1,59609,2,0,0,1,1,2,1,1,Cross intersection,2,50,Local Road,144.267448,-36.746817,20230717,BENDIGO
T20230016961,2023-07-21,09:24:00,1,Collision with vehicle,6,Friday,160,VEHICLE COLLIDES WITH VEHICLE PARKED ON LEFT OF ROAD,1,780821,2,0,1,0,1,2,1,5,Not at intersection,2,60,Arterial Other,144.271561,-36.756564,20230721,BENDIGO
T20230017879,2023-07-22,14:28:00,1,Collision with vehicle,7,Saturday,147,VEHICLE STRIKES ANOTHER VEH WHILE EMERGING FROM DRIVEWAY,1,796763,2,0,0,1,1,2,1,5,Not at intersection,3,60,Local Road,144.321281,-36.70353,20230722,BENDIGO
T20230020776,2023-07-26,12:45:00,4,Collision with a fixed object,3,Wednesday,179,OTHER ACCIDENTS-OFF STRAIGHT NOT INCLUDED IN DCAs 170-175,1,789087,1,0,0,1,1,2,2,5,Not at intersection,3,50,,144.247226,-36.800987,20230726,BENDIGO
T20230018619,2023-07-26,05:33:00,8,No collision and no object struck,3,Wednesday,174,OUT OF CONTROL ON CARRIAGEWAY (ON STRAIGHT),6,29974,1,0,0,1,0,1,2,2,T intersection,3,60,Local Road,144.275375,-36.716286,20230726,BENDIGO
T20230018704,2023-07-29,15:30:00,1,Collision with vehicle,7,Saturday,130,REAR END(VEHICLES IN SAME LANE),1,778710,2,0,0,1,1,2,2,5,Not at intersection,3,80,Arterial Other,144.317209,-36.784418,20230729,BENDIGO
T20230017880,2023-07-30,13:00:00,4,Collision with a fixed object,1,Sunday,173,RIGHT OFF CARRIAGEWAY INTO OBJECT/PARKED VEHICLE,1,778191,2,0,1,0,1,2,1,5,Not at intersection,2,100,Local Road,144.431128,-36.667355,20230730,BENDIGO
T20230019116,2023-07-31,11:00:00,1,Collision with vehicle,1,Monday,119,OTHER ADJACENT (INTERSECTIONS ONLY),1,318649,2,0,1,0,1,2,2,2,T intersection,2,100,Arterial Other,144.169552,-36.810927,20230731,BENDIGO
T20230017865,2023-07-31,18:12:00,2,Struck Pedestrian,2,Monday,101,PED EMERGES FROM IN FRONT OF PARKED OR STATIONARY VEHICLE,3,778882,1,1,0,1,0,2,1,2,T intersection,1,60,Local Road,144.292269,-36.765844,20230731,BENDIGO
T20230018466,2023-08-01,18:28:00,1,Collision with vehicle,2,Tuesday,120,HEAD ON (NOT OVERTAKING),2,778906,2,0,0,1,1,2,1,5,Not at intersection,3,50,Local Road,144.252736,-36.714232,20230801,BENDIGO
T20230018065,2023-08-02,18:40:00,1,Collision with vehicle,4,Wednesday,120,HEAD ON (NOT OVERTAKING),5,778707,2,0,1,1,0,2,1,2,T intersection,2,80,Arterial Highway,144.328003,-36.761263,20230802,BENDIGO
T20230018085,2023-08-03,14:44:00,1,Collision with vehicle,4,Thursday,130,REAR END(VEHICLES IN SAME LANE),1,779637,2,0,0,1,1,2,1,5,Not at intersection,3,60,Arterial Other,144.239863,-36.796236,20230803,BENDIGO
T20230018225,2023-08-05,10:30:00,1,Collision with vehicle,7,Saturday,121,RIGHT THROUGH,1,51538,2,0,1,0,1,2,1,1,Cross intersection,2,60,Local Road,144.27776,-36.736754,20230805,BENDIGO