ACCIDENT_NO,ACCIDENT_DATE,ACCIDENT_TIME,ACCIDENT_TYPE,ACCIDENT_TYPE_DESC,DAY_OF_WEEK,DAY_WEEK_DESC,DCA_CODE,DCA_DESC,LIGHT_CONDITION,NODE_ID,NO_OF_VEHICLES,NO_PERSONS_KILLED,NO_PERSONS_INJ_2,NO_PERSONS_INJ_3,NO_PERSONS_NOT_INJ,NO_PERSONS,POLICE_ATTEND,ROAD_GEOMETRY,ROAD_GEOMETRY_DESC,SEVERITY,SPEED_ZONE,RMA, LAT, LONG, DATE, COUNCIL
T20240001420,2023-08-05,11:30:00,4,Collision with a fixed object,7,Saturday,171,LEFT OFF CARRIAGEWAY INTO OBJECT/PARKED VEHICLE,1,797674,1,0,0,1,0,1,2,5,Not at intersection,3,80,Local Road,144.274723,-36.80026,20230805,BENDIGO
T20230018374,2023-08-06,07:30:00,4,Collision with a fixed object,0,Sunday,171,LEFT OFF CARRIAGEWAY INTO OBJECT/PARKED VEHICLE,2,782049,1,0,1,0,0,1,2,5,Not at intersection,2,100,,144.431652,-36.774184,20230806,BENDIGO
T20230018359,2023-08-07,07:10:00,4,Collision with a fixed object,2,Monday,171,LEFT OFF CARRIAGEWAY INTO OBJECT/PARKED VEHICLE,1,778802,1,0,1,0,0,1,1,5,Not at intersection,2,100,Arterial Other,144.143914,-36.885094,20230807,BENDIGO
T20230019237,2023-08-10,04:52:00,3,Struck animal,5,Thursday,167,STRUCK ANIMAL,6,779180,1,0,0,1,0,1,1,5,Not at intersection,3,999,Local Road,144.293248,-36.8127,20230810,BENDIGO
T20230019690,2023-08-11,15:30:00,8,No collision and no object struck,5,Friday,174,OUT OF CONTROL ON CARRIAGEWAY (ON STRAIGHT),1,798100,1,0,0,1,0,1,2,5,Not at intersection,3,50,Local Road,144.252511,-36.759196,20230811,BENDIGO
T20230018705,2023-08-11,11:45:00,1,Collision with vehicle,6,Friday,121,RIGHT THROUGH,1,44630,2,0,1,1,0,2,1,5,Not at intersection,2,60,Arterial Highway,144.270579,-36.763471,20230811,BENDIGO
T20230021609,2023-08-12,16:00:00,3,Struck animal,7,Saturday,167,STRUCK ANIMAL,1,780933,1,0,1,0,0,1,2,5,Not at intersection,2,50,Local Road,144.256666,-36.69985,20230812,BENDIGO
T20230018986,2023-08-14,19:00:00,4,Collision with a fixed object,1,Monday,171,LEFT OFF CARRIAGEWAY INTO OBJECT/PARKED VEHICLE,2,805627,1,0,0,1,2,3,1,5,Not at intersection,3,50,Local Road,144.345952,-36.814763,20230814,BENDIGO
T20230019030,2023-08-15,13:54:00,1,Collision with vehicle,2,Tuesday,110,CROSS TRAFFIC(INTERSECTIONS ONLY),1,20017,3,0,0,1,2,3,1,1,Cross intersection,3,60,Arterial Highway,144.270669,-36.763391,20230815,BENDIGO
T20230019223,2023-08-16,12:00:00,1,Collision with vehicle,4,Wednesday,130,REAR END(VEHICLES IN SAME LANE),1,779177,2,0,0,3,1,4,2,5,Not at intersection,3,80,Arterial Highway,144.316806,-36.701798,20230816,BENDIGO
T20230019126,2023-08-16,11:45:00,1,Collision with vehicle,4,Wednesday,121,RIGHT THROUGH,1,55384,2,0,1,4,0,5,1,1,Cross intersection,2,80,Local Road,144.215514,-36.708914,20230816,BENDIGO
T20230019876,2023-08-19,11:00:00,1,Collision with vehicle,6,Saturday,110,CROSS TRAFFIC(INTERSECTIONS ONLY),1,19436,2,0,0,1,1,2,2,1,Cross intersection,3,50,Local Road,144.286113,-36.763836,20230819,BENDIGO
T20230019846,2023-08-23,08:45:00,1,Collision with vehicle,4,Wednesday,130,REAR END(VEHICLES IN SAME LANE),2,779812,2,0,0,1,2,3,2,5,Not at intersection,3,60,,144.306977,-36.728749,20230823,BENDIGO
T20230020112,2023-08-25,15:00:00,4,Collision with a fixed object,5,Friday,171,LEFT OFF CARRIAGEWAY INTO OBJECT/PARKED VEHICLE,1,780126,1,0,0,1,0,1,2,5,Not at intersection,3,100,Local Road,144.154318,-36.687182,20230825,BENDIGO
T20230024660,2023-08-29,17:20:00,1,Collision with vehicle,2,Tuesday,121,RIGHT THROUGH,1,51705,2,0,0,1,1,2,1,1,Cross intersection,3,60,Arterial Other,144.265266,-36.782612,20230829,BENDIGO
T20240005108,2023-08-29,18:50:00,1,Collision with vehicle,3,Tuesday,130,REAR END(VEHICLES IN SAME LANE),3,59862,2,0,0,1,1,2,1,1,Cross intersection,3,60,Local Road,144.23784,-36.793838,20230829,BENDIGO
T20230020239,2023-08-30,07:05:00,1,Collision with vehicle,4,Wednesday,121,RIGHT THROUGH,2,59749,2,0,1,0,1,2,1,1,Cross intersection,2,50,Local Road,144.261792,-36.767122,20230830,BENDIGO
T20230020414,2023-09-01,09:15:00,1,Collision with vehicle,5,Friday,160,VEHICLE COLLIDES WITH VEHICLE PARKED ON LEFT OF ROAD,1,780006,2,0,0,1,1,2,1,5,Not at intersection,3,40,Local Road,144.283047,-36.759364,20230901,BENDIGO
T20230020862,2023-09-06,15:41:00,1,Collision with vehicle,3,Wednesday,121,RIGHT THROUGH,1,665580,2,0,0,2,1,3,1,2,T intersection,3,60,Local Road,144.291354,-36.75021,20230906,BENDIGO
T20230021056,2023-09-08,16:20:00,1,Collision with vehicle,5,Friday,132,RIGHT REAR.,2,791921,2,0,0,1,1,2,1,5,Not at intersection,3,50,Local Road,144.232595,-36.804224,20230908,BENDIGO
T20230021028,2023-09-08,11:40:00,4,Collision with a fixed object,6,Friday,181,OFF RIGHT BEND INTO OBJECT/PARKED VEHICLE,1,792072,2,0,0,1,2,3,1,5,Not at intersection,3,100,Local Road,144.511556,-36.755002,20230908,BENDIGO
T20230021419,2023-09-12,22:35:00,4,Collision with a fixed object,3,Tuesday,171,LEFT OFF CARRIAGEWAY INTO OBJECT/PARKED VEHICLE,5,799639,1,0,0,1,0,1,1,5,Not at intersection,3,100,Arterial Highway,144.135624,-36.772613,20230912,BENDIGO
T20230021486,2023-09-13,19:00:00,1,Collision with vehicle,4,Wednesday,160,VEHICLE COLLIDES WITH VEHICLE PARKED ON LEFT OF ROAD,3,790395,2,0,0,3,0,3,1,5,Not at intersection,3,60,Local Road,144.304377,-36.7655,20230913,BENDIGO
T20230021572,2023-09-14,18:15:00,4,Collision with a fixed object,5,Thursday,181,OFF RIGHT BEND INTO OBJECT/PARKED VEHICLE,2,796144,1,1,0,0,0,1,1,5,Not at intersection,1,80,Arterial Highway,144.205046,-36.69832,20230914,BENDIGO
T20230021611,2023-09-15,12:30:00,1,Collision with vehicle,5,Friday,173,RIGHT OFF CARRIAGEWAY INTO OBJECT/PARKED VEHICLE,1,791821,2,0,0,1,0,1,1,5,Not at intersection,3,40,Local Road,144.296603,-36.775058,20230915,BENDIGO
T20230021851,2023-09-18,12:40:00,1,Collision with vehicle,2,Monday,130,REAR END(VEHICLES IN SAME LANE),1,51553,2,0,0,1,3,4,1,2,T intersection,3,80,Arterial Highway,144.2112,-36.742748,20230918,BENDIGO
T20230026057,2023-09-20,06:10:00,3,Struck animal,3,Wednesday,167,STRUCK ANIMAL,2,800546,1,0,0,1,0,1,2,2,T intersection,3,100,Local Road,144.479123,-36.691961,20230920,BENDIGO
T20230022111,2023-09-21,10:58:00,1,Collision with vehicle,5,Thursday,110,CROSS TRAFFIC(INTERSECTIONS ONLY),1,19689,2,0,1,1,1,3,1,1,Cross intersection,2,60,Arterial Highway,144.501997,-36.786944,20230921,BENDIGO
T20230022147,2023-09-21,14:37:00,1,Collision with vehicle,4,Thursday,120,HEAD ON (NOT OVERTAKING),1,782056,2,0,0,1,3,4,1,5,Not at intersection,3,100,,144.607259,-36.908897,20230921,BENDIGO
T20230022140,2023-09-21,09:59:00,1,Collision with vehicle,4,Thursday,140,U TURN,1,781837,2,0,1,0,1,2,1,2,T intersection,2,80,Arterial Highway,144.389667,-36.771672,20230921,BENDIGO
T20230022386,2023-09-23,11:00:00,5,collision with some other object,7,Saturday,166,STRUCK OBJECT ON CARRIAGEWAY,1,781543,1,0,1,0,0,1,2,5,Not at intersection,2,999,Local Road,144.496045,-36.943907,20230923,BENDIGO
T20230022291,2023-09-23,10:40:00,1,Collision with vehicle,7,Saturday,110,CROSS TRAFFIC(INTERSECTIONS ONLY),1,225697,2,0,0,2,2,4,1,1,Cross intersection,3,999,Local Road,144.273846,-36.717782,20230923,BENDIGO
T20230023499,2023-09-28,12:52:00,1,Collision with vehicle,5,Thursday,121,RIGHT THROUGH,1,51701,2,0,1,1,0,2,1,2,T intersection,2,60,Local Road,144.288192,-36.779965,20230928,BENDIGO
T20230022755,2023-09-29,05:35:00,4,Collision with a fixed object,5,Friday,183,OFF LEFT BEND INTO OBJECT/PARKED VEHICLE,2,790782,1,0,1,0,0,1,1,5,Not at intersection,2,100,Arterial Other,144.479243,-36.9428,20230929,BENDIGO
T20230027069,2023-09-29,16:15:00,1,Collision with vehicle,6,Friday,110,CROSS TRAFFIC(INTERSECTIONS ONLY),1,19689,2,0,0,1,1,2,1,1,Cross intersection,3,60,Arterial Highway,144.501997,-36.786944,20230929,BENDIGO
T20230022805,2023-09-29,18:40:00,1,Collision with vehicle,6,Friday,111,RIGHT FAR (INTERSECTIONS ONLY),3,51671,2,0,1,0,1,2,1,2,T intersection,2,60,Local Road,144.291599,-36.770442,20230929,BENDIGO
T20230023006,2023-10-02,16:30:00,1,Collision with vehicle,1,Monday,116,LEFT NEAR (INTERSECTIONS ONLY),1,29979,2,0,0,1,1,2,1,1,Cross intersection,3,60,Arterial Highway,144.286027,-36.757177,20231002,BENDIGO
T20230022969,2023-10-02,12:00:00,1,Collision with vehicle,1,Monday,110,CROSS TRAFFIC(INTERSECTIONS ONLY),1,261099,2,0,0,1,1,2,1,1,Cross intersection,3,50,,144.263006,-36.728112,20231002,BENDIGO
T20230023178,2023-10-03,20:38:00,1,Collision with vehicle,3,Tuesday,121,RIGHT THROUGH,3,29983,2,0,0,1,1,2,1,1,Cross intersection,3,60,Arterial Highway,144.266509,-36.767121,20231003,BENDIGO
T20230023069,2023-10-03,08:34:00,1,Collision with vehicle,3,Tuesday,130,REAR END(VEHICLES IN SAME LANE),1,782071,2,0,0,1,3,4,1,2,T intersection,3,60,Arterial Highway,144.268404,-36.765417,20231003,BENDIGO
T20230023295,2023-10-05,03:00:00,1,Collision with vehicle,5,Thursday,121,RIGHT THROUGH,3,793424,5,0,0,2,1,3,1,5,Not at intersection,3,50,Local Road,144.280058,-36.749209,20231005,BENDIGO
T20230024362,2023-10-07,15:00:00,1,Collision with vehicle,7,Saturday,130,REAR END(VEHICLES IN SAME LANE),1,785468,3,0,0,1,2,3,2,5,Not at intersection,3,999,Local Road,144.283872,-36.647223,20231007,BENDIGO
T20230025993,2023-10-07,13:00:00,1,Collision with vehicle,6,Saturday,110,CROSS TRAFFIC(INTERSECTIONS ONLY),1,49318,2,0,0,1,2,3,1,1,Cross intersection,3,50,Arterial Highway,144.287376,-36.758373,20231007,BENDIGO
T20230023574,2023-10-09,17:39:00,1,Collision with vehicle,2,Monday,149,OTHER MANOEUVRING NOT INCLUDED IN DCAs 140-148,1,782734,2,0,0,1,1,2,1,5,Not at intersection,3,50,,144.205705,-36.742673,20231009,BENDIGO
T20230023603,2023-10-10,08:45:00,6,Vehicle overturned (no collision),3,Tuesday,184,OUT OF CONTROL ON CARRIAGEWAY (ON BEND),1,783764,1,0,1,0,0,1,1,5,Not at intersection,2,50,Local Road,144.270936,-36.747288,20231010,BENDIGO
T20230023607,2023-10-10,12:00:00,1,Collision with vehicle,3,Tuesday,142,LEAVING PARKING,1,791176,2,0,1,1,0,2,1,5,Not at intersection,2,60,Arterial Highway,144.258207,-36.730284,20231010,BENDIGO
T20230023614,2023-10-10,12:45:00,1,Collision with vehicle,3,Tuesday,130,REAR END(VEHICLES IN SAME LANE),1,782737,2,0,1,1,2,4,1,2,T intersection,2,60,Arterial Other,144.311068,-36.77328,20231010,BENDIGO
T20230023752,2023-10-10,18:54:00,1,Collision with vehicle,3,Tuesday,130,REAR END(VEHICLES IN SAME LANE),3,791686,2,0,0,1,1,2,2,5,Not at intersection,3,50,Arterial Highway,144.281332,-36.757589,20231010,BENDIGO
T20230023738,2023-10-11,17:05:00,1,Collision with vehicle,3,Wednesday,111,RIGHT FAR (INTERSECTIONS ONLY),1,29975,2,0,0,1,2,3,1,1,Cross intersection,3,60,,144.254326,-36.736315,20231011,BENDIGO
T20230025338,2023-10-12,15:15:00,1,Collision with vehicle,5,Thursday,137,LEFT TURN SIDESWIPE,1,785004,2,0,0,1,1,2,2,2,T intersection,3,40,Local Road,144.257408,-36.77026,20231012,BENDIGO
T20230023817,2023-10-12,15:53:00,1,Collision with vehicle,5,Thursday,120,HEAD ON (NOT OVERTAKING),1,785646,3,0,2,1,1,4,1,5,Not at intersection,2,60,Arterial Highway,144.258961,-36.772383,20231012,BENDIGO
T20230023901,2023-10-13,12:00:00,1,Collision with vehicle,6,Friday,147,VEHICLE STRIKES ANOTHER VEH WHILE EMERGING FROM DRIVEWAY,1,783771,2,0,0,1,2,3,2,5,Not at intersection,3,60,Local Road,144.30464,-36.77403,20231013,BENDIGO
T20230029518,2023-10-14,16:18:00,2,Struck Pedestrian,6,Saturday,100,PED NEAR SIDE. PED HIT BY VEHICLE FROM THE RIGHT.,1,801649,1,0,0,1,1,2,1,1,Cross intersection,3,50,Arterial Highway,144.302102,-36.735057,20231014,BENDIGO
T20230024243,2023-10-17,23:01:00,1,Collision with vehicle,2,Tuesday,110,CROSS TRAFFIC(INTERSECTIONS ONLY),3,59449,2,0,0,1,1,2,1,1,Cross intersection,3,60,Arterial Highway,144.334963,-36.663518,20231017,BENDIGO
T20230024609,2023-10-21,18:50:00,3,Struck animal,6,Saturday,167,STRUCK ANIMAL,1,784754,1,0,1,0,0,1,1,5,Not at intersection,2,60,Arterial Highway,144.302525,-36.734508,20231021,BENDIGO
T20230024688,2023-10-22,23:33:00,6,Vehicle overturned (no collision),1,Sunday,170,OFF CARRIAGEWAY TO LEFT,5,783569,1,0,1,1,0,2,1,5,Not at intersection,2,100,Local Road,144.341476,-36.938952,20231022,BENDIGO
T20230024770,2023-10-23,18:23:00,1,Collision with vehicle,1,Monday,120,HEAD ON (NOT OVERTAKING),1,805566,2,0,0,3,0,3,1,5,Not at intersection,3,100,Local Road,144.354109,-36.930513,20231023,BENDIGO
T20230024692,2023-10-23,05:21:00,4,Collision with a fixed object,2,Monday,171,LEFT OFF CARRIAGEWAY INTO OBJECT/PARKED VEHICLE,2,783663,1,0,0,1,0,1,1,5,Not at intersection,3,100,,144.180906,-36.808332,20231023,BENDIGO
T20230024895,2023-10-25,07:25:00,1,Collision with vehicle,3,Wednesday,121,RIGHT THROUGH,1,59717,2,0,0,1,2,3,1,2,T intersection,3,80,Arterial Highway,144.229358,-36.760402,20231025,BENDIGO
T20230025200,2023-10-28,10:06:00,4,Collision with a fixed object,6,Saturday,171,LEFT OFF CARRIAGEWAY INTO OBJECT/PARKED VEHICLE,1,789779,1,0,1,0,0,1,1,5,Not at intersection,2,100,Arterial Other,144.213734,-36.660969,20231028,BENDIGO
T20230025468,2023-10-31,17:26:00,1,Collision with vehicle,2,Tuesday,110,CROSS TRAFFIC(INTERSECTIONS ONLY),1,51649,2,0,1,0,2,3,1,1,Cross intersection,2,60,Local Road,144.265,-36.765143,20231031,BENDIGO
T20230025476,2023-10-31,17:57:00,1,Collision with vehicle,3,Tuesday,132,RIGHT REAR.,2,784944,2,0,1,1,1,3,1,5,Not at intersection,2,80,Arterial Highway,144.209405,-36.742462,20231031,BENDIGO
T20230027010,2023-10-31,15:50:00,1,Collision with vehicle,2,Tuesday,130,REAR END(VEHICLES IN SAME LANE),1,663834,2,0,0,1,1,2,2,1,Cross intersection,3,60,Arterial Highway,144.315003,-36.710869,20231031,BENDIGO
T20230025644,2023-11-02,14:48:00,1,Collision with vehicle,5,Thursday,121,RIGHT THROUGH,1,786209,2,0,0,2,1,3,1,2,T intersection,3,60,Arterial Highway,144.257809,-36.731072,20231102,BENDIGO
T20230025848,2023-11-04,20:49:00,4,Collision with a fixed object,6,Saturday,181,OFF RIGHT BEND INTO OBJECT/PARKED VEHICLE,3,793078,1,0,0,1,0,1,1,5,Not at intersection,3,60,Local Road,144.265939,-36.713327,20231104,BENDIGO
T20230025823,2023-11-04,16:15:00,1,Collision with vehicle,7,Saturday,121,RIGHT THROUGH,1,51570,2,0,1,0,1,2,1,1,Cross intersection,2,60,Arterial Highway,144.290752,-36.749779,20231104,BENDIGO
T20230025929,2023-11-05,18:30:00,1,Collision with vehicle,0,Sunday,147,VEHICLE STRIKES ANOTHER VEH WHILE EMERGING FROM DRIVEWAY,1,793110,2,0,0,1,2,3,1,5,Not at intersection,3,888,Arterial Highway,144.247343,-36.783868,20231105,BENDIGO
T20230029009,2023-11-06,09:40:00,1,Collision with vehicle,1,Monday,130,REAR END(VEHICLES IN SAME LANE),1,51561,2,0,0,1,1,2,1,1,Cross intersection,3,60,Arterial Highway,144.258109,-36.746919,20231106,BENDIGO
T20230026003,2023-11-06,13:15:00,4,Collision with a fixed object,2,Monday,173,RIGHT OFF CARRIAGEWAY INTO OBJECT/PARKED VEHICLE,1,793099,1,0,1,0,0,1,1,5,Not at intersection,2,100,Arterial Highway,144.426944,-36.644259,20231106,BENDIGO
T20230026002,2023-11-06,14:00:00,4,Collision with a fixed object,1,Monday,171,LEFT OFF CARRIAGEWAY INTO OBJECT/PARKED VEHICLE,1,790060,1,0,1,0,0,1,1,5,Not at intersection,2,100,Local Road,144.168041,-36.545526,20231106,BENDIGO
T20230026226,2023-11-08,17:35:00,6,Vehicle overturned (no collision),4,Wednesday,172,OFF CARRIAGEWAY TO RIGHT,1,788125,1,0,0,1,0,1,1,5,Not at intersection,3,100,Local Road,144.462268,-36.761328,20231108,BENDIGO
T20230026256,2023-11-09,13:38:00,6,Vehicle overturned (no collision),4,Thursday,174,OUT OF CONTROL ON CARRIAGEWAY (ON STRAIGHT),1,786235,1,0,1,0,0,1,1,5,Not at intersection,2,60,Arterial Highway,144.252476,-36.777619,20231109,BENDIGO
T20230026565,2023-11-12,14:56:00,1,Collision with vehicle,1,Sunday,120,HEAD ON (NOT OVERTAKING),1,795347,3,2,0,0,2,4,1,2,T intersection,1,100,Arterial Highway,144.457537,-36.630379,20231112,BENDIGO
T20230026753,2023-11-13,09:00:00,1,Collision with vehicle,1,Monday,130,REAR END(VEHICLES IN SAME LANE),1,803405,3,0,0,2,1,3,2,1,Cross intersection,3,50,Arterial Other,144.287342,-36.758445,20231113,BENDIGO
T20230026869,2023-11-15,17:53:00,2,Struck Pedestrian,4,Wednesday,102,FAR SIDE. PED HIT BY VEHICLE FROM THE LEFT,1,788146,1,0,1,0,1,2,1,5,Not at intersection,2,50,Local Road,144.277912,-36.75938,20231115,BENDIGO
T20230027060,2023-11-17,16:02:00,4,Collision with a fixed object,6,Friday,181,OFF RIGHT BEND INTO OBJECT/PARKED VEHICLE,1,788155,1,0,0,1,0,1,1,5,Not at intersection,3,100,Arterial Highway,144.57864,-36.806447,20231117,BENDIGO
T20230027153,2023-11-18,18:45:00,1,Collision with vehicle,7,Saturday,121,RIGHT THROUGH,1,662124,3,0,0,2,4,6,1,2,T intersection,3,60,Arterial Highway,144.266784,-36.756105,20231118,BENDIGO
T20230027203,2023-11-19,12:47:00,1,Collision with vehicle,0,Sunday,132,RIGHT REAR.,1,59456,2,0,0,1,5,6,1,2,T intersection,3,60,Arterial Highway,144.324317,-36.672533,20231119,BENDIGO
T20230027229,2023-11-19,14:15:00,4,Collision with a fixed object,0,Sunday,171,LEFT OFF CARRIAGEWAY INTO OBJECT/PARKED VEHICLE,1,794833,1,0,1,0,0,1,1,5,Not at intersection,2,100,Local Road,144.746152,-36.862526,20231119,BENDIGO
T20230028212,2023-11-21,16:42:00,1,Collision with vehicle,2,Tuesday,111,RIGHT FAR (INTERSECTIONS ONLY),1,29979,2,0,0,1,1,2,1,1,Cross intersection,3,60,Arterial Highway,144.286027,-36.757177,20231121,BENDIGO
T20230027475,2023-11-22,13:50:00,4,Collision with a fixed object,4,Wednesday,141,U TURN INTO FIXED OBJECT/PARKED VEHICLE,1,788982,1,0,0,1,0,1,1,2,T intersection,3,50,Local Road,144.300048,-36.757362,20231122,BENDIGO
T20230030692,2023-11-24,09:30:00,1,Collision with vehicle,6,Friday,120,HEAD ON (NOT OVERTAKING),1,794300,2,0,1,1,1,3,1,2,T intersection,2,60,Arterial Other,144.256453,-36.746806,20231124,BENDIGO
T20230027665,2023-11-24,16:00:00,1,Collision with vehicle,5,Friday,148,VEHICLE OFF FOOTPATH STRIKES VEH ON CARRIAGEWAY,1,788988,2,0,0,1,1,2,1,2,T intersection,3,50,Local Road,144.321694,-36.70481,20231124,BENDIGO
T20230029699,2023-11-24,13:00:00,1,Collision with vehicle,6,Friday,110,CROSS TRAFFIC(INTERSECTIONS ONLY),1,59874,2,0,1,0,3,4,2,1,Cross intersection,2,50,Local Road,144.24381,-36.803243,20231124,BENDIGO
T20230027984,2023-11-27,16:11:00,2,Struck Pedestrian,2,Monday,102,FAR SIDE. PED HIT BY VEHICLE FROM THE LEFT,1,789839,1,0,0,1,1,2,1,5,Not at intersection,3,40,Arterial Other,144.28259,-36.76337,20231127,BENDIGO
T20230028385,2023-12-01,19:45:00,1,Collision with vehicle,5,Friday,110,CROSS TRAFFIC(INTERSECTIONS ONLY),3,51529,2,0,0,1,1,2,1,1,Cross intersection,3,60,Arterial Highway,144.258361,-36.729924,20231201,BENDIGO
T20230028469,2023-12-02,16:46:00,1,Collision with vehicle,7,Saturday,110,CROSS TRAFFIC(INTERSECTIONS ONLY),1,19689,2,0,0,1,1,2,1,1,Cross intersection,3,60,Arterial Highway,144.501997,-36.786944,20231202,BENDIGO
T20240004378,2023-12-02,17:30:00,6,Vehicle overturned (no collision),6,Saturday,180,OFF CARRIAGEWAY ON RIGHT BEND,1,798557,1,0,0,1,0,1,2,5,Not at intersection,3,100,Local Road,144.263763,-36.816718,20231202,BENDIGO
T20230028528,2023-12-03,13:15:00,1,Collision with vehicle,0,Sunday,136,RIGHT TURN SIDESWIPE,1,59925,2,0,1,0,1,2,2,2,T intersection,2,70,Arterial Highway,144.71597,-36.933375,20231203,BENDIGO
T20230029552,2023-12-06,10:15:00,1,Collision with vehicle,4,Wednesday,110,CROSS TRAFFIC(INTERSECTIONS ONLY),1,681396,2,0,0,1,2,3,1,1,Cross intersection,3,60,Arterial Other,144.30364,-36.730842,20231206,BENDIGO
T20230029291,2023-12-07,17:00:00,1,Collision with vehicle,5,Thursday,130,REAR END(VEHICLES IN SAME LANE),1,51549,2,0,1,0,1,2,2,2,T intersection,2,60,Arterial Highway,144.296573,-36.742254,20231207,BENDIGO
T20230029003,2023-12-08,12:10:00,1,Collision with vehicle,6,Friday,130,REAR END(VEHICLES IN SAME LANE),1,791378,3,0,0,1,4,5,1,2,T intersection,3,60,Local Road,144.291162,-36.77161,20231208,BENDIGO
T20230029183,2023-12-09,23:07:00,4,Collision with a fixed object,6,Saturday,173,RIGHT OFF CARRIAGEWAY INTO OBJECT/PARKED VEHICLE,3,795460,1,0,0,1,0,1,1,2,T intersection,3,50,Arterial Other,144.363822,-36.807401,20231209,BENDIGO
T20230029356,2023-12-12,05:00:00,3,Struck animal,2,Tuesday,167,STRUCK ANIMAL,3,792187,1,0,1,0,0,1,1,5,Not at intersection,2,60,Local Road,144.228103,-36.779949,20231212,BENDIGO
T20240000684,2023-12-13,14:38:00,1,Collision with vehicle,3,Wednesday,140,U TURN,1,795899,2,0,0,2,0,2,2,5,Not at intersection,3,999,Local Road,144.285603,-36.761394,20231213,BENDIGO
T20230029644,2023-12-14,20:00:00,1,Collision with vehicle,4,Thursday,140,U TURN,2,805313,2,0,1,3,0,4,1,2,T intersection,2,100,Arterial Other,144.221886,-36.677434,20231214,BENDIGO
T20230030005,2023-12-18,15:50:00,1,Collision with vehicle,2,Monday,120,HEAD ON (NOT OVERTAKING),1,803255,2,1,0,0,1,2,1,5,Not at intersection,1,100,Arterial Highway,144.155487,-36.826836,20231218,BENDIGO
T20230030185,2023-12-20,20:30:00,1,Collision with vehicle,4,Wednesday,130,REAR END(VEHICLES IN SAME LANE),2,795687,2,0,0,3,2,5,1,5,Not at intersection,3,100,Arterial Highway,144.38433,-36.771953,20231220,BENDIGO
T20230030102,2023-12-20,04:34:00,2,Struck Pedestrian,4,Wednesday,100,PED NEAR SIDE. PED HIT BY VEHICLE FROM THE RIGHT.,5,793413,1,0,0,1,1,2,1,5,Not at intersection,3,60,Local Road,144.302452,-36.740833,20231220,BENDIGO
T20230030351,2023-12-22,14:15:00,1,Collision with vehicle,6,Friday,121,RIGHT THROUGH,1,588708,2,0,1,0,3,4,1,1,Cross intersection,2,60,Arterial Highway,144.268133,-36.758367,20231222,BENDIGO
T20230030333,2023-12-22,11:45:00,1,Collision with vehicle,6,Friday,110,CROSS TRAFFIC(INTERSECTIONS ONLY),1,225697,2,0,0,2,1,3,1,1,Cross intersection,3,60,Local Road,144.273846,-36.717782,20231222,BENDIGO
T20230030432,2023-12-22,21:10:00,1,Collision with vehicle,6,Friday,110,CROSS TRAFFIC(INTERSECTIONS ONLY),3,51485,2,0,3,0,0,3,1,1,Cross intersection,2,60,Arterial Highway,144.609363,-36.493338,20231222,BENDIGO
T20240005120,2023-12-25,11:00:00,4,Collision with a fixed object,1,Monday,171,LEFT OFF CARRIAGEWAY INTO OBJECT/PARKED VEHICLE,1,804677,1,0,0,1,2,3,1,5,Not at intersection,3,100,Arterial Highway,144.154911,-36.624866,20231225,BENDIGO
T20240000393,2023-12-27,14:30:00,1,Collision with vehicle,3,Wednesday,130,REAR END(VEHICLES IN SAME LANE),1,803512,2,0,0,1,3,4,2,5,Not at intersection,3,70,Arterial Highway,144.316228,-36.704794,20231227,BENDIGO
T20240000122,2023-12-28,11:30:00,6,Vehicle overturned (no collision),5,Thursday,174,OUT OF CONTROL ON CARRIAGEWAY (ON STRAIGHT),1,794971,1,0,1,0,0,1,2,5,Not at intersection,2,100,Local Road,144.592547,-36.758027,20231228,BENDIGO
T20230030770,2023-12-28,11:50:00,4,Collision with a fixed object,5,Thursday,171,LEFT OFF CARRIAGEWAY INTO OBJECT/PARKED VEHICLE,1,794309,1,0,0,1,0,1,1,5,Not at intersection,3,100,Local Road,144.665404,-36.890678,20231228,BENDIGO
T20240000525,2023-12-28,14:30:00,1,Collision with vehicle,4,Thursday,130,REAR END(VEHICLES IN SAME LANE),1,795892,2,0,0,1,1,2,2,5,Not at intersection,3,50,Arterial Highway,144.243737,-36.797568,20231228,BENDIGO
T20240000137,2023-12-31,23:11:00,7,Fall from or in moving vehicle,1,Sunday,190,FELL IN/FROM VEHICLE,3,799848,1,0,0,1,1,2,2,5,Not at intersection,3,50,Local Road,144.304513,-36.760879,20231231,BENDIGO